$MeshFormat
4.1 0 8
$EndMeshFormat
$PhysicalNames
11
2 2 "A"
2 3 "B"
2 4 "C"
2 5 "D"
2 6 "E"
2 7 "F"
2 8 "G"
2 9 "H"
2 10 "I"
2 11 "J"
3 1 "Domain"
$EndPhysicalNames
$Entities
18 24 10 1
1 0 0 0 0 
2 1000 0 0 0 
3 1000 400 0 0 
4 0 400 0 0 
5 500 200 0 0 
6 575 200 0 0 
7 500 275 0 0 
8 425 200 0 0 
9 500 125 0 0 
10 0 0 50 0 
11 1000 0 50 0 
15 1000 400 50 0 
19 0 400 50 0 
26 575 200 50 0 
27 500 200 50 0 
28 500 125 50 0 
33 425 200 50 0 
38 500 275 50 0 
1 0 0 0 1000 0 0 0 2 1 -2 
2 1000 0 0 1000 400 0 0 2 2 -3 
3 0 400 0 1000 400 0 0 2 3 -4 
4 0 0 0 0 400 0 0 2 4 -1 
5 500 200 0 575 275 0 0 2 6 -7 
6 425 200 0 500 275 0 0 2 7 -8 
7 425 125 0 500 200 0 0 2 8 -9 
8 500 125 0 575 200 0 0 2 9 -6 
10 0 0 50 1000 0 50 0 2 10 -11 
11 1000 0 50 1000 400 50 0 2 11 -15 
12 0 400 50 1000 400 50 0 2 15 -19 
13 0 0 50 0 400 50 0 2 19 -10 
14 500 125 50 575 200 50 0 2 26 -28 
15 425 125 50 500 200 50 0 2 28 -33 
16 425 200 50 500 275 50 0 2 33 -38 
17 500 200 50 575 275 50 0 2 38 -26 
19 0 0 0 0 0 50 0 2 1 -10 
20 1000 0 0 1000 0 50 0 2 2 -11 
24 1000 400 0 1000 400 50 0 2 3 -15 
28 0 400 0 0 400 50 0 2 4 -19 
35 575 200 0 575 200 50 0 2 6 -26 
36 500 125 0 500 125 50 0 2 9 -28 
40 425 200 0 425 200 50 0 2 8 -33 
44 500 275 0 500 275 50 0 2 7 -38 
1 0 0 0 1000 400 0 1 2 8 1 2 3 4 -8 -7 -6 -5 
21 0 0 0 1000 0 50 1 4 4 1 20 -10 -19 
25 1000 0 0 1000 400 50 1 5 4 2 24 -11 -20 
29 0 400 0 1000 400 50 1 6 4 3 28 -12 -24 
33 0 0 0 0 400 50 1 7 4 4 19 -13 -28 
37 500 125 0 575 200 50 1 8 4 -8 36 -14 -35 
41 425 125 0 500 200 50 1 9 4 -7 40 -15 -36 
45 425 200 0 500 275 50 1 10 4 -6 44 -16 -40 
49 500 200 0 575 275 50 1 11 4 -5 35 -17 -44 
50 0 0 50 1000 400 50 1 3 8 10 11 12 13 14 15 16 17 
1 0 0 0 1000 400 50 1 1 10 -1 50 21 25 29 33 -37 -41 -45 -49 
$EndEntities
$Nodes
51 2161 1 2161
0 1 0 1
1
0 0 0
0 2 0 1
2
1000 0 0
0 3 0 1
3
1000 400 0
0 4 0 1
4
0 400 0
0 6 0 1
5
575 200 0
0 7 0 1
6
500 275 0
0 8 0 1
7
425 200 0
0 9 0 1
8
500 125 0
0 10 0 1
9
0 0 50
0 11 0 1
10
1000 0 50
0 15 0 1
11
1000 400 50
0 19 0 1
12
0 400 50
0 26 0 1
13
575 200 50
0 28 0 1
14
500 125 50
0 33 0 1
15
425 200 50
0 38 0 1
16
500 275 50
1 1 0 39
17
18
19
20
21
22
23
24
25
26
27
28
29
30
31
32
33
34
35
36
37
38
39
40
41
42
43
44
45
46
47
48
49
50
51
52
53
54
55
24.99999999998769 0 0
49.99999999996727 0 0
74.99999999995586 0 0
99.99999999996501 0 0
124.9999999999714 0 0
149.9999999999178 0 0
174.9999999998559 0 0
199.999999999794 0 0
224.9999999997321 0 0
249.9999999996702 0 0
274.9999999996682 0 0
299.9999999996773 0 0
324.9999999996865 0 0
349.9999999996956 0 0
374.9999999997048 0 0
399.9999999997139 0 0
424.9999999997231 0 0
449.9999999997322 0 0
474.9999999997414 0 0
499.9999999997617 0 0
524.9999999998263 0 0
549.9999999998354 0 0
574.9999999998445 0 0
599.9999999998537 0 0
624.9999999998628 0 0
649.9999999998719 0 0
674.9999999998811 0 0
699.9999999998903 0 0
724.9999999998994 0 0
749.9999999999085 0 0
774.9999999999177 0 0
799.9999999999268 0 0
824.9999999999359 0 0
849.9999999999451 0 0
874.9999999999542 0 0
899.9999999999634 0 0
924.9999999999725 0 0
949.9999999999817 0 0
974.9999999999908 0 0
1 2 0 15
56
57
58
59
60
61
62
63
64
65
66
67
68
69
70
1000 24.99999999989821 0
1000 49.9999999998108 0
1000 74.99999999968247 0
1000 99.99999999955274 0
1000 124.999999999423 0
1000 149.9999999993766 0
1000 174.9999999993356 0
1000 199.9999999992947 0
1000 224.9999999992538 0
1000 249.9999999992129 0
1000 274.9999999993163 0
1000 299.9999999994531 0
1000 324.9999999995898 0
1000 349.9999999997265 0
1000 374.9999999998633 0
1 3 0 39
71
72
73
74
75
76
77
78
79
80
81
82
83
84
85
86
87
88
89
90
91
92
93
94
95
96
97
98
99
100
101
102
103
104
105
106
107
108
109
975.0000000000017 400 0
950.0000000000033 400 0
925.000000000005 400 0
900.0000000000067 400 0
875.0000000000083 400 0
850.00000000001 400 0
825.0000000000117 400 0
800.0000000000133 400 0
775.000000000015 400 0
750.0000000000166 400 0
725.0000000000184 400 0
700.00000000002 400 0
675.0000000000217 400 0
650.0000000000234 400 0
625.000000000025 400 0
600.0000000000266 400 0
575.0000000000283 400 0
550.00000000003 400 0
525.0000000000316 400 0
500.0000000000222 400 0
474.9999999999683 400 0
449.9999999999701 400 0
424.9999999999717 400 0
399.9999999999735 400 0
374.999999999975 400 0
349.9999999999768 400 0
324.9999999999784 400 0
299.9999999999801 400 0
274.9999999999818 400 0
249.9999999999834 400 0
224.9999999999851 400 0
199.9999999999867 400 0
174.9999999999883 400 0
149.99999999999 400 0
124.9999999999917 400 0
99.99999999999341 400 0
74.99999999999511 400 0
49.99999999999659 400 0
24.99999999999841 400 0
1 4 0 15
110
111
112
113
114
115
116
117
118
119
120
121
122
123
124
0 375.0000000001776 0
0 350.0000000003553 0
0 325.0000000005329 0
0 300.0000000007105 0
0 275.0000000008882 0
0 250.0000000010325 0
0 225.0000000010325 0
0 200.0000000010325 0
0 175.0000000010325 0
0 150.0000000010325 0
0 125.0000000008882 0
0 100.0000000007105 0
0 75.00000000053291 0
0 50.00000000035527 0
0 25.00000000017764 0
1 5 0 4
125
126
127
128
571.3292387238274 223.1762745729171 0
560.67627454071 244.0838939734273 0
544.0838938399742 260.6762746376694 0
523.1762744904576 271.3292387506201 0
1 6 0 4
129
130
131
132
476.8237253177874 271.3292386883151 0
455.9161058907547 260.6762744420325 0
439.3237253298264 244.083893795236 0
428.6707612483145 223.1762744871787 0
1 7 0 4
133
134
135
136
428.670761306725 176.8237253330522 0
439.3237255472328 155.9161059055297 0
455.9161062091734 139.3237253266228 0
476.8237254845651 128.6707612574955 0
1 8 0 4
137
138
139
140
523.1762747595461 128.6707613368121 0
544.0838941014335 139.3237255522919 0
560.6762746950044 155.9161062389406 0
571.329238762892 176.8237255473116 0
1 10 0 39
141
142
143
144
145
146
147
148
149
150
151
152
153
154
155
156
157
158
159
160
161
162
163
164
165
166
167
168
169
170
171
172
173
174
175
176
177
178
179
24.99999999998769 0 50
49.99999999996727 0 50
74.99999999995586 0 50
99.99999999996501 0 50
124.9999999999714 0 50
149.9999999999178 0 50
174.9999999998559 0 50
199.999999999794 0 50
224.9999999997321 0 50
249.9999999996702 0 50
274.9999999996682 0 50
299.9999999996773 0 50
324.9999999996865 0 50
349.9999999996956 0 50
374.9999999997048 0 50
399.9999999997139 0 50
424.9999999997231 0 50
449.9999999997322 0 50
474.9999999997414 0 50
499.9999999997617 0 50
524.9999999998263 0 50
549.9999999998354 0 50
574.9999999998445 0 50
599.9999999998537 0 50
624.9999999998628 0 50
649.9999999998719 0 50
674.9999999998811 0 50
699.9999999998903 0 50
724.9999999998994 0 50
749.9999999999085 0 50
774.9999999999177 0 50
799.9999999999268 0 50
824.9999999999359 0 50
849.9999999999451 0 50
874.9999999999542 0 50
899.9999999999634 0 50
924.9999999999725 0 50
949.9999999999817 0 50
974.9999999999908 0 50
1 11 0 15
180
181
182
183
184
185
186
187
188
189
190
191
192
193
194
1000 24.99999999989821 50
1000 49.9999999998108 50
1000 74.99999999968247 50
1000 99.99999999955274 50
1000 124.999999999423 50
1000 149.9999999993766 50
1000 174.9999999993356 50
1000 199.9999999992947 50
1000 224.9999999992538 50
1000 249.9999999992129 50
1000 274.9999999993163 50
1000 299.9999999994531 50
1000 324.9999999995898 50
1000 349.9999999997265 50
1000 374.9999999998633 50
1 12 0 39
195
196
197
198
199
200
201
202
203
204
205
206
207
208
209
210
211
212
213
214
215
216
217
218
219
220
221
222
223
224
225
226
227
228
229
230
231
232
233
975.0000000000017 400 50
950.0000000000033 400 50
925.000000000005 400 50
900.0000000000067 400 50
875.0000000000083 400 50
850.00000000001 400 50
825.0000000000117 400 50
800.0000000000133 400 50
775.000000000015 400 50
750.0000000000166 400 50
725.0000000000184 400 50
700.00000000002 400 50
675.0000000000217 400 50
650.0000000000234 400 50
625.000000000025 400 50
600.0000000000266 400 50
575.0000000000283 400 50
550.00000000003 400 50
525.0000000000316 400 50
500.0000000000222 400 50
474.9999999999683 400 50
449.9999999999701 400 50
424.9999999999717 400 50
399.9999999999735 400 50
374.999999999975 400 50
349.9999999999768 400 50
324.9999999999784 400 50
299.9999999999801 400 50
274.9999999999818 400 50
249.9999999999834 400 50
224.9999999999851 400 50
199.9999999999867 400 50
174.9999999999883 400 50
149.99999999999 400 50
124.9999999999917 400 50
99.99999999999341 400 50
74.99999999999511 400 50
49.99999999999659 400 50
24.99999999999841 400 50
1 13 0 15
234
235
236
237
238
239
240
241
242
243
244
245
246
247
248
0 375.0000000001776 50
0 350.0000000003553 50
0 325.0000000005329 50
0 300.0000000007105 50
0 275.0000000008882 50
0 250.0000000010325 50
0 225.0000000010325 50
0 200.0000000010325 50
0 175.0000000010325 50
0 150.0000000010325 50
0 125.0000000008882 50
0 100.0000000007105 50
0 75.00000000053291 50
0 50.00000000035527 50
0 25.00000000017764 50
1 14 0 4
249
250
251
252
571.3292387213627 176.8237254194973 50
560.6762744887449 155.9161059550487 50
544.083893762799 139.3237253062595 50
523.1762744700613 128.6707612427527 50
1 15 0 4
253
254
255
256
476.8237253146697 128.6707613126979 50
455.916105842831 139.3237255927861 50
439.3237252742234 155.916106281295 50
428.6707612320198 176.8237255629713 50
1 16 0 4
257
258
259
260
428.6707613004799 223.1762746477271 50
439.3237255553561 244.0838941056511 50
455.9161062326444 260.6762746904299 50
476.8237254908975 271.329238744562 50
1 17 0 4
261
262
263
264
523.1762746871799 271.3292386867012 50
544.083894171617 260.6762743967168 50
560.6762747579244 244.0838936744575 50
571.3292387793972 223.1762744018909 50
1 19 0 1
265
0 0 24.99999999991184
1 20 0 1
266
1000 0 24.99999999991184
1 24 0 1
267
1000 400 24.99999999991184
1 28 0 1
268
0 400 24.99999999991184
1 35 0 1
269
575 200 24.99999999991184
1 36 0 1
270
500 125 24.99999999991184
1 40 0 1
271
425 200 24.99999999991184
1 44 0 1
272
500 275 24.99999999991184
2 1 0 686
273
274
275
276
277
278
279
280
281
282
283
284
285
286
287
288
289
290
291
292
293
294
295
296
297
298
299
300
301
302
303
304
305
306
307
308
309
310
311
312
313
314
315
316
317
318
319
320
321
322
323
324
325
326
327
328
329
330
331
332
333
334
335
336
337
338
339
340
341
342
343
344
345
346
347
348
349
350
351
352
353
354
355
356
357
358
359
360
361
362
363
364
365
366
367
368
369
370
371
372
373
374
375
376
377
378
379
380
381
382
383
384
385
386
387
388
389
390
391
392
393
394
395
396
397
398
399
400
401
402
403
404
405
406
407
408
409
410
411
412
413
414
415
416
417
418
419
420
421
422
423
424
425
426
427
428
429
430
431
432
433
434
435
436
437
438
439
440
441
442
443
444
445
446
447
448
449
450
451
452
453
454
455
456
457
458
459
460
461
462
463
464
465
466
467
468
469
470
471
472
473
474
475
476
477
478
479
480
481
482
483
484
485
486
487
488
489
490
491
492
493
494
495
496
497
498
499
500
501
502
503
504
505
506
507
508
509
510
511
512
513
514
515
516
517
518
519
520
521
522
523
524
525
526
527
528
529
530
531
532
533
534
535
536
537
538
539
540
541
542
543
544
545
546
547
548
549
550
551
552
553
554
555
556
557
558
559
560
561
562
563
564
565
566
567
568
569
570
571
572
573
574
575
576
577
578
579
580
581
582
583
584
585
586
587
588
589
590
591
592
593
594
595
596
597
598
599
600
601
602
603
604
605
606
607
608
609
610
611
612
613
614
615
616
617
618
619
620
621
622
623
624
625
626
627
628
629
630
631
632
633
634
635
636
637
638
639
640
641
642
643
644
645
646
647
648
649
650
651
652
653
654
655
656
657
658
659
660
661
662
663
664
665
666
667
668
669
670
671
672
673
674
675
676
677
678
679
680
681
682
683
684
685
686
687
688
689
690
691
692
693
694
695
696
697
698
699
700
701
702
703
704
705
706
707
708
709
710
711
712
713
714
715
716
717
718
719
720
721
722
723
724
725
726
727
728
729
730
731
732
733
734
735
736
737
738
739
740
741
742
743
744
745
746
747
748
749
750
751
752
753
754
755
756
757
758
759
760
761
762
763
764
765
766
767
768
769
770
771
772
773
774
775
776
777
778
779
780
781
782
783
784
785
786
787
788
789
790
791
792
793
794
795
796
797
798
799
800
801
802
803
804
805
806
807
808
809
810
811
812
813
814
815
816
817
818
819
820
821
822
823
824
825
826
827
828
829
830
831
832
833
834
835
836
837
838
839
840
841
842
843
844
845
846
847
848
849
850
851
852
853
854
855
856
857
858
859
860
861
862
863
864
865
866
867
868
869
870
871
872
873
874
875
876
877
878
879
880
881
882
883
884
885
886
887
888
889
890
891
892
893
894
895
896
897
898
899
900
901
902
903
904
905
906
907
908
909
910
911
912
913
914
915
916
917
918
919
920
921
922
923
924
925
926
927
928
929
930
931
932
933
934
935
936
937
938
939
940
941
942
943
944
945
946
947
948
949
950
951
952
953
954
955
956
957
958
211.6896599020211 19.24711079095225 0
788.8658341475373 379.6563510418952 0
762.499999999913 21.65063509461884 0
238.4358974129968 377.6978048969628 0
977.2708168183967 188.3413832801089 0
20.7719008461436 213.1080146991102 0
593.2809975780737 218.4778468546297 0
406.0353931077857 186.3913214530506 0
838.1576156009507 20.27485820268608 0
164.8840423619468 378.6037948957182 0
979.8257322256683 262.5973924467231 0
21.65063509467346 137.5000000009603 0
712.2051842678221 378.5563396563213 0
287.5332775390285 21.36245289559189 0
685.8633945400564 23.34124060805189 0
312.7959781744365 378.2400648548037 0
137.1188847322366 20.34578965814206 0
863.1467084883807 378.0152941755252 0
584.1092861579122 157.144178397338 0
416.0802150970042 241.661482483137 0
977.7662156024199 116.8871389316702 0
20.50377561171021 285.2609659158082 0
362.0623396319065 21.37004397974173 0
636.700306050116 379.2816341318151 0
613.8292354899659 22.68103196200941 0
387.6476602757559 378.3488400788084 0
431.182208716813 136.450569956735 0
570.2121224098219 263.679355518506 0
912.5008546614523 21.19845007478185 0
87.49999999999426 378.3493649053905 0
546.9437854047097 117.5083585931656 0
460.0956843562445 286.343367679378 0
439.2175796717531 20.46843452811909 0
562.9923424082166 380.0256233525984 0
979.3123156096574 312.0231129408882 0
21.65045720765679 87.50223561199432 0
87.82005263513963 19.87260194203191 0
912.076809605881 378.5937074098895 0
513.3964674161463 375.8489539179413 0
487.1800413384122 21.69913153241781 0
560.1545947934293 22.0675739473994 0
437.4109505579087 379.8232690390067 0
515.0539204893851 290.0781508580707 0
486.3174526023529 107.2638870618702 0
982.9102831308178 62.90129694069076 0
19.94625154249058 337.3534161724702 0
18.69187318597297 36.99321558405992 0
977.6341872271837 362.2601799225974 0
585.7232167970077 243.5146764119247 0
608.136078866782 235.1355418757159 0
617.3930699010301 213.7752319082254 0
631.9023190154039 232.0065903908248 0
640.9369827572783 209.6957737845131 0
655.6501705294122 228.7614998149062 0
664.8089210341179 206.1948357391341 0
679.4938095571738 225.5577269677302 0
688.8123929676491 202.8109826621193 0
703.433872008115 222.5448273305759 0
712.9598249495011 199.5599133562699 0
727.712649472466 219.4630741521868 0
737.2540457378557 196.6865582778174 0
752.2129082711441 216.2092681757323 0
761.6389973131319 193.4563756365076 0
776.6536152411539 212.9956523930041 0
786.07315339434 190.1905164111686 0
801.1330073800697 209.7787304796597 0
810.5662590423491 186.9214052701284 0
673.7726214489785 183.3671899341161 0
825.6504888609712 206.5487089531473 0
835.1196986260812 183.6821110415049 0
816.1480488175195 229.4224531579624 0
746.6147884550918 173.9512057768981 0
742.41384725612 239.2911118367695 0
820.0055462971028 164.0317014656824 0
844.5955979092259 160.7843888968942 0
840.7349926151667 226.1848076214578 0
670.2267772555948 247.9714719893451 0
831.2073148712916 249.1023829630885 0
855.8490135529347 245.8482378083149 0
829.469096714897 141.122177921249 0
854.0705646936418 137.8466499108214 0
869.2099008756209 157.5403661664621 0
846.3407691586227 268.7910973210561 0
821.6666144441342 272.0346471873703 0
870.9787203685744 265.5562788103134 0
880.49052521256 242.5815677608867 0
878.7007954600141 134.573715397813 0
623.0061448218023 254.3521922614979 0
863.5447668347498 114.8667299937695 0
888.2037826696261 111.5832112126888 0
836.814410757268 291.7419579101521 0
812.1523779629906 294.9779390534825 0
893.8518448404268 154.2880654475398 0
895.6399759485176 262.3119250131163 0
886.1184169293143 285.3034722294582 0
905.1302728698456 239.3303580808745 0
873.0249299809085 91.85535168484397 0
848.3898509008973 95.18891236388653 0
804.8823036615463 144.3861431066135 0
897.7336084703535 88.70402267743688 0
827.2961870060985 314.717138986373 0
910.8073252872873 282.0605777449726 0
901.2701342644328 305.0802539429766 0
802.6941554935408 317.897090237421 0
787.5092512771762 298.1995043469687 0
777.9241956538891 320.1163656361613 0
762.8598909482691 301.2783831501515 0
753.2225345745279 323.163385138459 0
738.2604570370661 304.4678593567755 0
912.8950100197751 108.3305991914682 0
884.3337617857836 177.2683742391933 0
909.0041295256348 173.9875535881886 0
626.6351100342674 191.4654744161943 0
883.8613821912447 68.19664744950194 0
922.4461488089761 85.44443491639987 0
729.4225469185433 328.5313335046464 0
713.7590460197653 307.8859657056214 0
705.4573656367488 332.1036615262617 0
689.520465616499 311.3714823998079 0
680.9704402350264 334.712641996881 0
665.1444076849511 314.5597888808148 0
817.8430144297697 337.6642531053292 0
926.9876360009102 302.0696490335101 0
917.5100057640996 324.0757012067703 0
892.8484174949551 332.3986597672227 0
723.2248445034062 285.0825159288229 0
814.3374798231422 121.4725501051188 0
789.7517049741975 124.7317391769675 0
799.2100777857972 101.8122612297597 0
774.617168547699 105.0752389544936 0
784.0781048549527 82.14901580748074 0
759.507377042281 85.57381388161782 0
750.0328309150574 108.3661592081663 0
734.955291815292 88.89586242871505 0
725.4947343805668 111.6165377285903 0
710.4460519689842 92.09015169278877 0
701.0309853483146 114.8169476490338 0
686.0152673834815 95.36859346315299 0
676.6168637087105 118.0482671537993 0
661.6549549847039 98.6211137212573 0
652.3499309444637 121.2684022196148 0
637.4048249559039 101.8913178860209 0
646.697751082017 79.20890579022151 0
622.4407888918348 82.54784400086641 0
613.2131213424746 105.1122109815403 0
598.3078024612307 85.89100746645562 0
719.6027373752993 68.29833597363432 0
715.9990716095764 134.2001322868922 0
772.3916773749626 278.4986406755267 0
918.5298708591574 151.0233601217213 0
842.4764778023249 334.4749528267336 0
808.6688610802491 78.85392652420168 0
793.553660451284 59.26688649220418 0
743.8235490327467 347.2124029117877 0
586.857105488219 112.6336603411681 0
573.8939618934248 89.70385993292734 0
583.3565396960089 66.79455528885315 0
557.7413607054775 69.35921066653543 0
934.2012336016001 170.7667354285894 0
924.2216943488097 193.6903060841464 0
943.7675329566673 147.492790510084 0
655.7045964603996 336.8175248407197 0
640.7273593295403 317.5348029512442 0
650.046512968534 295.0398343948199 0
625.9950506799297 298.2410486423423 0
616.510126686473 320.6450650544383 0
600.6319512387309 301.6333992816222 0
593.0157270677627 323.1730518289807 0
608.353063707395 341.9644833823145 0
935.739110096761 278.8493092371891 0
576.7633927313826 303.7450477592863 0
570.0754417448248 328.0867817210694 0
427.3901041052802 262.5042617495056 0
403.0968520658757 262.2392619710216 0
392.5242599684114 240.0371827311623 0
379.3049093567728 259.9769194865553 0
368.4636634992098 239.4414679949251 0
355.331313711366 258.6768682263519 0
344.4346479995436 238.0817966791343 0
331.678306347201 257.7688068150117 0
320.326016255299 236.8433012734191 0
304.5448744480915 257.6220899205617 0
295.5544919114235 234.8607922080805 0
309.3189840826777 215.3638644942775 0
284.8326646234101 213.6914439311027 0
271.4029428279372 233.333044284772 0
260.3739814071524 212.1672734739232 0
246.9039411801098 232.0659058149361 0
235.8361219047788 210.7923446525903 0
222.3060963425377 230.6905895393707 0
211.2595121675173 209.3255265359418 0
197.6228617090002 229.8914494461693 0
186.5292369354906 208.0277608559958 0
249.5131785769657 190.1640575097717 0
172.9110183959751 228.5956456880546 0
161.7917233556191 206.5797492716539 0
175.4661222533722 185.8756440831341 0
148.1635105224456 227.2793131878515 0
150.6674863877727 184.4511415519924 0
164.3232274617605 163.7236737568311 0
210.1334754272786 249.866808785435 0
139.5181933781101 162.2739159520477 0
153.1921509352704 141.5237850271779 0
177.9942099491653 142.9851870910521 0
128.3725508071817 140.0513912030055 0
260.902850720218 251.8804945238618 0
159.6923726531319 249.3625532310405 0
134.5899250882594 248.0145775762517 0
146.1476679298994 270.2293327533661 0
123.4091880767708 225.8745221287983 0
298.3812954293179 193.3939339606514 0
166.8727179220041 120.778640147539 0
191.6844176564911 122.2395048718573 0
114.6887630804079 160.833174843988 0
342.116923121255 280.4145893499412 0
120.955753508166 268.7913086239049 0
385.6937440606005 279.0931330829436 0
132.1318992478837 291.0203099241281 0
160.5695237760939 295.0213809509582 0
107.2157785333947 289.5823931420596 0
96.01975341103737 267.3293240505246 0
322.7346348405131 194.8904286650669 0
311.8329728423247 173.1283718965811 0
103.5273354577328 138.5848192825029 0
117.2247212722209 117.7899277548278 0
180.5536722146824 100.018489866325 0
205.3704172115265 101.5057409395094 0
89.84160430213238 159.3865169588595 0
336.1309012416467 174.5699806492555 0
325.2829209072474 152.778100436832 0
301.0051017712138 151.2597707503743 0
314.4018140564361 130.9392872992403 0
338.7726132387236 132.4411980968402 0
327.9125994539498 110.6296504040976 0
303.4740429100458 109.0295855261691 0
352.2432609638564 112.1901821668163 0
216.488699128938 123.7127027546634 0
230.1810513285018 103.179905495645 0
317.0596005538418 88.62313743910788 0
292.5604858316827 87.02431356423996 0
92.35448602467076 116.3156770215412 0
106.0711739728024 95.50023639324634 0
118.3966840048637 311.8380864168945 0
93.50259691961739 310.3932625831131 0
362.7443633043492 133.7434183103662 0
376.455002188204 113.6953347593773 0
365.7159983547452 91.95760260328042 0
389.9926005772651 93.53760487458523 0
241.2845227628247 125.5703895817927 0
81.98631705293462 93.61745537788443 0
194.2427437199338 79.25728292325786 0
169.4136909103987 77.75807840960907 0
379.1453788710297 73.17760498364242 0
403.4966962453271 73.60303241482205 0
346.2518746546891 196.6116109251315 0
363.6632289400317 175.9533091811589 0
227.6049341219658 145.925780333146 0
95.78976146646738 73.62196409041672 0
69.39174338995099 69.50211540083019 0
119.916224610061 74.76821122219754 0
101.0129884664331 181.6136205981991 0
76.15158894294687 180.1995384202522 0
87.40746814231088 201.5992040939551 0
354.9401427231908 70.15098714556314 0
252.3287928571322 147.7101896433585 0
387.0071048384014 133.5157231570183 0
65.59166113489984 114.4060722309654 0
306.2039335503402 66.52729911843552 0
282.5213327891972 64.83029597152482 0
104.6982538966017 332.6661391489044 0
79.79630739472529 331.2340392391519 0
129.5926855944144 334.1048124063036 0
68.59222586070469 308.9430713912653 0
182.8133069957753 57.1104669288363 0
390.4879055732727 51.54158191821753 0
65.72499377256339 158.4358786544152 0
380.8833067377488 219.5303573710332 0
413.7483961962596 94.8649425426718 0
427.6358423383531 74.99898938417961 0
440.6585035772938 96.75801469861534 0
450.9153824853355 76.25682148640891 0
51.74281130080116 178.660146903838 0
510.9742419396424 105.4204356019401 0
500.0000000764327 86.2114169382605 0
486.8534425284965 293.843950887893 0
465.1335933647159 309.3669373595152 0
487.2527514923626 317.3609094079097 0
441.3622197190306 302.4292282172701 0
468.1886763269085 331.9999718205468 0
667.2402398677008 140.6038735622078 0
643.6834812497486 143.3467983257779 0
962.3940691965026 21.16927152379768 0
36.47447759299627 378.5849264445166 0
539.091498560937 285.9903837214165 0
490.7830762168913 340.4618466724542 0
672.0881697885794 357.2520680138607 0
631.7506396238833 60.33140316891463 0
656.0796253147772 56.55619330050999 0
529.1415253581112 310.309949969726 0
471.4683999612744 356.5043502522766 0
780.2846534527791 147.6288042899373 0
889.9667135302276 219.618081942697 0
279.0170559736359 107.4641907237804 0
207.9863980419221 58.45989640418462 0
937.0371889279555 104.8384348378076 0
158.6835806969593 56.16718490590013 0
591.1442232053755 265.7165380310649 0
941.1830468942508 321.6189051678278 0
932.2568872594479 342.4144194854337 0
818.1867686457069 55.88483797123564 0
524.1678708649124 84.42826319622129 0
510.6970966317259 64.5708335980469 0
486.5037141767652 66.23651895435859 0
116.8018926767953 355.2066473308858 0
607.4929095442333 130.3541070850795 0
110.3971243811291 54.71337014072124 0
829.9316378258737 357.8657284526715 0
448.9266293084956 345.2190363172973 0
415.3065907511273 157.7644385595883 0
947.7331265806904 83.97925547381345 0
934.9428499057105 63.82759343667866 0
803.1892855716126 38.50829146976089 0
592.6368514960361 177.5776071571105 0
606.7495188676387 156.9174790855849 0
640.6924195578365 35.84708199791797 0
390.8270832958673 166.6688015012705 0
566.7495075688288 133.250492805615 0
172.0149231257362 37.32696862971194 0
56.0921534811071 329.1846738652935 0
67.45600892784924 352.5997362445015 0
441.2071417912223 56.2983193648326 0
509.318684315894 327.1675373478751 0
139.5493525995967 352.892669900965 0
154.6119859881995 337.2772612694561 0
956.3957485981971 341.4298697936449 0
946.9355644260052 363.2854107358382 0
948.883057662021 190.545636268179 0
939.2931567723981 213.4438495093815 0
46.38401735021583 308.7105386588549 0
57.20340029174957 288.3045304025402 0
512.794108687352 350.5276083064813 0
531.4100205310914 336.1065467466584 0
534.084134790559 359.0726016016345 0
963.8196111117195 212.6207255340447 0
954.5265883665477 233.3934841480909 0
462.2149409350665 112.9063743883156 0
959.125219598414 167.107636411583 0
966.8923425399789 142.6836924677443 0
657.8728473723977 163.0895218014133 0
682.4712899459655 159.8915689528136 0
806.8256567414286 360.3194257070543 0
697.8514454424003 179.5070613126889 0
406.7641381531794 214.7671097358575 0
534.6116338456895 62.67157061840494 0
520.9191122223144 42.65435548825845 0
383.0080252439161 187.0086650438358 0
570.6467930937567 44.26716947609611 0
595.4816831402741 43.70117845762667 0
631.6123374022327 165.8974723419873 0
40.88249277889455 153.3695319940871 0
28.20887729319467 176.2718647398832 0
635.4827305844689 275.4761488736577 0
660.0849794396114 271.6378554567433 0
552.6978541646031 94.43196540640562 0
629.4547007875395 124.372114546521 0
333.4581532752447 216.595532001864 0
463.5767306441086 20.91352048891476 0
475.2861634757576 42.95866718417345 0
412.5253020882836 378.6715683456688 0
400.1190074021167 356.9832286669722 0
375.4029496595793 356.8026550258957 0
387.8241543539973 335.5557052531396 0
363.2229889738369 335.3893061395488 0
350.7468884461268 356.5924970678481 0
338.610535245321 335.1681689535478 0
411.3230337824268 336.0201493181872 0
375.6465861845498 315.522080990145 0
325.9807527393604 356.4925341642175 0
313.9747899724186 334.9629954189583 0
326.4830747915608 314.8690293923004 0
301.88076039457 313.6880451697288 0
289.3441261600442 334.7550151685504 0
277.248050043753 313.2281194182141 0
264.6621335737462 334.4835003181584 0
252.5225601945711 312.9376101213082 0
239.9144525425636 334.2398860331645 0
227.7491908153347 312.6494838143868 0
215.1201360754512 334.0027853373335 0
202.9360906853236 312.368028370365 0
276.808161818703 356.0110583199883 0
240.3688839129496 292.1679202188935 0
289.7864606252389 293.0281111925028 0
191.4034132095775 333.1176759647999 0
202.5002043281421 355.199977015458 0
179.7690618840467 312.8290635243405 0
187.7695874062957 292.0415288670276 0
176.741375979235 353.5644064216269 0
172.1957842110128 271.0295386311871 0
403.3757945405537 312.1578927841696 0
189.5704872049022 376.9655643759195 0
427.4512166388637 356.9069103085261 0
400.0327504698474 114.3217139927621 0
665.1411724382444 36.72228961541524 0
680.5704227786746 53.23209010744125 0
704.6193002848772 43.45440466972727 0
349.6642372130374 154.1828837248285 0
698.827172550755 288.413217815251 0
708.3336161048112 265.3723234623243 0
732.7339101884081 262.2579365819279 0
684.2747139098802 268.3015492818162 0
718.0781474238507 242.2683488648934 0
486.241739904485 378.5565662438885 0
351.075918403923 315.5299419909861 0
363.6678641358454 293.5269981152862 0
535.1721201487112 21.27672841884329 0
238.644619976447 168.0875895015395 0
213.9080939753305 166.6469459766504 0
263.1618533585377 169.80282551459 0
337.897556208283 378.2207324992601 0
414.6168144376525 20.01835059446418 0
388.6487022733281 24.78322765909796 0
587.5677151077953 379.5845599431153 0
573.5733280476711 357.2278003731767 0
612.2903404966864 380.2689692845996 0
337.499999999691 21.65063509461884 0
350.0940753209339 46.4312977268039 0
324.000390400763 43.88886882434243 0
312.6960868188033 21.76360805094475 0
797.008848945924 275.2774089989677 0
781.9775942627396 255.5894974298234 0
806.4928033118454 252.350862804671 0
740.4911434904677 131.1610405070243 0
731.1332116606623 153.9297627201171 0
755.7838693874871 150.8868526956082 0
757.4107326518866 258.8772199376147 0
739.067906548388 374.6418332769023 0
686.9655766046503 378.6704940934172 0
696.8097553365362 356.509367984869 0
262.5110791501108 21.36886872082611 0
674.5597200951202 291.6052839725276 0
737.8954307178508 22.01977865141005 0
752.3337139375786 43.33296085545394 0
262.9214948049984 378.1608155064808 0
762.5000000000165 378.3493649053904 0
776.1321320546206 357.4763997462541 0
237.3718511611683 20.57877695018295 0
248.4829603064778 41.39955539430196 0
265.1103116411538 292.8122713106869 0
279.7726521643957 271.1550394354127 0
213.6738479659766 291.3693887924753 0
224.2817319108336 271.1659385867748 0
219.0063010531503 80.82284897552444 0
243.8878241704871 83.32945547894877 0
795.4732772217581 167.3091343811238 0
862.6049112995602 21.41175845867497 0
849.9999971680771 43.27747084205532 0
874.966836926281 43.27048381534254 0
887.5121005633382 21.5286526882976 0
900.0000004928177 43.29122378098629 0
765.1516717834912 127.9540671364602 0
189.1526471264197 165.1461921880475 0
21.50294497300784 237.5949297342536 0
46.65655892228695 222.3248523775661 0
43.51381824708688 249.0130992618116 0
63.10036902684777 239.6961976322294 0
66.51355178353563 263.7961275059545 0
21.1590474161453 261.4333805040742 0
287.8997247747571 378.2542689154518 0
975.9605184246373 86.49430649333334 0
979.0717894554198 287.4367856705204 0
954.5570530518198 299.8766328783237 0
21.65023013776868 112.5003362400303 0
42.77335126768453 100.7547198981778 0
43.32062495177455 76.72980022565379 0
42.24357353764493 125.8571802900826 0
21.16100391546387 62.70420874092808 0
43.90390851978889 47.923365489019 0
72.95039080264843 38.65259593858634 0
52.16848193751726 25.90168390851521 0
937.4824961308929 21.04494554517871 0
949.3369041384268 41.44159907146069 0
62.50059015270202 378.349705630214 0
112.4927022761455 19.5603162172456 0
887.5372646330286 378.3344823368607 0
876.7534520119802 355.6255884023826 0
900.1391800549206 357.9669776449085 0
130.9454747975025 97.01507801548095 0
317.5110321748094 293.2405183381565 0
876.8231009255152 309.2944716571587 0
202.8073472761587 144.4345675239357 0
200.2614373300562 187.3077644812952 0
142.6810521533466 314.2192700407664 0
865.3351920019924 222.9324958518771 0
747.8135854506663 281.7437592718032 0
125.855915025606 183.0249224575164 0
857.2160007713316 67.76914152666357 0
142.0591000826767 119.2976820901864 0
859.7134546733976 180.4580285086668 0
92.38605617985193 354.0013533254818 0
691.620453290937 137.2985731712571 0
838.9310639155472 118.1900377391425 0
79.2363421105145 137.6331903056276 0
62.60210429755066 199.9771689471367 0
81.5078844666732 288.0581181792428 0
920.307769226592 259.0558878730751 0
903.3715448834791 131.3072166077894 0
768.7277920124718 62.83671057246603 0
226.9614545032229 355.5598401814519 0
861.5003517537607 288.6902832125488 0
110.0265265341939 246.7646872836285 0
137.0293471129957 205.1596436790512 0
290.0511037664987 129.3886151360752 0
791.6706991591941 232.5819545602719 0
767.056566140373 235.9241173888693 0
850.2238436314922 203.3093658581656 0
301.4825458671011 356.1660591091635 0
155.7461449751802 98.53198763811811 0
823.792576125446 98.51145744278888 0
770.9781232040979 170.5704815318739 0
273.9830310354336 191.8073053691074 0
649.9563949061754 185.8506083303722 0
927.9668435066035 127.9344983705406 0
851.9833846807294 311.7287185451287 0
865.7941574063207 332.7031661837792 0
251.7530411616194 355.9471172220582 0
356.7378961670473 218.3420026268826 0
631.9289061806223 339.1479569804585 0
112.2331595800806 203.6214617330593 0
409.750950941809 285.2706287314175 0
362.7825090982828 378.3274541119686 0
144.6141174510134 76.25099847039944 0
722.0295975851441 176.6441918110979 0
134.7495346984271 55.94653883096815 0
671.0684377858069 75.94947257563679 0
341.4067460179228 90.37721514434007 0
98.91588188140477 223.7580568734063 0
833.2181232470427 75.55105669462407 0
416.481802635628 55.74651675667249 0
874.8138622462297 200.0560279797494 0
224.9038273218493 188.7207047762981 0
331.0228683134168 68.09472352079965 0
608.0332747900381 63.77076707882047 0
899.461280430033 196.8299989292094 0
695.3870362628538 71.39884141373022 0
268.6008994746842 85.47243143091944 0
914.5326492817255 216.4970001651995 0
299.2706794005227 43.00046102425278 0
287.5520238819632 171.5039366721475 0
646.5240415136327 250.8005737504252 0
461.6709107605934 379.968191454615 0
929.7518182847944 236.2806067923863 0
943.6890464319119 255.5272374255284 0
977.9337069723382 235.2422185706761 0
233.8293537229032 61.37043385315148 0
792.4701640548484 339.6073757413311 0
778.1986395060804 40.43140353114737 0
184.5830552332147 249.6650362839406 0
693.9734893765709 245.3360413161141 0
276.7657982856381 149.5829146445012 0
952.1517176583139 123.4054714420037 0
112.4999999999925 379.0809204376662 0
706.8508449224475 156.9118817091445 0
609.5296451305278 276.9404769361734 0
265.7472798055126 127.552373714823 0
909.0324853239896 65.67127433340846 0
743.7499160817506 66.05968874433691 0
254.7864389192744 105.4281244043182 0
587.0710253763434 21.00450635000379 0
661.0914540598224 378.7647223211044 0
553.6197434915036 345.1332416144313 0
565.2622065067584 110.0139998231902 0
42.10217420937178 350.187075867695 0
274.5185001941489 42.18634490114187 0
511.0419203855446 21.80884863871621 0
213.744673908206 377.5705310782987 0
23.24617242391903 310.1912470754739 0
977.6056085705993 39.52861038542068 0
19.89130570834395 361.8906978519234 0
470.468390468916 87.53346530890198 0
979.5379164290727 336.7621247641463 0
138.2978242826655 375.0795222077629 0
498.1427918416547 44.72790455115378 0
410.2581611230679 134.9119047781664 0
713.1846083154646 21.88475581262825 0
426.5583413299305 318.2412756646877 0
959.3497685297167 272.4785475877363 0
722.1305994678908 355.2940743168561 0
85.60691808532405 244.6914422298019 0
838.3042906323783 379.3793632921364 0
195.7941038420988 37.33292912839597 0
447.0280672712557 324.0596044529971 0
374.5201100605777 152.7923458120904 0
258.603376064085 64.04527654272098 0
727.8068773631769 46.23770046589237 0
962.2554305411688 380.7890392628765 0
37.97087869028816 197.4061718942885 0
646.9995085873203 358.6342723757432 0
789.1952664089777 20.00941005795131 0
555.0171107875559 303.8241027959683 0
371.8426677687481 40.544615733792 0
924.429923087803 41.69537679948372 0
617.9574505203996 45.26629253305782 0
958.1297534388034 103.1209214357257 0
423.1415546105725 115.5516463090881 0
538.6417516211153 380.7238078256077 0
198.7729136924353 270.8563733244733 0
584.8946951366194 282.6322724257867 0
603.8776766449241 196.8533609129694 0
222.5257211627652 39.73145042019486 0
546.5409358015631 43.71610143592293 0
436.4676766654296 282.5222985106627 0
41.43374566506684 271.7312881106513 0
622.7104213099856 360.2505349701829 0
813.6843043662682 380.8050699807702 0
981.564767456339 160.105452026258 0
852.7344540278764 356.3440155555381 0
813.4523789282035 19.34221568965858 0
236.249939283079 251.7776334787581 0
465.1770873078499 61.73735684569152 0
185.4384466623019 18.83929561443928 0
623.2036575465081 144.2178831769586 0
960.1948549019262 63.10075355082523 0
586.3909897064854 137.2332722923789 0
368.6564733751918 200.0180962530297 0
933.4071890659576 380.7123503999018 0
73.98466265145071 220.322487343763 0
547.9870023608501 324.390898439026 0
251.6450078469787 272.7321250294757 0
32.29195756472792 19.55086798391113 0
638.4043310094827 14.63259120461649 0
442.6226628097838 120.1980661358753 0
161.5764123752089 18.97312030953818 0
598.7180774939935 360.2914196895319 0
18.14840103335254 158.4282793473991 0
282.4355624144132 249.7702920745378 0
454.378420699617 40.26617973627451 0
89.28981205580847 54.27059878238943 0
61.15060689373418 90.11299552257084 0
58.37797197108785 138.6701776854811 0
984.1481371857139 212.4999999992743 0
495.6179990437642 360.3293315192783 0
302.5331485083109 277.9527187582885 0
431.949219192861 336.7061572800324 0
767.1838478824255 339.8141244942424 0
613.805072696988 176.3525736534759 0
149.0210801531041 37.43316411958722 0
826.244045865498 38.54256007022796 0
961.0123606056817 322.1384594640351 0
390.49092787735 203.0850959624551 0
588.7471276123295 342.1487073990147 0
505.0610507418691 307.99392497887 0
922.8493991790957 360.9757985527618 0
338.941235767891 299.2406948300504 0
18.30127018925049 381.6987298107965 0
981.6987298107524 18.30127018921716 0
429.7512081446839 39.11892793247903 0
124.2594253728143 37.04284956636641 0
603.9570295837384 254.1885002604883 0
661.6367016149206 15.62115640470856 0
319.6768569199336 273.3997446363919 0
963.2158799167195 250.5839278681335 0
532.1838533346106 100.9482850784764 0
561.0868361038783 284.0788170280676 0
36.29744774317783 325.1593738072229 0
366.0402771538324 274.6092607566405 0
982.5217675615301 382.5217675614894 0
837.0508849848699 57.04406783639072 0
157.0369486168674 359.6251269962483 0
387.8167909063088 298.9183458143959 0
17.6780456786081 193.4616843428297 0
99.66779500676134 36.87262150540021 0
69.11872309984606 17.82931353120128 0
756.7748170517058 360.6137228423456 0
986.1002257812449 137.4999999993998 0
172.6618742739366 330.5684352914162 0
398.2276185988745 148.7630264580898 0
406.4606575014571 38.60399442984686 0
449.769338557247 364.6020217831644 0
912.2807646623636 342.8819256406 0
423.5029966393507 300.1242647816416 0
552.8185608714073 363.5911290780055 0
37.7542222685323 292.8397140326657 0
14.90169059948905 14.90169059956578 0
161.4341288527572 317.0381126128424 0
368.4238575920893 57.78507975991845 0
540.2572761777284 78.76660333993354 0
2 21 0 42
959
960
961
962
963
964
965
966
967
968
969
970
971
972
973
974
975
976
977
978
979
980
981
982
983
984
985
986
987
988
989
990
991
992
993
994
995
996
997
998
999
1000
162.7470173319294 0 24.21528536594299
212.4999999997631 0 28.34936485078005
262.7470173669918 0 25.78471469188796
112.5000000051126 0 24.30323264235912
37.49999999997748 0 21.65063514925588
512.4999999997942 0 21.65063514928629
587.5022767486821 0 24.13169696581036
837.7470174999518 0 24.21528534534952
937.4999999999778 0 21.65063514928144
762.7147784846458 0 25.88814641454963
887.4999999999595 0 28.34936485071856
312.4999999996817 0 21.65063514928144
362.499999900191 0 24.09268878643617
662.9638419183518 0 24.1941324509134
712.4999999998945 0 21.65063514928144
412.4999999997185 0 21.65063514928147
462.5000000010817 0 25.86850850522051
137.4951541462603 0 24.65034830708846
238.8969900731581 0 23.23762362157218
88.71432042494209 0 26.82295487371761
537.5000002003505 0 27.55793649779853
637.4999999998671 0 28.34936485071856
813.9981649622114 0 26.20750631825802
787.8293459507371 0 24.73856637320436
386.4159402073017 0 26.5891225983526
338.584059722026 0 26.58912253892733
686.4466251788652 0 26.6010684568586
962.4999999092754 0 27.55793662623384
62.86421371869505 0 22.28147179122367
287.1357862819509 0 22.281471756934
487.1357862995696 0 22.28147185683149
187.1357861493348 0 27.71852830164324
737.8642137176254 0 22.28147175693245
862.1357865139016 0 27.71852814091804
912.13578651392 0 22.28147185908191
437.8642136999248 0 22.28147185682171
612.1357862821376 0 27.71852824306941
562.8681400056189 0 27.7202594494279
17.83831370238661 0 30.31605855224628
982.1365340273816 0 19.51797259916251
984.146436787829 0 35.16894834317637
15.35814250483179 0 14.44371196791009
2 25 0 18
1001
1002
1003
1004
1005
1006
1007
1008
1009
1010
1011
1012
1013
1014
1015
1016
1017
1018
1000 87.67932681095529 24.07647541408882
1000 37.49999999985452 28.34936485082608
1000 137.4999999414156 24.05694535541882
1000 187.5000000847654 24.05694535485287
1000 237.4999999138159 24.05694535282809
1000 287.5000001717427 24.0569453396234
1000 362.4999999997948 21.65063514939196
1000 112.5506422164289 25.36703855847553
1000 162.5000000083329 25.36202290251391
1000 262.5000000622638 25.36202289573504
1000 212.5000000000941 25.36202285852845
1000 312.5000002186358 27.55793648955858
1000 62.86421370652919 27.718528180708
1000 337.8681401440174 27.7202595104721
1000 17.89628730505238 19.64446866239426
1000 382.103712782467 30.35553132076618
1000 15.28148053508577 35.57909957044731
1000 384.7185195165686 14.42090038244497
2 29 0 42
1019
1020
1021
1022
1023
1024
1025
1026
1027
1028
1029
1030
1031
1032
1033
1034
1035
1036
1037
1038
1039
1040
1041
1042
1043
1044
1045
1046
1047
1048
1049
1050
1051
1052
1053
1054
1055
1056
1057
1058
1059
1060
487.499999999995 400 28.34936485072316
387.499999997373 400 24.09268874276731
437.2852214495946 400 24.11185362908572
62.49999999999579 400 28.34936485072797
762.5000000000159 400 28.34936485072797
337.4999999999773 400 21.65063514927204
712.5000000000193 400 28.34936485072797
963.5088972504161 400 23.95412573119741
912.4999998719755 400 27.49191724457648
862.2852216896546 400 24.11185365409561
812.7147784293829 400 24.11185365525375
662.5000000418795 400 24.13149158034975
562.2552816488562 400 25.78449317054167
262.0361580113253 400 24.19413247326139
162.5000000450217 400 24.0926887834781
112.7147783846159 400 24.11185365931275
612.500000000026 400 28.34936485072787
212.5000000205588 400 24.09268877416259
512.5000000000266 400 22.44206344903069
285.736347134751 400 26.18942738155687
137.5756546041812 400 25.33912649802923
412.4243454328339 400 25.33912641072981
586.1034671413975 400 23.23759105783332
37.49999999999727 400 21.65063514927199
837.5000001321426 400 25.34453818647073
737.5000000018441 400 24.10850196679157
363.5840598033994 400 26.58912244671591
237.4384408366066 400 25.36028538275423
187.5000000163672 400 25.33372565083135
312.1357865085445 400 22.28147186840224
462.1357861495048 400 27.71852830160329
687.1357861495417 400 27.71852830161004
887.1357862822849 400 27.71852824307415
937.8642137177268 400 27.71852824307415
787.8642138504933 400 27.71852830161006
87.86421385047311 400 27.71852830161038
637.8642138505031 400 27.71852830161006
537.8681399185386 400 22.27974047386756
17.83831360814111 400 30.3160585105047
981.9200462494239 400 30.38084185390538
983.1938777059636 400 15.83043763564466
15.35814247239853 400 14.44371192823536
2 33 0 18
1061
1062
1063
1064
1065
1066
1067
1068
1069
1070
1071
1072
1073
1074
1075
1076
1077
1078
0 362.5000000002664 21.65063514911973
0 312.500000165528 24.0569453291081
0 262.5000000646543 24.05694535951785
0 187.3187601951881 24.07668047823578
0 137.4999999106219 24.05694530890115
0 87.5000000856345 24.05694532508567
0 37.50000000026648 21.6506351494274
0 237.5000000010325 27.55793670376181
0 336.4788974633304 26.20894662280076
0 287.5000000583778 25.36202286864872
0 162.4488142283001 25.36709121347983
0 112.4999999905182 25.36202280348412
0 63.52110280097304 26.20894672516038
0 212.1318599731945 27.72025945915881
0 382.103712679246 30.35553137322883
0 17.89628728826386 30.3555313799421
0 384.7185195725409 14.4209004213018
0 15.28148045181234 14.42090038760304
2 37 0 10
1079
1080
1081
1082
1083
1084
1085
1086
1087
1088
566.4416608271646 165.2076774772361 19.7740438955243
535.533588343699 133.9518047224564 28.59146905455417
555.6549701073951 149.7255104218357 32.19658698385395
573.1959154968006 183.6489157978677 16.80500087367243
516.3161127840549 126.7962810806855 32.7515567091658
566.8254892790432 165.950712450677 37.52092615525255
535.1498731799411 133.746800715482 11.32189918776375
551.0813818743893 145.0846794983148 14.28247431078382
516.1398994531783 126.7572280314208 15.43397308515285
573.2723460049044 183.9948973468595 34.44521374497325
2 41 0 10
1089
1090
1091
1092
1093
1094
1095
1096
1097
1098
433.9518046565183 164.4664117788636 28.59146888712487
465.2076772731465 133.5583392797074 19.77404388110043
449.7255104804811 144.345029839629 32.19658686564267
483.6489156387897 126.8040845387355 16.80500084617547
426.7962810434415 183.6838873830441 32.75155665094934
433.7468006644447 164.8501269162579 11.32189925374027
445.0846793427871 148.9186182928115 14.28247423970763
465.9507123397774 133.174510777463 37.5209261627724
483.9948972227974 126.7276540221948 34.44521358514191
426.7572280234604 183.860100582946 15.43397298907256
2 45 0 10
1099
1100
1101
1102
1103
1104
1105
1106
1107
1108
446.9669915588495 253.0330087368316 29.69955614538887
433.5583392149007 234.7923226030946 19.77404388868653
465.2081860202579 266.4419271243619 19.77290285478224
483.6517166783877 273.1965411234458 16.80575636923684
426.8040845366136 216.3510843517116 16.80500089478653
446.9621138035346 253.028130532867 12.51526453173235
433.174510754033 234.0492876142386 37.52092651070978
465.9568591336836 266.8286208144096 37.4847355500489
484.0082356064204 273.2752582498366 34.44750464659495
426.727653989911 216.0051026294053 34.44521371933299
2 49 0 10
1109
1110
1111
1112
1113
1114
1115
1116
1117
1118
566.0481955283187 235.5335878775699 28.5914689810517
534.792322467961 266.4416608558623 19.77404406447543
550.2744898184611 255.6549698903292 32.1965870353553
516.3510841401562 273.1959155106454 16.80500104537437
573.2037189803716 216.3161125101167 32.75155666513825
566.2531995451892 235.1498726886078 11.32189924265984
554.9153207782994 251.0813815770138 14.28247431468327
534.0492876690452 266.8254892180417 37.52092663480806
573.2427719931204 216.1398993418104 15.43397294635437
516.0051023202316 273.2723460776227 34.44521418704905
2 50 0 696
1119
1120
1121
1122
1123
1124
1125
1126
1127
1128
1129
1130
1131
1132
1133
1134
1135
1136
1137
1138
1139
1140
1141
1142
1143
1144
1145
1146
1147
1148
1149
1150
1151
1152
1153
1154
1155
1156
1157
1158
1159
1160
1161
1162
1163
1164
1165
1166
1167
1168
1169
1170
1171
1172
1173
1174
1175
1176
1177
1178
1179
1180
1181
1182
1183
1184
1185
1186
1187
1188
1189
1190
1191
1192
1193
1194
1195
1196
1197
1198
1199
1200
1201
1202
1203
1204
1205
1206
1207
1208
1209
1210
1211
1212
1213
1214
1215
1216
1217
1218
1219
1220
1221
1222
1223
1224
1225
1226
1227
1228
1229
1230
1231
1232
1233
1234
1235
1236
1237
1238
1239
1240
1241
1242
1243
1244
1245
1246
1247
1248
1249
1250
1251
1252
1253
1254
1255
1256
1257
1258
1259
1260
1261
1262
1263
1264
1265
1266
1267
1268
1269
1270
1271
1272
1273
1274
1275
1276
1277
1278
1279
1280
1281
1282
1283
1284
1285
1286
1287
1288
1289
1290
1291
1292
1293
1294
1295
1296
1297
1298
1299
1300
1301
1302
1303
1304
1305
1306
1307
1308
1309
1310
1311
1312
1313
1314
1315
1316
1317
1318
1319
1320
1321
1322
1323
1324
1325
1326
1327
1328
1329
1330
1331
1332
1333
1334
1335
1336
1337
1338
1339
1340
1341
1342
1343
1344
1345
1346
1347
1348
1349
1350
1351
1352
1353
1354
1355
1356
1357
1358
1359
1360
1361
1362
1363
1364
1365
1366
1367
1368
1369
1370
1371
1372
1373
1374
1375
1376
1377
1378
1379
1380
1381
1382
1383
1384
1385
1386
1387
1388
1389
1390
1391
1392
1393
1394
1395
1396
1397
1398
1399
1400
1401
1402
1403
1404
1405
1406
1407
1408
1409
1410
1411
1412
1413
1414
1415
1416
1417
1418
1419
1420
1421
1422
1423
1424
1425
1426
1427
1428
1429
1430
1431
1432
1433
1434
1435
1436
1437
1438
1439
1440
1441
1442
1443
1444
1445
1446
1447
1448
1449
1450
1451
1452
1453
1454
1455
1456
1457
1458
1459
1460
1461
1462
1463
1464
1465
1466
1467
1468
1469
1470
1471
1472
1473
1474
1475
1476
1477
1478
1479
1480
1481
1482
1483
1484
1485
1486
1487
1488
1489
1490
1491
1492
1493
1494
1495
1496
1497
1498
1499
1500
1501
1502
1503
1504
1505
1506
1507
1508
1509
1510
1511
1512
1513
1514
1515
1516
1517
1518
1519
1520
1521
1522
1523
1524
1525
1526
1527
1528
1529
1530
1531
1532
1533
1534
1535
1536
1537
1538
1539
1540
1541
1542
1543
1544
1545
1546
1547
1548
1549
1550
1551
1552
1553
1554
1555
1556
1557
1558
1559
1560
1561
1562
1563
1564
1565
1566
1567
1568
1569
1570
1571
1572
1573
1574
1575
1576
1577
1578
1579
1580
1581
1582
1583
1584
1585
1586
1587
1588
1589
1590
1591
1592
1593
1594
1595
1596
1597
1598
1599
1600
1601
1602
1603
1604
1605
1606
1607
1608
1609
1610
1611
1612
1613
1614
1615
1616
1617
1618
1619
1620
1621
1622
1623
1624
1625
1626
1627
1628
1629
1630
1631
1632
1633
1634
1635
1636
1637
1638
1639
1640
1641
1642
1643
1644
1645
1646
1647
1648
1649
1650
1651
1652
1653
1654
1655
1656
1657
1658
1659
1660
1661
1662
1663
1664
1665
1666
1667
1668
1669
1670
1671
1672
1673
1674
1675
1676
1677
1678
1679
1680
1681
1682
1683
1684
1685
1686
1687
1688
1689
1690
1691
1692
1693
1694
1695
1696
1697
1698
1699
1700
1701
1702
1703
1704
1705
1706
1707
1708
1709
1710
1711
1712
1713
1714
1715
1716
1717
1718
1719
1720
1721
1722
1723
1724
1725
1726
1727
1728
1729
1730
1731
1732
1733
1734
1735
1736
1737
1738
1739
1740
1741
1742
1743
1744
1745
1746
1747
1748
1749
1750
1751
1752
1753
1754
1755
1756
1757
1758
1759
1760
1761
1762
1763
1764
1765
1766
1767
1768
1769
1770
1771
1772
1773
1774
1775
1776
1777
1778
1779
1780
1781
1782
1783
1784
1785
1786
1787
1788
1789
1790
1791
1792
1793
1794
1795
1796
1797
1798
1799
1800
1801
1802
1803
1804
1805
1806
1807
1808
1809
1810
1811
1812
1813
1814
211.3636780589302 20.28111279439427 50.00000000000001
788.6363219034527 379.7188871812392 50.00000000000001
762.4668387327106 21.45248973617988 50.00000000000001
237.5331612659224 378.5475102713937 50.00000000000001
978.8647578145506 187.4037355836815 50.00000000000001
21.13524204352458 212.5962643902161 50.00000000000001
593.8528211662181 214.1008267139745 50.00000000000001
406.1471788069913 185.8991732616886 50.00000000000001
837.4673361636678 21.65412663758507 50.00000000000001
162.5326638353978 378.3458733625157 50.00000000000001
976.7850549518778 261.4049116033159 50.00000000000001
23.21494499815344 138.5950883807886 50.00000000000001
715.6045399211463 376.2766998907509 50.00000000000001
284.3954600194367 23.72330006396894 50.00000000000001
684.5891248961748 21.22408328147342 50.00000000000001
315.4108751229818 378.7759167594348 50.00000000000001
137.4999575184914 20.55693418375151 50.00000000000001
862.5000424814593 379.4430658024526 50.00000000000001
583.015850877375 153.6035220072426 50.00000000000001
416.9841491635872 246.3964780495984 50.00000000000001
977.2092596874472 112.1732408791779 50.00000000000001
22.79074022358025 287.8267591072674 50.00000000000001
636.099645934798 379.1750405784658 50.00000000000001
363.8672063429292 20.82081318033998 50.00000000000001
612.499999999858 21.65063509461884 50.00000000000001
387.4999999999744 378.3493649053906 50.00000000000001
432.7923693605901 129.5539983367413 50.00000000000001
567.2076306513749 270.4460016212993 50.00000000000001
912.5061748600456 21.66763788515073 50.00000000000001
87.49382513998121 378.3323621153314 50.00000000000001
457.1441783652902 284.1092861277958 50.00000000000001
542.8558216151005 115.8907138459787 50.00000000000001
561.5775456335004 379.6329744110675 50.00000000000001
438.4224543501725 20.36702557069117 50.00000000000001
979.0469986247831 312.5000224988552 50.00000000000001
20.95300136224417 87.49997750128695 50.00000000000001
89.38842763495552 20.40110004446914 50.00000000000001
910.6115723066829 379.5988999249518 50.00000000000001
491.2818930971429 23.25175052758414 50.00000000000001
508.7181068749197 376.7482494468926 50.00000000000001
436.4215061780797 380.1367924414627 50.00000000000001
563.5784938037514 19.86320754706873 50.00000000000001
482.3290905031818 107.1226615344995 50.00000000000001
517.6709094951486 292.8773384504107 50.00000000000001
978.3493649055008 62.49999999974664 50.00000000000001
21.65063509445713 337.5000000004441 50.00000000000001
20.87985245534723 38.51125701949563 50.00000000000001
979.1201475308072 361.4887429836359 50.00000000000001
404.2831174897893 208.1664936497838 50.00000000000001
384.750344152355 193.7341971327879 50.00000000000001
388.1228724478459 170.4368548320159 50.00000000000001
366.3449894319693 178.4096301044636 50.00000000000001
362.4787213625315 202.2139115276317 50.00000000000001
343.8402264383332 187.1564670332529 50.00000000000001
340.083696634725 210.927905909199 50.00000000000001
321.3209825029688 195.7932529777114 50.00000000000001
317.5236941420349 219.6896610334119 50.00000000000001
298.6506880348423 204.4160753352229 50.00000000000001
294.8669656473945 228.4774136721246 50.00000000000001
275.8991955032134 213.1818626912628 50.00000000000001
279.7287374930905 189.050498311413 50.00000000000001
256.899908835954 197.8288528205296 50.00000000000001
253.0931557736843 221.997852078144 50.00000000000001
234.0250410353214 206.6176235510899 50.00000000000001
230.2221923796338 230.8545783171026 50.00000000000001
211.1052689881764 215.4273688172093 50.00000000000001
214.9308776794394 191.1481369658568 50.00000000000001
191.9715480523337 199.9213266952496 50.00000000000001
188.0925066136039 224.115596157556 50.00000000000001
195.7736969477751 175.6166845513743 50.00000000000001
172.7447557095621 184.460979654505 50.00000000000001
348.0568027375699 162.7869244244814 50.00000000000001
176.5954541187016 160.0571471915776 50.00000000000001
199.6325699192656 151.3885852328689 50.00000000000001
314.008688515104 243.7358108242751 50.00000000000001
153.5437309353168 168.8622732685821 50.00000000000001
157.3680007245931 144.4505499463076 50.00000000000001
134.2937196332223 153.255170616209 50.00000000000001
130.4086646190246 177.3959834047063 50.00000000000001
138.106906617486 128.8139488961646 50.00000000000001
161.2322663131968 120.0210879353042 50.00000000000001
249.3357946303108 246.2579699245248 50.00000000000001
226.4014252899909 255.1397187229673 50.00000000000001
245.5575208658445 270.5892427183156 50.00000000000001
222.575542918619 279.4809070042271 50.00000000000001
114.9882248340718 137.643437848133 50.00000000000001
118.804253490593 113.1632735181055 50.00000000000001
241.8100972437843 294.9571571982983 50.00000000000001
218.7799222408159 303.8883805792788 50.00000000000001
199.5209887164963 288.3576155552701 50.00000000000001
264.7600365994223 286.019959564605 50.00000000000001
261.0246270366462 310.4173527696441 50.00000000000001
284.0138923668333 301.476901865462 50.00000000000001
260.7338539445224 173.6781085146764 50.00000000000001
283.5906717747056 164.899802202715 50.00000000000001
264.5815926980697 149.4907266538688 50.00000000000001
287.4701343867405 140.7314693796631 50.00000000000001
268.4276347942267 125.2843052580789 50.00000000000001
291.3591235104178 116.5109874959898 50.00000000000001
272.2786851792585 101.0020988446429 50.00000000000001
295.2532068175075 92.25424466761739 50.00000000000001
314.2946421139768 107.7326536481309 50.00000000000001
249.2893637205788 109.815395075743 50.00000000000001
95.57713441784422 122.1127199516623 50.00000000000001
91.83807617515318 146.380673983043 50.00000000000001
99.4569329423195 97.52603025873769 50.00000000000001
358.6391449942208 225.7256976612451 50.00000000000001
318.1951111772892 83.52327236594147 50.00000000000001
337.2221382541397 98.98755053931569 50.00000000000001
253.1488481407467 85.44301861558382 50.00000000000001
230.060124204251 94.30415512054863 50.00000000000001
195.6980047014249 312.8359624291051 50.00000000000001
176.3950343419494 297.2544998322338 50.00000000000001
122.7625262628247 89.0542791803469 50.00000000000001
280.1152750698977 325.8652074632198 50.00000000000001
303.2621073188097 316.9593447361138 50.00000000000001
172.1392473545921 320.6940542258585 50.00000000000001
153.1617925146812 306.0093283833242 50.00000000000001
157.0721976824 281.6173690190301 50.00000000000001
133.8861820679747 290.5471889806148 50.00000000000001
137.7628814248689 266.0280666183332 50.00000000000001
114.5605797421413 274.957034407571 50.00000000000001
110.2958254239613 298.4656606427396 50.00000000000001
118.4255588285241 250.3954207527184 50.00000000000001
95.21279464517579 259.3353312897785 50.00000000000001
99.07964581174788 234.7531110886978 50.00000000000001
75.85342804353789 243.6994582180009 50.00000000000001
79.72292429879323 219.1053382538003 50.00000000000001
187.3586410280383 336.2266358203132 50.00000000000001
149.6889383393588 330.4090408391328 50.00000000000001
341.1105145785524 74.81317587225956 50.00000000000001
360.0465199298358 90.2904476011886 50.00000000000001
76.20221483770912 106.4558803148503 50.00000000000001
80.08634867304963 81.83113583775813 50.00000000000001
71.98049792501158 268.2985720491957 50.00000000000001
356.1760013168903 114.3052410178209 50.00000000000001
377.9713535773824 105.4894964169548 50.00000000000001
382.8024450966587 82.12638512615015 50.00000000000001
399.7313660541145 96.38680052808736 50.00000000000001
405.4540554927024 73.08938086054057 50.00000000000001
425.4712043180846 90.05314537768471 50.00000000000001
321.9722235952846 58.85736615359369 50.00000000000001
307.0080008999494 292.5897452597333 50.00000000000001
326.3699080102837 307.7891430724429 50.00000000000001
329.9430823348358 283.6406449379164 50.00000000000001
349.0579593036674 298.9195635290854 50.00000000000001
347.0005744195603 326.3983207843899 50.00000000000001
368.197435318142 314.4587515856892 50.00000000000001
371.583341119829 290.4172669500147 50.00000000000001
390.5623912623788 305.8824822661188 50.00000000000001
233.9506944492611 69.85195261791058 50.00000000000001
210.8022894609587 78.71862024456834 50.00000000000001
52.16613988721586 252.7771517208818 50.00000000000001
141.6138905876144 241.4715869378709 50.00000000000001
206.9380932246076 103.2233610763086 50.00000000000001
387.652663142567 329.0708995665022 50.00000000000001
409.4683800604935 319.7251292743692 50.00000000000001
413.3956679721325 298.3713283225629 50.00000000000001
187.6320496063328 87.61386762778436 50.00000000000001
191.7115875071667 63.59949279658233 50.00000000000001
168.3791576383906 71.91761519836501 50.00000000000001
257.0827396355714 60.99958191625669 50.00000000000001
257.2408971794219 334.8185492849738 50.00000000000001
276.6097920143511 354.035577206575 50.00000000000001
428.0430203969032 65.05779806492176 50.00000000000001
447.9074194124809 79.01031418691068 50.00000000000001
409.5674098652654 50.37921326314415 50.00000000000001
595.7168824918095 191.8335063644737 50.00000000000001
615.2496557917061 206.2658028487126 50.00000000000001
611.8771274964075 229.5631451305063 50.00000000000001
633.6550104817026 221.5903698589128 50.00000000000001
637.5212785450994 197.7860884575409 50.00000000000001
656.159773451088 212.8435329273412 50.00000000000001
659.9163032431602 189.0720940764402 50.00000000000001
678.6790173602835 204.2067469846592 50.00000000000001
682.4763057102244 180.3103389511681 50.00000000000001
701.3493118056635 195.5839246298546 50.00000000000001
705.1330341817473 171.522586310669 50.00000000000001
724.1008043168979 186.8181372724635 50.00000000000001
720.2712623370813 210.9495016366626 50.00000000000001
743.1000909760864 202.1711471257898 50.00000000000001
746.9068440275937 178.0021478827295 50.00000000000001
765.974958759926 193.3823763931381 50.00000000000001
769.7778074047012 169.1454216396866 50.00000000000001
788.8947307915798 184.5726311242917 50.00000000000001
785.0691221105754 208.8518629643242 50.00000000000001
808.0284517233295 200.0786732332579 50.00000000000001
811.9074931533453 175.8844037848006 50.00000000000001
804.2263028388413 224.3833153665159 50.00000000000001
827.255244064699 215.5390202596235 50.00000000000001
651.943197149964 237.2130755223423 50.00000000000001
823.4045456651299 239.942852714827 50.00000000000001
800.3674298767908 248.6114146723385 50.00000000000001
685.9913113181919 156.2641891781438 50.00000000000001
846.4562688368266 231.1377266352133 50.00000000000001
842.6319990578955 255.5494499499841 50.00000000000001
865.7062801382145 246.7448292775125 50.00000000000001
869.5913351438932 222.6040165045862 50.00000000000001
861.8930931646497 271.1860509908884 50.00000000000001
838.7677334785733 279.9789119541011 50.00000000000001
750.6642051586997 153.7420300482501 50.00000000000001
773.5985744839187 144.8602812450078 50.00000000000001
754.442478911476 129.4107572643318 50.00000000000001
777.4244568449936 120.519092973289 50.00000000000001
885.011774938308 262.3565620356055 50.00000000000001
881.1957462924153 286.8367263601126 50.00000000000001
758.189902520959 105.0428427931689 50.00000000000001
781.2200775115996 96.11161940585232 50.00000000000001
800.4790110355273 111.6423844175331 50.00000000000001
735.2399631801488 113.9800404334395 50.00000000000001
738.9753727298422 89.58264723639169 50.00000000000001
715.9861074136379 98.52309814715564 50.00000000000001
739.2661458774733 226.3218914165676 50.00000000000001
716.4093280645127 235.100197730333 50.00000000000001
735.4184071334857 250.5092732635139 50.00000000000001
712.5298654609755 259.268530539 50.00000000000001
731.5723650469228 274.7156946461319 50.00000000000001
708.6408763454888 283.4890124099693 50.00000000000001
727.7213146713232 298.9979010486854 50.00000000000001
704.7467930465169 307.7457552268023 50.00000000000001
685.7053577558154 292.2673462586172 50.00000000000001
750.7106361168468 290.1846048146103 50.00000000000001
904.422865358579 277.8872799196485 50.00000000000001
908.1619235884566 253.6193259000787 50.00000000000001
900.5430668428828 302.4739696102341 50.00000000000001
641.360854895938 174.2743023514705 50.00000000000001
681.8048887004736 316.4767275300294 50.00000000000001
662.777861629035 301.0124493682738 50.00000000000001
746.8511517059749 314.556981266461 50.00000000000001
769.9398756321064 305.6958447571107 50.00000000000001
804.3019950402045 87.16403754918554 50.00000000000001
823.6049654005919 102.7455001352527 50.00000000000001
877.2374735355188 310.9457207050212 50.00000000000001
719.8847247216099 74.13479256075341 50.00000000000001
696.7378924628425 83.04065529029315 50.00000000000001
827.8607523832625 79.30594575820871 50.00000000000001
846.8382072203785 93.99067157975709 50.00000000000001
842.9278020614499 118.3826309387621 50.00000000000001
866.1138176681588 109.4528109707762 50.00000000000001
862.237118320267 133.971933329399 50.00000000000001
885.4394199957839 125.0429655338101 50.00000000000001
889.7041743103682 101.5343393151664 50.00000000000001
881.5744409185747 149.604579185767 50.00000000000001
904.7872050950446 140.6646686420956 50.00000000000001
900.9203539375712 165.2468888408189 50.00000000000001
924.1465716992998 156.300541704714 50.00000000000001
920.2770754530588 180.8946616668933 50.00000000000001
812.6413588006003 63.77336416973989 50.00000000000001
850.3110614061285 69.59095913532673 50.00000000000001
658.8894853120239 325.1868240257842 50.00000000000001
639.9534799647115 309.7095523079372 50.00000000000001
923.7977849417408 293.5441195477848 50.00000000000001
919.913651115067 318.1688640237019 50.00000000000001
928.0195018089172 131.7014278753685 50.00000000000001
643.8239985703686 285.6947589003424 50.00000000000001
622.0286463322092 294.5105035035368 50.00000000000001
617.1960739383902 317.8697185659708 50.00000000000001
600.268387062994 303.6125500196184 50.00000000000001
594.5459444178857 326.9106190527914 50.00000000000001
574.5287603681136 309.9467617713586 50.00000000000001
678.0277763003487 341.1426337614534 50.00000000000001
692.9919988943609 107.4102547573416 50.00000000000001
673.630091791773 92.21085695472279 50.00000000000001
670.0569174756426 116.3593550845502 50.00000000000001
650.9420405128501 101.0804365125159 50.00000000000001
652.9994254207054 73.60167923130435 50.00000000000001
631.8025645002365 85.5412484700437 50.00000000000001
628.4166587241286 109.5827330855758 50.00000000000001
609.437608579904 94.11751778734032 50.00000000000001
766.0493053955458 330.148047253703 50.00000000000001
789.1977103751102 321.2813796224667 50.00000000000001
947.8338598409182 147.2228482232408 50.00000000000001
858.3861091670907 158.5284130067446 50.00000000000001
793.061906602284 296.7766387953487 50.00000000000001
612.3473366792472 70.92910050090063 50.00000000000001
590.5316197718813 80.27487080201551 50.00000000000001
586.6043319096229 101.6286717495641 50.00000000000001
812.3679502215647 312.3861322338834 50.00000000000001
808.2884123359692 336.4005070786921 50.00000000000001
831.6208421901587 328.0823846585241 50.00000000000001
742.9172602183295 339.0004179595347 50.00000000000001
742.7591025751938 65.18145072918962 50.00000000000001
723.3902079228706 45.96442281152402 50.00000000000001
571.9569736431223 334.9421863941349 50.00000000000001
552.0925736778081 320.9896677024261 50.00000000000001
590.42464777793 349.6162066218277 50.00000000000001
521.8942393619883 106.2506451616279 50.00000000000001
545.0315361709324 92.20407479505556 50.00000000000001
521.4492768141178 81.49132941239937 50.00000000000001
540.6170052939908 68.30448815481722 50.00000000000001
519.3096717495298 57.31210060122952 50.00000000000001
501.6438957104502 71.05474309518894 50.00000000000001
478.1057606121515 293.7493548168674 50.00000000000001
454.9684637628314 307.7959252268208 50.00000000000001
478.5507231451175 318.5086705679895 50.00000000000001
459.3829946672065 331.6955118084279 50.00000000000001
480.6903282041374 342.6878993661674 50.00000000000001
498.3561042497584 328.9452568528083 50.00000000000001
827.7820330080718 354.471988326313 50.00000000000001
172.2179668833082 45.52801157509357 50.00000000000001
962.3955855828847 21.16544412525015 50.00000000000001
37.60441441713505 378.8345558746764 50.00000000000001
373.9047868575939 129.3574081398576 50.00000000000001
626.0952130597958 270.6425917960187 50.00000000000001
594.5536951633485 57.17621668570477 50.00000000000001
405.446304686437 342.8237833820837 50.00000000000001
550.0893219938476 343.1039493019367 50.00000000000001
449.9106758156288 56.89604504605668 50.00000000000001
708.9201867386207 147.4296118725671 50.00000000000001
291.0798130791451 252.5703881271955 50.00000000000001
241.6734340484603 158.2466841200196 50.00000000000001
758.326565767389 241.7533157961123 50.00000000000001
306.4081327813549 156.2349429699817 50.00000000000001
693.5918670763414 243.7650569617148 50.00000000000001
102.9854592754654 210.2765376579072 50.00000000000001
83.63743533793402 194.651118957948 50.00000000000001
897.0145404817094 189.7234622661547 50.00000000000001
916.3625644214871 205.3488809566055 50.00000000000001
851.9052117035432 342.6795604552527 50.00000000000001
148.0947881893541 57.32043945978283 50.00000000000001
938.7885774430372 196.3949134738619 50.00000000000001
935.4419222462407 220.8599467585764 50.00000000000001
61.21142233519642 203.6050864416078 50.00000000000001
64.55807751564301 179.1400531443396 50.00000000000001
456.5429221821669 115.1871023103108 50.00000000000001
543.4570778193025 284.8128976529952 50.00000000000001
433.1907774034195 267.3642775851116 50.00000000000001
566.8092225996984 132.6357224681858 50.00000000000001
418.6022971976006 150.0466592931098 50.00000000000001
581.3977028061172 249.9533406635227 50.00000000000001
593.0147110497409 133.7158443900032 50.00000000000001
607.5750948288637 151.5723933763343 50.00000000000001
406.98528898275 266.2841556794792 50.00000000000001
392.4249051906779 248.4276067103397 50.00000000000001
762.140995910934 354.6283417280729 50.00000000000001
237.8590039418632 45.37165813833835 50.00000000000001
941.9492501666864 309.1944494886133 50.00000000000001
938.4863524091197 333.9529825517667 50.00000000000001
945.5214328468351 284.5563780598006 50.00000000000001
914.178534466819 342.7694321596037 50.00000000000001
58.05074966345929 90.80555041702912 50.00000000000001
61.51364743447858 66.04701736200906 50.00000000000001
54.47856696713549 115.4436218403645 50.00000000000001
85.82146535697306 57.23056774020155 50.00000000000001
959.5448284418545 211.9562902186939 50.00000000000001
955.1557062810243 236.8696679104202 50.00000000000001
40.45517133470847 188.0437096964181 50.00000000000001
44.84429348589497 163.1303319930698 50.00000000000001
657.9653170898728 351.1410797373376 50.00000000000001
676.6038903037372 362.2916644551001 50.00000000000001
342.0263718561541 48.85390875921645 50.00000000000001
323.3944474387242 37.70733322639446 50.00000000000001
63.92911210276726 42.16537045171332 50.00000000000001
936.0708877366856 357.8346294454833 50.00000000000001
410.5377629187753 130.702778193376 50.00000000000001
589.4622370638712 269.2972217475976 50.00000000000001
538.8153433289392 45.4044189452331 50.00000000000001
516.2372507427483 34.5624013056072 50.00000000000001
556.7918632337596 55.91758060342827 50.00000000000001
461.1846566233369 354.5955810198832 50.00000000000001
483.7627492174645 365.4375986611394 50.00000000000001
443.2081366911543 344.0824194112483 50.00000000000001
259.9410817047565 36.56391408423792 50.00000000000001
280.187532262416 51.92797571467682 50.00000000000001
740.0589182130634 363.4360858218328 50.00000000000001
719.8124676074275 348.0720241760873 50.00000000000001
468.5558127037589 70.91187587573488 50.00000000000001
531.4441864667742 329.0881220404821 50.00000000000001
527.5658438072194 354.1991108309194 50.00000000000001
472.4341558467239 45.80088833911542 50.00000000000001
951.2762318274766 122.727440608131 50.00000000000001
931.8748118271458 107.0616509505358 50.00000000000001
954.7381816581429 96.49090354177625 50.00000000000001
933.4319782231892 81.460866061583 50.00000000000001
48.7237679008981 277.2725593087691 50.00000000000001
68.12518789731267 292.9383489746596 50.00000000000001
45.26181813914629 303.5090964314687 50.00000000000001
66.56802164357774 318.539133916031 50.00000000000001
24.26782651715264 259.6517405409421 50.00000000000001
975.7321733196341 140.3482594349786 50.00000000000001
964.9865836531235 166.0339749882619 50.00000000000001
35.01341615908537 233.9660249679107 50.00000000000001
430.4632440174572 311.7641605153383 50.00000000000001
569.5367558639364 88.23583955520115 50.00000000000001
647.8685910545175 261.6481098163946 50.00000000000001
352.1314088320006 138.3518901170206 50.00000000000001
689.2777115608634 131.7686215241194 50.00000000000001
666.4697788093879 140.9063272376859 50.00000000000001
647.1085635699565 125.243261123476 50.00000000000001
621.5896251621576 135.3500960320788 50.00000000000001
310.7222882466114 268.2313784829204 50.00000000000001
333.5302210186371 259.093672780282 50.00000000000001
352.8914362606729 274.7567388995035 50.00000000000001
378.4103747487777 264.6499040103387 50.00000000000001
462.8703872392472 20.97628786403639 50.00000000000001
537.1296126959329 379.0237119824442 50.00000000000001
587.5496335605199 20.12281015712401 50.00000000000001
412.4503664154446 379.8771898546975 50.00000000000001
618.8797937897102 45.86223993327204 50.00000000000001
381.120206089632 354.1377601217268 50.00000000000001
644.2837870431799 150.3360981993226 50.00000000000001
355.7162128347369 249.6639018297402 50.00000000000001
712.315174053176 122.9358543987099 50.00000000000001
287.6848257421373 277.0641456062697 50.00000000000001
689.6531890952222 268.0334709026781 50.00000000000001
670.7603816651449 252.5766184763849 50.00000000000001
310.3468107684375 131.9665290161581 50.00000000000001
329.239618208633 147.4233814541215 50.00000000000001
587.9609554300467 375.110456161756 50.00000000000001
613.4394554975919 378.639836040742 50.00000000000001
624.9259882683789 356.9014694479089 50.00000000000001
412.0103215824053 24.88785277034722 50.00000000000001
386.5314024050777 21.35824478957186 50.00000000000001
374.9997925346489 43.09694043384359 50.00000000000001
666.7648966283505 276.8721256204485 50.00000000000001
333.235103249013 123.1278742987613 50.00000000000001
370.3239689399746 154.0073527919879 50.00000000000001
629.6760309785579 245.9926471564624 50.00000000000001
639.0618118239483 22.5453540659236 50.00000000000001
643.2648099210959 47.81120432746568 50.00000000000001
662.1269322578949 34.1267386954999 50.00000000000001
680.9456715870849 46.30358755299814 50.00000000000001
360.9381881306881 377.4546459908374 50.00000000000001
356.7351899344521 352.1887957540493 50.00000000000001
337.8730677200197 365.8732613302475 50.00000000000001
319.054328488567 353.6964124886903 50.00000000000001
712.2460114360697 21.49572124115603 50.00000000000001
737.1760227545489 21.85248606609735 50.00000000000001
287.7539885643752 378.5042787595019 50.00000000000001
262.8239772344746 378.1475139461556 50.00000000000001
363.8179558960218 62.63375502621907 50.00000000000001
636.1616494386058 337.3571100956116 50.00000000000001
787.472366050969 21.23072830115019 50.00000000000001
774.9999666467542 43.21958817132941 50.00000000000001
812.473972639008 21.202092340529 50.00000000000001
824.3716984243147 41.86536646410188 50.00000000000001
850.2401779730893 45.70953487868599 50.00000000000001
862.5028366274084 22.07724739491002 50.00000000000001
874.8900491370207 43.34448342404919 50.00000000000001
887.4194564907746 21.7553394291399 50.00000000000001
899.9864405583996 43.34015282499469 50.00000000000001
924.4943156332936 42.77215989444215 50.00000000000001
887.2522277976527 64.40111267361479 50.00000000000001
912.537004727059 66.7751312246933 50.00000000000001
212.5276339482048 378.7692716893735 50.00000000000001
225.0000333531456 356.7804118266817 50.00000000000001
187.5260273602663 378.7979076473603 50.00000000000001
175.6283015052798 358.1346335302435 50.00000000000001
149.7598219277395 354.2904651344336 50.00000000000001
137.4971633549442 377.9227526079428 50.00000000000001
125.1099508598004 356.6555165769977 50.00000000000001
112.5805435067457 378.2446605737101 50.00000000000001
100.013559440994 356.6598471760234 50.00000000000001
75.50568436945464 357.2278400969529 50.00000000000001
112.7477721625098 335.5988873301016 50.00000000000001
87.4629951761696 333.224868758965 50.00000000000001
877.6632166775219 174.0542901395853 50.00000000000001
854.2991210500783 182.7713663657552 50.00000000000001
122.3367830773093 225.9457097926123 50.00000000000001
145.7008787071941 217.2286335664601 50.00000000000001
839.0439804120253 142.8483612321478 50.00000000000001
819.7366046010476 127.1887149817001 50.00000000000001
160.9560193405546 257.1516387202552 50.00000000000001
180.2633951504856 272.811284979168 50.00000000000001
977.5670073945375 86.100428483709 50.00000000000001
22.43299249624033 313.8995715218089 50.00000000000001
697.5196877361786 219.5864099760632 50.00000000000001
302.4803121143879 180.4135899698253 50.00000000000001
835.0351636737564 167.1558537369539 50.00000000000001
164.9648360837654 232.8441462050368 50.00000000000001
978.3494908719977 287.5002181801541 50.00000000000001
21.65050912803891 112.4997818200301 50.00000000000001
20.69526183902845 62.66853737180492 50.00000000000001
979.3047381311551 337.3314626288077 50.00000000000001
112.4999302958247 21.65059485091206 50.00000000000001
125.7417259664167 43.23215694846605 50.00000000000001
887.5000697041405 378.3494051490908 50.00000000000001
874.2582740112016 356.7678430401315 50.00000000000001
837.5001002840531 378.3494228044099 50.00000000000001
813.7103110434211 378.4793875743148 50.00000000000001
162.4998997158488 21.65057719554583 50.00000000000001
186.2896889124938 21.52061239825968 50.00000000000001
226.2815735506786 118.6678469127925 50.00000000000001
773.7184262740475 281.3321529734995 50.00000000000001
62.6006520429703 378.5237582845869 50.00000000000001
937.3993479574835 21.47624171386235 50.00000000000001
104.5801451177599 74.81612098516914 50.00000000000001
895.4198546996723 325.1838789248718 50.00000000000001
214.5914324717453 332.5775263355314 50.00000000000001
785.4085673677001 67.42247363946494 50.00000000000001
72.77294940428992 130.8080805580547 50.00000000000001
927.227050367429 269.1919193214833 50.00000000000001
127.9711401838307 316.7276634081382 50.00000000000001
872.028859608552 83.27233658502089 50.00000000000001
87.50070425704189 308.6035779398901 50.00000000000001
912.499295464306 91.396421993614 50.00000000000001
107.0177414978721 185.9615784908176 50.00000000000001
892.9822582633869 214.0384214229975 50.00000000000001
91.27926498177409 283.7664208839724 50.00000000000001
908.7207347502608 116.2335790517651 50.00000000000001
141.9364521265106 104.4199284906241 50.00000000000001
858.0635476667455 295.5800713905256 50.00000000000001
57.69883253774493 227.7279989416493 50.00000000000001
942.3011672462623 172.2720009897043 50.00000000000001
203.3920175538787 264.0039635886303 50.00000000000001
796.6079822070924 135.9960363750036 50.00000000000001
47.03768609945379 354.9386807613906 50.00000000000001
952.9623138952239 45.06131924173118 50.00000000000001
180.4128377011034 135.7994295729333 50.00000000000001
819.5871620935361 264.2005703217217 50.00000000000001
238.0404345141841 319.3338071012915 50.00000000000001
761.9595652385331 80.6661928987678 50.00000000000001
237.8309055204712 182.4050415941773 50.00000000000001
762.1690942855992 217.5949583367755 50.00000000000001
276.1736229754191 76.64379079448807 50.00000000000001
723.8263768833622 323.3562090902091 50.00000000000001
215.2189028786215 55.57304659547054 50.00000000000001
784.7810969757713 344.4269532943649 50.00000000000001
207.2499319106421 239.678530351436 50.00000000000001
792.7500678596763 160.3214696022276 50.00000000000001
272.106804725071 237.3575698916299 50.00000000000001
727.8931950838265 162.6424300864825 50.00000000000001
299.0097698060661 67.40840704380591 50.00000000000001
700.9902300783499 332.5915928768447 50.00000000000001
245.5560220255335 134.06543110042 50.00000000000001
754.4439777989219 265.9345688017864 50.00000000000001
268.365903716678 261.6599328565276 50.00000000000001
731.6340960794008 138.3400671322158 50.00000000000001
336.5836096899097 234.8061083396922 50.00000000000001
663.4163901700136 165.1938916657052 50.00000000000001
380.9430483628452 217.2026589484774 50.00000000000001
619.0569515671342 182.7973410633166 50.00000000000001
218.7223175791295 166.9108435928916 50.00000000000001
781.2776822221452 233.0891563247208 50.00000000000001
325.2243457972079 171.6347598048957 50.00000000000001
674.7756540731666 228.3652401414176 50.00000000000001
394.3795412459597 145.8369007798805 50.00000000000001
605.6204587126357 254.1630991683747 50.00000000000001
497.5711206831599 47.32202104875824 50.00000000000001
502.4288792445093 352.6779788583561 50.00000000000001
184.1531177754884 248.4341933336803 50.00000000000001
815.8468819844904 151.5658066188056 50.00000000000001
434.7306119053121 109.3446020983514 50.00000000000001
565.2693862511944 290.6553929997569 50.00000000000001
697.3041499320575 357.7226569040687 50.00000000000001
302.6957086490816 42.27725785501595 50.00000000000001
222.6569079043276 142.8137232311022 50.00000000000001
777.3430919041834 257.1862766701877 50.00000000000001
168.9037966000524 208.595494913335 50.00000000000001
831.0962031644256 191.4045050164187 50.00000000000001
149.713870471828 193.0464815946216 50.00000000000001
850.2861292901866 206.9535183233816 50.00000000000001
126.3772258394025 201.6993742425665 50.00000000000001
873.6227739193062 198.3006256773358 50.00000000000001
203.4796564471054 127.2385463299768 50.00000000000001
796.5203433591558 272.7614535605172 50.00000000000001
761.918789840624 378.1152635713004 50.00000000000001
238.0812101210248 21.88473637212572 50.00000000000001
184.1420927006911 111.6426459149234 50.00000000000001
815.8579071074032 288.357353965124 50.00000000000001
111.1644374668184 161.8508027469947 50.00000000000001
888.8355622952383 238.1491971503589 50.00000000000001
465.6074707488294 94.15067949639557 50.00000000000001
534.392529250938 305.8493204718519 50.00000000000001
164.8505976169017 95.98244697095156 50.00000000000001
835.1494021918709 304.0175529008158 50.00000000000001
87.80342239156926 170.5624530094772 50.00000000000001
912.1965773686659 229.4375468880818 50.00000000000001
145.5786387391357 80.80497683352202 50.00000000000001
854.4213610856705 319.1950230600306 50.00000000000001
68.56684865263745 154.9027123528068 50.00000000000001
931.4331511097391 245.0972875375987 50.00000000000001
49.58427294327442 139.3946814288564 50.00000000000001
950.415726806619 260.6053184469517 50.00000000000001
750.1214871896683 42.39423940337058 50.00000000000001
249.8785127864259 357.6057606309309 50.00000000000001
979.062246876782 235.1811964052513 50.00000000000001
20.93775300669429 164.8188035781735 50.00000000000001
298.6403759110747 341.202850154285 50.00000000000001
701.3596239996156 58.79714990248092 50.00000000000001
958.2714665000373 348.3902574399432 50.00000000000001
959.3875306587277 375.7175894872349 50.00000000000001
41.72853342590029 51.60974253227145 50.00000000000001
40.61246929319756 24.28241048022267 50.00000000000001
462.3177143156414 378.8792770608753 50.00000000000001
537.6822856457475 21.12072291226279 50.00000000000001
434.9672519149843 290.4786534269168 50.00000000000001
565.0327480279874 109.5213466308735 50.00000000000001
979.1837142593167 37.49646665426398 50.00000000000001
955.0515612152439 70.75168933659806 50.00000000000001
20.81628574003292 362.5035333461888 50.00000000000001
44.94843871648114 329.2483106766209 50.00000000000001
676.4642531041054 68.99452425676337 50.00000000000001
323.5357467067292 331.0054757549092 50.00000000000001
101.3232149553548 39.78976828518059 50.00000000000001
898.6767849438068 360.210231673128 50.00000000000001
200.2586291902384 357.8921049663846 50.00000000000001
799.7413707745745 42.10789499750595 50.00000000000001
394.9672230681573 283.8400762745173 50.00000000000001
605.0327768303173 116.1599237611244 50.00000000000001
873.0641681964281 333.3940468457644 50.00000000000001
126.9358316502421 66.60595309509451 50.00000000000001
498.0520293377911 303.9187052212318 50.00000000000001
501.9479706419726 96.08129474080836 50.00000000000001
569.1413793130439 357.5723078553934 50.00000000000001
430.8555021415568 42.42715704338866 50.00000000000001
983.4943666266374 211.9082444412351 50.00000000000001
16.50563327698547 188.0917555333746 50.00000000000001
959.8101102271817 323.9725266956909 50.00000000000001
40.18988968914713 76.02747327964651 50.00000000000001
690.3729701018354 380.0080749670461 50.00000000000001
309.6270298224225 19.99192498940374 50.00000000000001
388.0411884669844 59.50694916330136 50.00000000000001
611.9423166900508 340.4796203107247 50.00000000000001
934.2911631916545 379.7929001864088 50.00000000000001
65.70883672293722 20.2070997416844 50.00000000000001
801.1536031229853 359.0587827638711 50.00000000000001
198.846396771919 40.94121717461793 50.00000000000001
600.3780379752836 169.5988157996045 50.00000000000001
399.6219620143088 230.4011842511325 50.00000000000001
424.0525434872294 357.4434337856319 50.00000000000001
575.9474564152259 42.55656624947002 50.00000000000001
661.1424262524519 376.2776557589958 50.00000000000001
338.8442898869915 23.71659728096869 50.00000000000001
484.0239126270808 83.42070609537608 50.00000000000001
515.9760872165834 316.5792935231935 50.00000000000001
375.2588160832431 239.1176552982997 50.00000000000001
624.7411838584942 160.8823447618528 50.00000000000001
762.9806945440635 59.83135940286232 50.00000000000001
237.0193053027679 340.168640581931 50.00000000000001
700.1015673133328 38.31602388175111 50.00000000000001
299.8984327679449 361.6839761158573 50.00000000000001
632.492042795688 65.14459379872898 50.00000000000001
367.5079570201965 334.8554062574779 50.00000000000001
961.4040030393542 298.7872962650436 50.00000000000001
38.59599687261031 101.212703698569 50.00000000000001
64.30456520102739 338.6357668419921 50.00000000000001
935.6954347388019 61.36423315180954 50.00000000000001
956.8971829197658 186.8121830508407 50.00000000000001
43.10281688205195 213.1878168875604 50.00000000000001
663.1602184581773 54.16754681280628 50.00000000000001
336.8397814538657 345.8324532224572 50.00000000000001
737.5000000000186 383.8596883729613 50.00000000000001
262.4999999996693 16.14031156064135 50.00000000000001
393.3346122413272 119.8490230231173 50.00000000000001
606.6653727294207 280.1509374697868 50.00000000000001
592.997309859189 233.7486550567835 50.00000000000001
407.0026901121929 166.2513448977949 50.00000000000001
574.0171125058225 66.48075595945581 50.00000000000001
425.9828873704547 333.5192441036895 50.00000000000001
549.1007406887089 362.7064108763523 50.00000000000001
450.8986350786658 37.29348077265767 50.00000000000001
400.8669836468634 363.0879715861806 50.00000000000001
599.1330161960828 36.91202850666436 50.00000000000001
850.205428852825 363.0215809913715 50.00000000000001
149.794571134715 36.97841893659873 50.00000000000001
18.30127018925049 381.6987298107965 50.00000000000001
981.6987298107524 18.30127018921716 50.00000000000001
18.30127018933334 18.30127018938424 50.00000000000001
981.6987298106917 381.6987298106558 50.00000000000001
415.9994058917144 111.6505414402338 50.00000000000001
584.0005584937038 288.3493648637404 50.00000000000001
868.0187800352894 61.50597392359558 50.00000000000001
131.9812198459181 338.4940261270902 50.00000000000001
486.9386713125346 384.9981358787007 50.00000000000001
513.0613286795499 15.00186409904945 50.00000000000001
104.4143142941546 317.6547763803547 50.00000000000001
895.5856854594159 82.34522365166173 50.00000000000001
963.420935364503 275.9296500359274 50.00000000000001
36.57906454959717 124.0703499498482 50.00000000000001
166.4692968102939 339.844138004503 50.00000000000001
833.5307029709545 60.15586202463688 50.00000000000001
393.5502987294494 39.4745312750009 50.00000000000001
606.4128800714883 360.5212367650552 50.00000000000001
447.9420342336976 97.79277600676073 50.00000000000001
552.0579657545342 302.2072239098515 50.00000000000001
580.9621114976369 119.5798316367494 50.00000000000001
419.0378884427322 280.4201684898256 50.00000000000001
985.0391305076716 163.1414255104636 50.00000000000001
14.96086935094313 236.8585744802132 50.00000000000001
778.4679044105703 362.5895866401676 50.00000000000001
221.5320954822583 37.41041332813167 50.00000000000001
917.7685047127004 361.7142609356137 50.00000000000001
82.23149508678212 38.28573897122604 50.00000000000001
484.0592354542923 61.20298182962927 50.00000000000001
515.9407644990906 338.7970181023769 50.00000000000001
443.8279128078094 361.8054568163358 50.00000000000001
556.1720871379446 38.19454315305617 50.00000000000001
891.1195232635855 343.6650865286999 50.00000000000001
108.8804766093493 56.33491341082236 50.00000000000001
442.8011453018208 325.771452213105 50.00000000000001
557.1988546136884 74.2285478135916 50.00000000000001
641.9551603368752 361.3277305750215 50.00000000000001
357.9949737493282 38.64220081142619 50.00000000000001
662.2539812825034 14.68440019077058 50.00000000000001
337.7460187105142 385.3155998547595 50.00000000000001
3 1 0 347
1815
1816
1817
1818
1819
1820
1821
1822
1823
1824
1825
1826
1827
1828
1829
1830
1831
1832
1833
1834
1835
1836
1837
1838
1839
1840
1841
1842
1843
1844
1845
1846
1847
1848
1849
1850
1851
1852
1853
1854
1855
1856
1857
1858
1859
1860
1861
1862
1863
1864
1865
1866
1867
1868
1869
1870
1871
1872
1873
1874
1875
1876
1877
1878
1879
1880
1881
1882
1883
1884
1885
1886
1887
1888
1889
1890
1891
1892
1893
1894
1895
1896
1897
1898
1899
1900
1901
1902
1903
1904
1905
1906
1907
1908
1909
1910
1911
1912
1913
1914
1915
1916
1917
1918
1919
1920
1921
1922
1923
1924
1925
1926
1927
1928
1929
1930
1931
1932
1933
1934
1935
1936
1937
1938
1939
1940
1941
1942
1943
1944
1945
1946
1947
1948
1949
1950
1951
1952
1953
1954
1955
1956
1957
1958
1959
1960
1961
1962
1963
1964
1965
1966
1967
1968
1969
1970
1971
1972
1973
1974
1975
1976
1977
1978
1979
1980
1981
1982
1983
1984
1985
1986
1987
1988
1989
1990
1991
1992
1993
1994
1995
1996
1997
1998
1999
2000
2001
2002
2003
2004
2005
2006
2007
2008
2009
2010
2011
2012
2013
2014
2015
2016
2017
2018
2019
2020
2021
2022
2023
2024
2025
2026
2027
2028
2029
2030
2031
2032
2033
2034
2035
2036
2037
2038
2039
2040
2041
2042
2043
2044
2045
2046
2047
2048
2049
2050
2051
2052
2053
2054
2055
2056
2057
2058
2059
2060
2061
2062
2063
2064
2065
2066
2067
2068
2069
2070
2071
2072
2073
2074
2075
2076
2077
2078
2079
2080
2081
2082
2083
2084
2085
2086
2087
2088
2089
2090
2091
2092
2093
2094
2095
2096
2097
2098
2099
2100
2101
2102
2103
2104
2105
2106
2107
2108
2109
2110
2111
2112
2113
2114
2115
2116
2117
2118
2119
2120
2121
2122
2123
2124
2125
2126
2127
2128
2129
2130
2131
2132
2133
2134
2135
2136
2137
2138
2139
2140
2141
2142
2143
2144
2145
2146
2147
2148
2149
2150
2151
2152
2153
2154
2155
2156
2157
2158
2159
2160
2161
443.2943188995418 334.920497243916 24.52048376054185
344.9654184744318 223.8390968475969 25.21720783673499
455.2112335902743 88.3881165520869 24.75666222057696
313.584432097018 144.9766867350812 24.80530909129735
274.9904049154297 175.9086635147691 25.17963727820316
326.2329155097294 342.2395791550335 24.22204036664662
365.3581144383689 105.6559459228252 24.71348816418229
760.8961854476878 180.1686857198112 25.2328108677775
710.200114523748 184.6475712739711 25.19026062736522
308.162120310762 229.1543487756957 24.85703588154497
417.9316080996062 310.3799918908676 25.22737512758835
398.8783003342617 130.1226374489773 24.83841317919939
726.3782922599587 125.1151916745312 25.19526471781227
684.7269079292486 254.7801291035765 25.25229252370781
132.0904389270663 79.17631848403144 25.19184041236345
161.9781091577991 328.0103769602788 25.36090808326224
243.5804690096312 97.21785900150958 24.98307174361915
225.1068836393134 217.6351551191952 25.38978924355163
864.3651333652555 209.1286230839272 25.11461519312698
146.7848538657833 254.8627127905042 25.10447869023671
310.1629594175762 200.5703419173319 24.57013620418268
301.712921929226 328.5273923980802 24.44449307929819
783.2045635137509 269.5629989809935 24.90775905445084
814.0224071286814 215.4868534012783 24.76391401588523
213.6043297545917 153.705394726796 25.33001657672775
736.1263431941157 287.8844183748949 25.19854675825914
557.690761010311 354.5562798916868 25.34846250179683
602.751956229432 267.2933613677801 25.43406254128297
787.0546575724543 111.1536590633094 24.88813794113213
166.8463664357078 134.6800461005819 24.92052380080854
503.5650729156413 340.2671708575137 24.91901753012317
258.9206207958054 237.2008672019863 25.03131584916594
105.6563103413359 109.6432397753922 24.85062390105836
159.7746535736949 219.5568021044821 25.31019037003218
372.4543927004023 189.787046764051 25.47671853295457
753.2324335506188 228.5582970897205 25.46520754789963
109.3973377849086 261.5596537980997 25.20255069152731
670.4329840898407 153.7402896927013 24.97658543970257
829.3909311517339 154.4992699166029 25.13093774656805
973.4475180058571 324.9752003395185 25.24304006996129
274.9286988181447 136.7310228980884 25.04745122258204
891.3948096174325 140.4971829215292 24.83158845162098
114.4960240301914 174.8357592292282 24.83599046067496
628.3989674697226 207.3143217771535 25.11130648534581
833.652735856143 266.6494620327373 25.38264645090608
544.3968663147173 56.48620030698032 25.19949696627969
364.6111436250894 48.06980315904877 25.23730002624266
918.1942794774869 244.9802721315024 24.72691617276536
177.9577960033429 197.6635224865129 25.56320411006447
539.1072601582969 318.2539168860949 25.59590335564236
827.1166064658313 64.6370711090791 24.04878280442634
324.0416518716613 98.85923909172222 25.20214867458963
911.1770077789939 191.9783851067443 25.44863732966138
201.6359139233109 89.46656198706228 25.40652347538495
666.6196013732638 220.0715916290005 24.39462883973596
189.2937703943947 261.7533368605957 25.3550804547751
633.8150824088339 75.39929789203441 24.26433125378265
280.3505057423233 89.80223979883134 25.33790641900981
127.5736124610652 347.2070324153552 24.19598655954951
268.4035882826001 203.025371295696 25.11289483063422
137.8525095198687 190.8566271574173 24.40233468122589
325.8724697653657 370.6838990471844 24.65750024068899
614.3622349840076 352.0257521151415 24.98026235016286
441.8905552177195 43.43324829480435 24.528651404588
312.5099330354158 280.9663377076221 25.56756731673692
26.55248192785787 75.024799657438 25.07267990482828
826.0781437135897 115.6646121126487 25.01444732939544
220.3376583076831 68.28411327230693 25.2878046803119
231.5726224905086 131.8071114089939 25.67417764335515
863.4537750668042 308.4997652733479 25.53977046609875
676.76102859681 303.24519067823 25.6018090496879
750.3401143272097 95.12848490499776 24.84583222969315
854.0284106688275 124.386290184982 24.78084374888102
665.3571154754515 126.2426732750091 24.25837895339156
702.4822336339657 232.8009361275318 25.93157179945339
778.9780769176513 158.7824400539241 25.65925613459939
766.4985588897721 366.4140799953995 25.29696683184124
821.910402244402 303.1703595850367 25.13654064080936
366.3720452428878 77.02831268200504 25.3574066074347
798.7717649247004 191.9429125765119 24.87551224832459
96.08239805819294 297.203138908192 25.22980742137872
375.221259880062 371.1583403695722 24.9635957994446
899.8663889073746 372.8455570835729 24.78931000009528
136.6916830571298 33.97525586688734 25.16733502162695
782.9803425736155 309.2732253965639 25.39713118362694
655.9150294949918 44.4940605803982 25.00546961459371
74.03035554875638 167.8363537510851 25.3978102114664
785.9642851704613 221.4070874829944 25.00994164812375
113.71415116526 216.8106386637297 24.81651581436534
900.1585491366869 345.553811022899 24.31184188202485
148.279541645515 155.6800321169929 25.8124264316456
568.5259722899652 76.68877752063096 24.64325927766702
346.5217437256709 125.9754864570404 25.82789259847166
75.0981214250999 205.8246051011128 25.28392644417617
168.0125452301723 106.641832573971 24.2247187947839
251.1052643636006 161.6719577175216 24.04263932580142
723.5031780172303 253.6582555257968 24.92727843497836
865.497918271891 169.4285867748034 25.14283012834016
264.8015407903317 320.2121170321789 24.06510669194039
732.2267014561694 207.9673036076735 24.99296623890651
860.3623658435041 258.0448715222111 24.87120151871446
890.2402099890229 250.776759372052 24.99210844022279
620.5984559223867 237.9708660635893 24.83401435675991
304.7904978346124 118.7459724610058 25.89255745394601
337.0817466024881 160.2811076423731 24.31223570000619
756.6881770598326 340.3358206787665 25.80990178152948
240.2078957234103 306.6011812179706 24.46349052798274
227.5412558538033 331.6156065365912 25.03004973562876
749.2268323216537 141.0598376811785 25.23339084731547
35.45107812825159 112.4530087141824 24.45769325601522
660.6775279947082 84.92517192743321 24.98640560835603
835.6890074812128 237.5262967290064 25.02656403794675
171.208740976307 283.9060127446044 25.38301906462433
574.8030766765745 290.8678395807754 24.21271057169323
814.7258374107506 32.35502014587446 24.58503917258981
424.3819907115058 102.5124891430865 24.82213426726208
469.3491447465397 344.3163241760926 24.78234987281549
99.92877729820245 50.425223239898 24.87082863981849
683.723295584917 192.7584038471396 25.29556050399593
656.357448915315 284.0474928619782 24.99141378051375
902.6997829045898 221.6002756840716 24.85551777297444
496.4349270530179 59.73282906921181 25.14392120370123
212.9583645441988 181.4612756062203 24.02332698221907
241.868875119897 195.4451556308464 26.0002439986705
837.3353661766042 200.3638381728893 24.44407821251287
132.9058900790479 115.499851863222 26.06110985032343
941.4674099679249 133.1893555159382 24.73181344121584
599.9308827074002 103.6790681108614 25.03329319757319
105.8179776138843 148.3838769604835 25.98181893541536
197.3920632298451 217.417467638652 24.75693188842176
369.5830389193458 251.9799439969234 25.39186535197071
899.2494420585516 289.6703721877463 24.74111935849413
639.8990609091649 115.4195231590826 24.00177937517983
629.4471648350581 325.5402212926795 24.93393653817405
81.1190475078437 257.395132654293 25.20873346394674
694.6500211919504 281.2859816611899 26.32351283737242
425.3282656974967 371.4656209359885 24.8240764438748
704.474905020212 102.9300703995006 24.98770751523401
204.4363497241649 117.0866555977972 24.14812520364735
245.4617736207923 55.6569893986708 24.95633505710375
906.6918292394771 318.2723043157229 25.24114914810928
374.1375383404946 343.3517549435072 24.33611310644172
763.7859301690798 289.305978420497 25.40568924599237
655.0345814030347 176.1609031533606 26.51327864339037
176.4177811976921 170.0231136956007 24.13390882412669
875.0310270796143 27.3252504769942 24.95119351126272
684.3079783682799 352.187904368426 24.86469465643035
922.4631106167084 98.8875957964834 24.74676435185311
301.5187076364085 169.4649901249703 25.00992088992286
734.102035627912 315.7204704138542 25.19979943550024
77.67851823504007 26.08944327666977 25.27979390713086
78.96802265089492 119.2629139735545 24.83786196685907
718.8733021607445 154.4540762664125 24.97827320985519
756.7223001640119 68.19487632922862 24.36274140793495
113.4241291451646 323.4863759586823 24.5477536620939
583.2584560035106 330.9460818735021 24.88068020187668
200.9093584504393 342.1700798437952 25.46637458611314
240.4387292175228 257.3353824239426 26.59974069803004
957.7001016222389 286.9426592734051 24.76847883642655
401.1992357271057 60.59113405024915 24.9972184068591
180.8076877365934 70.48064573711191 24.73749051656446
224.2295526777827 25.72186921253812 24.44726931418368
515.2628816283631 304.6167231671401 25.28128906220824
376.7871663250245 303.40932370022 25.54051834591756
521.5087095866267 71.73434065864765 24.26995553701431
278.8292560219568 288.2149145188411 25.59533567473013
699.663634831395 319.684113160179 24.96379175705096
329.4028940352436 246.2390772264851 26.27663152972113
791.3759956840515 353.5235379845059 24.31383765995367
810.5471142504474 93.05542897733939 23.44445374073671
913.0927745606479 162.2257823705084 25.02238627730667
57.56413544317507 301.5670479140757 24.79094062899654
548.0397607439827 28.4527896744538 24.73496309489137
941.5581973306023 229.8513584325272 24.37528484151997
596.1947069475858 69.36146037639847 24.79765543369668
224.9650712232098 371.2922734162649 25.45281513968323
809.0577523319985 278.8842362048044 24.43985463742107
373.2320661041007 140.4243400095224 24.68302909453813
482.2410679019603 95.20479508620593 24.80004677154563
775.0209901151053 27.13602100814147 25.03044592566433
781.4112352173571 54.59611535519292 25.01275141873743
398.7561502471119 157.2405970880321 25.77050446348668
927.0581036321142 369.8138113388829 25.56075701638176
338.7230405497837 317.3002396508974 24.95565102192937
656.7207006330539 250.5669795430508 25.97124868673838
264.1828240809329 348.8090592205118 24.76294646822149
883.8441810073911 189.8177298637545 24.39539218401821
914.4108548489208 125.2793036471097 24.5600050101737
336.8721151143123 198.2378531752641 26.52079873934899
475.1252461306105 28.91179290098525 25.15813235119005
278.9357751694693 255.1483142257482 26.12951726702462
559.9535166484493 120.961618123612 25.08645868771005
289.0970989637069 363.770193290797 24.09798962402506
312.1608877969479 35.98749798946189 24.26545212491495
252.1519631353279 282.0463860753929 26.05469092322986
94.06700480691607 84.3772596954076 26.07830562132605
804.4104932964274 132.0792884142476 24.2453881644764
637.1325734933646 366.6048789444847 23.9021866155453
209.7639010040669 280.5835137965846 25.33731125613337
863.741362809546 365.7005266679952 25.38391145492815
808.9319295187347 242.1591054673173 25.05161693917422
633.3824020755261 142.344253541383 25.75592447051309
392.401950289293 103.7992005506399 24.97558697694278
473.1581314331325 372.3465365782599 24.70145479660519
939.3026602190812 266.198324357688 25.21669483774761
699.557085984309 129.692485629256 24.89133172585242
393.5994692479395 215.9302667333194 24.87142529984514
88.10220657720876 230.442412850617 24.77470103033141
338.7841614451435 272.3970371981618 26.34029372519352
586.0364376527035 33.55727896574382 25.24132241924832
760.8434763809897 254.5597601074167 26.39915666040328
32.63405159425292 281.0722777788513 24.77825093034599
520.139690808141 363.0207048090178 24.14548771558882
80.15943384423205 320.1553978602025 25.64470639123624
872.7634352676553 282.5148253813828 24.24789367622761
922.3958583899628 56.70660359771519 24.90436751738905
626.8899892123744 178.2466406345085 24.07262823201234
163.333463325606 30.11912787268279 24.45090466222781
804.9673291978727 165.7752593976889 26.03910753791073
251.7112330839171 28.73290679630778 24.36084650309667
943.6566429982215 161.050203844054 24.43950292801285
879.1359615211999 113.083636985139 25.98282470197387
399.8765936711856 331.6426880516801 25.05855415220983
53.92684985503512 77.6073147730652 26.20689443169818
71.19323667525046 54.3523309202956 24.70391694603806
609.162071080921 294.3125319540039 25.39229908480774
860.8573629143013 51.66305279084596 24.59968616039143
392.5539821087462 268.7648764467952 25.60680842397693
305.2943555008056 79.40423686589256 26.58071867872438
491.2670231737924 316.5015859561951 26.48879861131183
464.2048631861165 317.7273948636569 25.76107344749122
150.1609042073546 369.496239806441 25.8665759553774
597.6289873343835 224.1077892401164 25.6379746374433
415.310603515271 37.1981564129285 25.82137511631717
904.6756863587726 77.82368496614937 24.36498234314348
388.7930825904618 37.10337164853914 23.95343399165131
134.3940467795579 304.4203723301628 25.28030288407373
178.2260905155686 370.3957885616418 24.85227139951128
775.7747102193023 86.9263225690446 24.948661017569
47.85464715880123 200.2660157198086 25.83685250552404
946.6269600709348 321.7233474921657 26.49207156257334
436.1019483820715 69.59842012068225 24.84722469010071
877.772785328854 330.9853468686986 23.81534480773533
265.6578178915277 111.8916275704544 26.6926261771692
949.9065406647283 27.46734905188573 24.96719087170185
131.5256631735145 277.3722428912328 26.06566286421755
64.63348089788357 142.3308520988335 26.20991123045776
36.3690413566062 140.768033252677 24.97359426850148
937.1179080527445 199.4771629539722 23.12491357739896
965.9769099858554 197.9501293139587 24.86614958669638
668.0490659495363 329.6248425030831 24.10746308345123
926.8210008740059 342.9633478226351 26.30019377026404
443.0994958366034 301.1691982348094 26.75815335624881
629.2510960739249 48.77303234712196 24.28878201888961
810.2655396205091 327.7830055138058 24.23113187070125
272.1233472206593 63.30217410841277 26.00051663579569
217.3052565162873 243.4818817548399 25.23373297647981
588.0872237755916 357.3106274202056 24.42767489054284
548.287251450834 293.2481279299851 25.19600940403934
734.9276496168665 175.3977147548409 26.57674236235052
282.2583338681006 225.2781365096033 27.15092693249882
503.0351721868332 32.39197419360663 24.80105989278954
857.0352797319117 82.99503396967725 25.01450224292768
969.6733000648554 99.03097866772278 25.79528642914598
842.197583994467 31.48194822886373 24.77041110295323
179.6610412837837 237.0673299076674 26.46216431530448
632.2196345393101 262.8257248083636 24.41922801364013
340.4089046294516 61.79263315409776 25.42212768480152
467.6074525639435 291.778898800587 25.87173008893708
747.4009507205833 31.12749833349738 24.61035304685361
362.8008534700558 165.306191099506 27.37591855987913
50.93592814552499 239.3698417857706 25.33189250531812
461.1240050982158 61.38869789206474 26.53852766878754
136.0099957366062 230.8439130430356 23.15962979937274
449.0390506881832 359.8016071031883 25.07594070209717
922.1319700809288 28.89652387694863 24.92894001829906
305.0874374434903 255.916912437121 27.56847812373097
762.047028759064 118.3703614136996 27.5335579221917
724.9711966437802 84.70109627734337 25.20240751387752
840.4699576752892 323.1271321122118 24.70062214677782
889.1595900950419 51.84839024835738 24.7046927567656
100.0120937654772 371.1114452665217 24.99908718422541
825.569886357975 371.9492774411123 24.65920637015801
693.3182339920348 49.0118924814501 25.01815445917192
182.0787454003547 309.9606763772892 26.80189211018681
146.7002113244357 57.82999492586223 22.97120227599857
967.4158058195451 239.8825482215771 25.25583394271606
191.9641422553122 40.69687238150331 24.67251401053667
710.9776819225619 362.5381801063064 25.33290102344989
765.3472927344756 205.6881521023796 22.67647588634149
422.6726404127875 283.9414978934672 23.56874535083985
694.510286742629 163.7884435180841 26.46872240203264
974.4521754977696 374.3825419048791 24.74673844518034
844.6558493001463 290.3451978008742 26.71478572332182
594.8408873477653 147.0913701527666 25.13656745728727
157.8824704764982 82.74970398599325 27.05842478201104
448.2198092857097 113.834657266194 24.99282294768823
404.3800634677008 243.4888131162056 25.27084806202888
111.6487448997374 27.30755021852996 24.71993761885883
926.0257691927733 289.4245018913905 23.61110229455273
51.3398902967348 34.94747889299647 26.28073493226438
26.65877859134977 47.34825903950443 24.40790085284647
366.8017532538855 278.585915440051 26.46450832750017
870.4016442474099 234.2334519259468 22.77668273584084
192.0949356991555 139.5515375087679 27.2791890036473
731.0737462362815 57.5896584009282 25.94506592709966
25.24196824400953 372.8457612027333 25
98.86539557439917 195.5382857402857 22.582524773354
687.7471917478656 81.3491436937223 24.2631817115121
284.6140105456547 34.01694821272812 24.37348585032939
650.6041776988156 309.786578852511 23.25968695676865
252.3573398091594 373.6313113865561 24.97828806203818
35.92050306099975 318.3030105679762 26.54151412505893
299.6590603095208 303.1195190737705 27.73514633175159
729.5653671506517 342.6046398611045 23.41866793285494
367.9714337814341 214.3148374486767 28.66316394091047
213.5784202795384 308.8420075739745 24.25902041207274
420.1157999494928 143.9001663864043 21.73722944835975
544.8359801364772 87.90294186665562 24.14100775013649
50.86532436096486 341.6972631812545 25.89457924941849
576.3609035630556 264.4115591786693 25.81853268718803
564.2628396167307 313.9824888705783 26.95198469115414
340.7227922794468 34.15444067139254 24.45745801901266
95.34250425539183 344.0832168565877 26.05316532082717
970.8482256094372 154.2414505420439 25.24191696675402
347.8509349518326 356.7154549600691 25.9101896487927
520.172935759389 98.57434174138659 24.30403551154979
719.4812744323112 32.17252937428385 25.20856973493462
59.10913139572144 103.5369957423984 27.91118975922257
420.6214466664428 346.4421758818093 27.17354894146851
968.684359172629 49.66179844823346 25.75961563756603
643.5946029472226 229.054774627259 21.73682027816113
841.5781718848182 350.1513120815054 26.10379700362578
398.0874853506322 183.5953774125433 24.99279593131148
679.1995335522855 105.1167128458781 28.53559106356528
400.2547232351805 375.9008581945848 27.80347442844811
59.25677696388917 274.0982828677341 24.46848746148206
702.9056610336686 208.1389950640904 28.65195353153819
26.70690921991852 225.1851980963616 24.65018294870924
802.1409362969183 69.08878426792307 22.53698260661512
943.4014432455784 74.40983469476009 25.38769981606299
664.6795684747485 370.0182432543522 26.36718967291345
713.2395899052037 298.4675458161307 27.97094052422301
129.1307885466471 139.9970792390427 29.42671628149467
598.1455928711861 181.9021527720535 25.55482491970556
825.9236527193217 178.7863199698408 29.20349398655241
611.935765854304 127.0896147519597 25.73454457565127
$EndNodes
$Elements
11 10822 1 10822
2 1 2 1504
1 1 17 955 
2 124 1 955 
3 55 2 927 
4 2 56 927 
5 70 3 938 
6 3 71 938 
7 109 4 926 
8 4 110 926 
9 125 5 279 
10 5 140 595 
11 279 5 880 
12 5 595 880 
13 6 128 315 
14 129 6 557 
15 6 315 557 
16 7 132 625 
17 133 7 280 
18 280 7 625 
19 8 136 316 
20 137 8 555 
21 8 316 555 
22 17 18 901 
23 17 901 955 
24 18 19 944 
25 18 751 901 
26 751 18 944 
27 19 20 309 
28 19 309 944 
29 20 21 755 
30 309 20 755 
31 21 22 289 
32 21 289 755 
33 22 23 904 
34 289 22 904 
35 23 24 892 
36 23 892 904 
37 24 25 273 
38 24 273 892 
39 25 26 718 
40 273 25 718 
41 26 27 711 
42 26 711 718 
43 27 28 286 
44 27 286 711 
45 28 29 700 
46 286 28 700 
47 29 30 697 
48 29 697 700 
49 30 31 295 
50 30 295 697 
51 31 32 693 
52 295 31 693 
53 32 33 692 
54 32 692 693 
55 33 34 305 
56 33 305 692 
57 34 35 639 
58 305 34 639 
59 35 36 312 
60 35 312 639 
61 36 37 846 
62 312 36 846 
63 37 38 687 
64 37 687 846 
65 38 39 313 
66 38 313 687 
67 39 40 840 
68 313 39 840 
69 40 41 297 
70 40 297 840 
71 41 42 902 
72 297 41 902 
73 42 43 931 
74 902 42 931 
75 43 44 287 
76 43 287 931 
77 44 45 856 
78 287 44 856 
79 45 46 713 
80 45 713 856 
81 46 47 275 
82 46 275 713 
83 47 48 870 
84 275 47 870 
85 48 49 889 
86 870 48 889 
87 49 50 281 
88 49 281 889 
89 50 51 727 
90 281 50 727 
91 51 52 730 
92 727 51 730 
93 52 53 301 
94 52 301 730 
95 53 54 752 
96 301 53 752 
97 54 55 564 
98 54 564 752 
99 564 55 927 
100 56 57 849 
101 56 849 927 
102 57 58 317 
103 57 317 849 
104 58 59 741 
105 317 58 741 
106 59 60 293 
107 59 293 741 
108 60 61 946 
109 293 60 946 
110 61 62 887 
111 61 887 946 
112 62 63 277 
113 62 277 887 
114 63 64 912 
115 277 63 912 
116 64 65 825 
117 64 825 912 
118 65 66 283 
119 65 283 825 
120 66 67 742 
121 283 66 742 
122 67 68 307 
123 67 307 742 
124 68 69 852 
125 307 68 852 
126 69 70 320 
127 69 320 852 
128 320 70 938 
129 71 72 867 
130 71 867 938 
131 72 73 897 
132 867 72 897 
133 73 74 310 
134 73 310 897 
135 74 75 756 
136 310 74 756 
137 75 76 290 
138 75 290 756 
139 76 77 861 
140 290 76 861 
141 77 78 886 
142 861 77 886 
143 78 79 274 
144 78 274 886 
145 79 80 716 
146 274 79 716 
147 80 81 708 
148 80 708 716 
149 81 82 285 
150 81 285 708 
151 82 83 709 
152 285 82 709 
153 83 84 841 
154 709 83 841 
155 84 85 296 
156 84 296 841 
157 85 86 696 
158 296 85 696 
159 86 87 694 
160 86 694 696 
161 87 88 306 
162 87 306 694 
163 88 89 877 
164 306 88 877 
165 89 90 311 
166 89 311 877 
167 90 91 684 
168 311 90 684 
169 91 92 822 
170 684 91 822 
171 92 93 314 
172 92 314 822 
173 93 94 641 
174 314 93 641 
175 94 95 298 
176 94 298 641 
177 95 96 802 
178 298 95 802 
179 96 97 691 
180 96 691 802 
181 97 98 288 
182 97 288 691 
183 98 99 740 
184 288 98 740 
185 99 100 715 
186 99 715 740 
187 100 101 276 
188 100 276 715 
189 101 102 847 
190 276 101 847 
191 102 103 672 
192 102 672 847 
193 103 104 282 
194 103 282 672 
195 104 105 853 
196 282 104 853 
197 105 106 833 
198 105 833 853 
199 106 107 302 
200 106 302 833 
201 107 108 754 
202 302 107 754 
203 108 109 565 
204 108 565 754 
205 565 109 926 
206 110 111 850 
207 110 850 926 
208 111 112 318 
209 111 318 850 
210 112 113 848 
211 318 112 848 
212 113 114 294 
213 113 294 848 
214 114 115 739 
215 294 114 739 
216 115 116 734 
217 115 734 739 
218 116 117 278 
219 116 278 734 
220 117 118 942 
221 278 117 942 
222 118 119 906 
223 633 118 906 
224 118 633 942 
225 119 120 284 
226 119 284 906 
227 120 121 744 
228 284 120 744 
229 121 122 308 
230 121 308 744 
231 122 123 748 
232 308 122 748 
233 123 124 319 
234 123 319 748 
235 319 124 955 
236 126 125 321 
237 125 279 321 
238 127 126 300 
239 300 126 321 
240 128 127 566 
241 127 300 935 
242 566 127 935 
243 315 128 566 
244 130 129 304 
245 304 129 557 
246 131 130 445 
247 130 304 883 
248 445 130 883 
249 132 131 292 
250 292 131 445 
251 132 292 625 
252 134 133 591 
253 133 280 591 
254 135 134 299 
255 299 134 591 
256 136 135 618 
257 135 299 903 
258 618 135 903 
259 316 136 618 
260 138 137 303 
261 303 137 934 
262 137 555 934 
263 139 138 599 
264 138 303 599 
265 140 139 291 
266 291 139 599 
267 140 291 595 
268 273 718 881 
269 862 273 881 
270 273 862 892 
271 623 274 717 
272 274 623 886 
273 274 716 717 
274 713 275 714 
275 714 275 828 
276 828 275 870 
277 715 276 797 
278 276 780 797 
279 780 276 847 
280 609 277 616 
281 277 609 619 
282 616 277 912 
283 277 619 887 
284 734 278 735 
285 735 278 868 
286 868 278 942 
287 321 279 322 
288 322 279 323 
289 323 279 880 
290 591 280 598 
291 598 280 628 
292 280 625 921 
293 628 280 921 
294 281 727 728 
295 281 728 919 
296 889 281 919 
297 282 669 672 
298 669 282 940 
299 282 853 940 
300 283 742 858 
301 825 283 933 
302 283 858 933 
303 632 284 747 
304 284 632 906 
305 284 744 747 
306 708 285 859 
307 285 709 710 
308 285 710 859 
309 286 700 819 
310 711 286 845 
311 286 819 845 
312 675 287 676 
313 287 675 931 
314 676 287 677 
315 677 287 856 
316 288 650 691 
317 650 288 788 
318 288 740 788 
319 755 289 929 
320 289 904 918 
321 289 918 929 
322 756 290 757 
323 757 290 888 
324 290 861 888 
325 595 291 596 
326 596 291 895 
327 291 599 895 
328 292 445 446 
329 292 446 447 
330 292 447 625 
331 293 620 832 
332 620 293 946 
333 741 293 875 
334 293 832 875 
335 294 739 884 
336 848 294 954 
337 294 884 954 
338 295 693 872 
339 697 295 698 
340 698 295 872 
341 296 696 885 
342 841 296 869 
343 869 296 885 
344 297 597 874 
345 597 297 902 
346 297 630 840 
347 630 297 874 
348 641 298 642 
349 642 298 643 
350 643 298 802 
351 299 591 855 
352 299 855 876 
353 299 876 903 
354 300 321 579 
355 300 579 879 
356 300 879 935 
357 730 301 731 
358 731 301 873 
359 301 752 873 
360 602 302 754 
361 302 602 771 
362 302 771 833 
363 599 303 843 
364 303 636 843 
365 636 303 934 
366 304 557 558 
367 304 558 560 
368 304 560 883 
369 305 639 908 
370 692 305 928 
371 305 908 928 
372 694 306 695 
373 695 306 953 
374 306 877 953 
375 742 307 743 
376 743 307 920 
377 307 852 920 
378 744 308 745 
379 745 308 746 
380 746 308 748 
381 750 309 943 
382 309 750 944 
383 309 755 943 
384 310 756 758 
385 310 758 924 
386 897 310 924 
387 311 613 615 
388 613 311 913 
389 311 615 877 
390 311 684 913 
391 639 312 640 
392 640 312 854 
393 312 846 854 
394 629 313 840 
395 313 629 882 
396 687 313 882 
397 314 641 673 
398 314 673 950 
399 822 314 950 
400 557 315 923 
401 315 566 571 
402 315 571 923 
403 555 316 556 
404 556 316 851 
405 316 618 851 
406 317 741 894 
407 849 317 894 
408 318 844 850 
409 844 318 936 
410 318 848 936 
411 748 319 749 
412 749 319 901 
413 901 319 955 
414 607 320 608 
415 320 607 852 
416 608 320 867 
417 867 320 938 
418 321 322 930 
419 579 321 930 
420 322 323 324 
421 322 324 360 
422 322 360 930 
423 324 323 325 
424 325 323 385 
425 385 323 880 
426 324 325 326 
427 324 326 821 
428 360 324 821 
429 326 325 327 
430 327 325 793 
431 325 385 793 
432 326 327 328 
433 326 328 349 
434 326 349 821 
435 328 327 329 
436 329 327 340 
437 340 327 793 
438 328 329 330 
439 328 330 830 
440 349 328 830 
441 330 329 331 
442 331 329 624 
443 329 340 624 
444 330 331 332 
445 330 332 683 
446 330 683 830 
447 332 331 333 
448 333 331 804 
449 331 624 804 
450 332 333 334 
451 332 334 345 
452 332 345 683 
453 334 333 335 
454 335 333 344 
455 344 333 804 
456 334 335 336 
457 334 336 786 
458 345 334 786 
459 336 335 337 
460 337 335 791 
461 335 344 791 
462 336 337 338 
463 336 338 785 
464 336 785 786 
465 338 337 339 
466 339 337 726 
467 726 337 791 
468 338 339 341 
469 338 341 343 
470 338 343 785 
471 341 339 342 
472 342 339 346 
473 346 339 726 
474 340 621 622 
475 621 340 793 
476 340 622 624 
477 341 342 787 
478 343 341 348 
479 348 341 787 
480 342 346 347 
481 342 347 770 
482 342 770 787 
483 343 348 350 
484 343 350 703 
485 343 703 785 
486 344 705 706 
487 705 344 804 
488 344 706 791 
489 345 681 683 
490 681 345 707 
491 707 345 786 
492 347 346 352 
493 352 346 371 
494 371 346 726 
495 347 352 353 
496 347 353 354 
497 347 354 770 
498 350 348 351 
499 351 348 765 
500 765 348 787 
501 635 349 682 
502 349 635 821 
503 682 349 830 
504 350 351 355 
505 350 355 356 
506 350 356 703 
507 355 351 357 
508 357 351 358 
509 358 351 765 
510 353 352 773 
511 352 371 399 
512 352 399 773 
513 354 353 359 
514 359 353 361 
515 361 353 773 
516 354 359 365 
517 354 365 383 
518 354 383 770 
519 356 355 363 
520 355 357 781 
521 363 355 781 
522 356 363 364 
523 356 364 701 
524 356 701 703 
525 357 358 366 
526 357 366 367 
527 357 367 781 
528 366 358 368 
529 368 358 574 
530 574 358 765 
531 359 361 362 
532 359 362 778 
533 365 359 778 
534 634 360 821 
535 360 634 835 
536 360 835 930 
537 362 361 369 
538 369 361 370 
539 370 361 773 
540 362 369 372 
541 362 372 382 
542 362 382 778 
543 364 363 373 
544 373 363 795 
545 363 781 795 
546 364 373 376 
547 364 376 377 
548 364 377 701 
549 383 365 384 
550 384 365 422 
551 422 365 778 
552 367 366 374 
553 366 368 777 
554 374 366 777 
555 367 374 375 
556 367 375 761 
557 367 761 781 
558 368 574 818 
559 777 368 823 
560 368 818 823 
561 369 370 768 
562 372 369 386 
563 386 369 768 
564 768 370 809 
565 370 773 790 
566 370 790 809 
567 399 371 400 
568 400 371 573 
569 573 371 726 
570 382 372 387 
571 372 386 837 
572 387 372 837 
573 376 373 394 
574 394 373 423 
575 423 373 795 
576 375 374 395 
577 395 374 442 
578 442 374 777 
579 375 395 396 
580 375 396 397 
581 375 397 761 
582 377 376 378 
583 378 376 827 
584 376 394 827 
585 377 378 379 
586 377 379 421 
587 377 421 701 
588 379 378 380 
589 380 378 916 
590 378 827 916 
591 379 380 381 
592 379 381 766 
593 421 379 766 
594 381 380 388 
595 388 380 426 
596 426 380 916 
597 381 388 389 
598 381 389 398 
599 381 398 766 
600 382 387 577 
601 382 577 794 
602 778 382 794 
603 383 384 815 
604 770 383 811 
605 811 383 815 
606 384 422 431 
607 384 431 432 
608 384 432 815 
609 385 631 793 
610 631 385 917 
611 385 880 917 
612 386 729 731 
613 729 386 768 
614 386 731 837 
615 577 387 592 
616 592 387 593 
617 593 387 837 
618 389 388 390 
619 390 388 859 
620 388 426 859 
621 389 390 391 
622 389 391 679 
623 398 389 679 
624 391 390 392 
625 392 390 710 
626 710 390 859 
627 391 392 393 
628 391 393 712 
629 679 391 712 
630 393 392 434 
631 434 392 568 
632 568 392 710 
633 393 434 435 
634 393 435 436 
635 393 436 712 
636 394 423 589 
637 394 589 623 
638 394 623 827 
639 396 395 580 
640 395 442 743 
641 580 395 743 
642 397 396 951 
643 396 580 581 
644 396 581 951 
645 757 397 758 
646 397 757 796 
647 758 397 951 
648 761 397 796 
649 398 679 680 
650 398 680 681 
651 398 681 766 
652 399 400 401 
653 399 401 790 
654 773 399 790 
655 401 400 402 
656 402 400 732 
657 400 573 732 
658 401 402 403 
659 401 403 424 
660 401 424 790 
661 403 402 404 
662 404 402 405 
663 405 402 732 
664 403 404 779 
665 424 403 425 
666 425 403 779 
667 404 405 406 
668 404 406 838 
669 779 404 838 
670 406 405 407 
671 407 405 704 
672 704 405 732 
673 406 407 408 
674 406 408 419 
675 406 419 838 
676 408 407 409 
677 409 407 420 
678 420 407 704 
679 408 409 410 
680 408 410 816 
681 419 408 816 
682 410 409 411 
683 411 409 772 
684 409 420 772 
685 410 411 412 
686 410 412 806 
687 410 806 816 
688 412 411 413 
689 413 411 562 
690 562 411 772 
691 412 413 414 
692 412 414 415 
693 412 415 806 
694 414 413 637 
695 413 562 563 
696 413 563 637 
697 415 414 416 
698 416 414 417 
699 417 414 637 
700 415 416 569 
701 415 569 570 
702 415 570 806 
703 416 417 418 
704 416 418 814 
705 569 416 814 
706 418 417 427 
707 427 417 587 
708 587 417 637 
709 418 427 428 
710 418 428 429 
711 418 429 814 
712 677 419 816 
713 419 677 866 
714 838 419 866 
715 420 704 705 
716 420 705 834 
717 772 420 834 
718 701 421 702 
719 702 421 707 
720 707 421 766 
721 431 422 433 
722 433 422 794 
723 422 778 794 
724 589 423 888 
725 423 795 796 
726 423 796 888 
727 424 425 582 
728 424 582 809 
729 790 424 809 
730 582 425 594 
731 594 425 828 
732 425 779 828 
733 426 708 859 
734 708 426 945 
735 426 916 945 
736 428 427 843 
737 427 587 895 
738 427 599 843 
739 599 427 895 
740 429 428 430 
741 430 428 636 
742 636 428 843 
743 429 430 629 
744 429 629 630 
745 429 630 814 
746 430 626 882 
747 626 430 958 
748 629 430 882 
749 430 636 958 
750 432 431 609 
751 431 433 619 
752 609 431 619 
753 432 609 610 
754 432 610 818 
755 815 432 818 
756 619 433 620 
757 620 433 832 
758 433 794 832 
759 435 434 799 
760 434 568 869 
761 799 434 869 
762 436 435 437 
763 437 435 438 
764 438 435 799 
765 436 437 634 
766 436 634 635 
767 436 635 712 
768 437 438 439 
769 437 439 835 
770 634 437 835 
771 439 438 440 
772 440 438 441 
773 441 438 799 
774 439 440 443 
775 439 443 879 
776 835 439 879 
777 440 441 922 
778 443 440 444 
779 444 440 922 
780 441 799 885 
781 441 885 905 
782 441 905 922 
783 743 442 858 
784 442 777 824 
785 442 824 858 
786 443 444 871 
787 443 871 935 
788 879 443 935 
789 444 695 842 
790 695 444 922 
791 444 842 899 
792 871 444 899 
793 446 445 801 
794 801 445 883 
795 447 446 448 
796 448 446 489 
797 489 446 801 
798 447 448 449 
799 447 449 549 
800 447 549 625 
801 449 448 450 
802 450 448 937 
803 448 489 937 
804 449 450 451 
805 449 451 798 
806 549 449 798 
807 451 450 452 
808 452 450 487 
809 487 450 937 
810 451 452 453 
811 451 453 638 
812 451 638 798 
813 453 452 454 
814 454 452 932 
815 452 487 932 
816 453 454 455 
817 453 455 456 
818 453 456 638 
819 455 454 907 
820 454 721 907 
821 721 454 914 
822 914 454 932 
823 456 455 457 
824 457 455 458 
825 458 455 907 
826 456 457 483 
827 456 483 494 
828 456 494 638 
829 457 458 459 
830 457 459 792 
831 483 457 792 
832 459 458 460 
833 460 458 478 
834 478 458 907 
835 459 460 461 
836 459 461 466 
837 459 466 792 
838 461 460 462 
839 462 460 890 
840 460 478 890 
841 461 462 463 
842 461 463 812 
843 466 461 812 
844 463 462 464 
845 464 462 473 
846 473 462 890 
847 463 464 465 
848 463 465 763 
849 463 763 812 
850 465 464 467 
851 467 464 829 
852 464 473 829 
853 465 467 468 
854 465 468 469 
855 465 469 763 
856 466 688 690 
857 688 466 812 
858 466 690 792 
859 468 467 470 
860 470 467 479 
861 479 467 829 
862 469 468 471 
863 468 470 783 
864 471 468 783 
865 469 471 472 
866 469 472 733 
867 469 733 763 
868 470 479 480 
869 470 480 482 
870 470 482 783 
871 472 471 474 
872 474 471 767 
873 767 471 783 
874 472 474 475 
875 472 475 476 
876 472 476 733 
877 473 723 878 
878 723 473 890 
879 829 473 878 
880 475 474 477 
881 477 474 486 
882 486 474 767 
883 476 475 484 
884 475 477 769 
885 484 475 769 
886 476 484 485 
887 476 485 762 
888 733 476 762 
889 477 486 496 
890 477 496 497 
891 477 497 769 
892 478 721 900 
893 721 478 907 
894 890 478 900 
895 480 479 481 
896 481 479 670 
897 670 479 829 
898 480 481 488 
899 482 480 782 
900 480 488 782 
901 488 481 490 
902 490 481 491 
903 491 481 670 
904 482 782 808 
905 783 482 800 
906 800 482 808 
907 494 483 495 
908 495 483 820 
909 483 792 820 
910 485 484 498 
911 498 484 789 
912 484 769 789 
913 485 498 499 
914 485 499 509 
915 485 509 762 
916 496 486 500 
917 500 486 533 
918 533 486 767 
919 487 686 925 
920 686 487 937 
921 760 487 925 
922 487 760 932 
923 488 490 492 
924 488 492 493 
925 488 493 782 
926 489 686 937 
927 686 489 941 
928 489 801 941 
929 490 491 764 
930 492 490 515 
931 515 490 764 
932 667 491 668 
933 491 667 956 
934 668 491 670 
935 764 491 956 
936 493 492 776 
937 492 515 516 
938 492 516 776 
939 738 493 776 
940 493 738 860 
941 782 493 860 
942 494 495 501 
943 494 501 527 
944 494 527 638 
945 501 495 502 
946 502 495 503 
947 503 495 820 
948 497 496 513 
949 496 500 774 
950 513 496 774 
951 497 513 514 
952 497 514 759 
953 497 759 769 
954 499 498 523 
955 523 498 524 
956 524 498 789 
957 509 499 510 
958 510 499 724 
959 499 523 724 
960 500 533 534 
961 500 534 548 
962 500 548 774 
963 501 502 678 
964 527 501 528 
965 528 501 678 
966 502 503 504 
967 502 504 505 
968 502 505 678 
969 504 503 784 
970 784 503 831 
971 503 820 831 
972 505 504 506 
973 506 504 507 
974 507 504 784 
975 505 506 508 
976 505 508 517 
977 505 517 678 
978 506 507 511 
979 508 506 807 
980 506 511 807 
981 511 507 512 
982 512 507 575 
983 575 507 784 
984 517 508 518 
985 518 508 519 
986 519 508 807 
987 509 510 521 
988 509 521 529 
989 509 529 762 
990 521 510 839 
991 510 724 725 
992 510 725 839 
993 511 512 540 
994 511 540 813 
995 807 511 813 
996 540 512 541 
997 541 512 817 
998 512 575 817 
999 514 513 522 
1000 522 513 539 
1001 539 513 774 
1002 514 522 530 
1003 514 530 532 
1004 514 532 759 
1005 516 515 542 
1006 542 515 544 
1007 544 515 764 
1008 516 542 543 
1009 516 543 545 
1010 516 545 776 
1011 517 518 538 
1012 517 538 864 
1013 678 517 864 
1014 518 519 520 
1015 518 520 674 
1016 538 518 674 
1017 520 519 525 
1018 525 519 536 
1019 536 519 807 
1020 520 525 526 
1021 520 526 550 
1022 520 550 674 
1023 529 521 537 
1024 537 521 836 
1025 836 521 839 
1026 530 522 531 
1027 531 522 910 
1028 522 539 910 
1029 523 524 546 
1030 523 546 576 
1031 523 576 724 
1032 546 524 578 
1033 578 524 803 
1034 524 789 803 
1035 526 525 547 
1036 525 536 957 
1037 547 525 957 
1038 526 547 810 
1039 550 526 551 
1040 551 526 810 
1041 527 528 896 
1042 638 527 798 
1043 798 527 896 
1044 528 598 628 
1045 598 528 864 
1046 528 628 896 
1047 528 678 864 
1048 529 537 688 
1049 529 688 689 
1050 529 689 762 
1051 530 531 909 
1052 532 530 588 
1053 588 530 909 
1054 531 746 749 
1055 746 531 910 
1056 531 749 750 
1057 531 750 909 
1058 532 588 805 
1059 759 532 803 
1060 803 532 805 
1061 534 533 535 
1062 535 533 800 
1063 533 767 800 
1064 534 535 775 
1065 548 534 554 
1066 554 534 775 
1067 775 535 898 
1068 535 800 808 
1069 535 808 898 
1070 698 536 813 
1071 536 698 957 
1072 536 807 813 
1073 688 537 690 
1074 690 537 831 
1075 831 537 836 
1076 538 674 855 
1077 538 855 948 
1078 864 538 948 
1079 745 539 747 
1080 539 745 910 
1081 747 539 911 
1082 539 774 911 
1083 540 541 819 
1084 540 699 813 
1085 699 540 819 
1086 541 817 865 
1087 819 541 845 
1088 845 541 865 
1089 543 542 771 
1090 542 544 586 
1091 542 586 771 
1092 545 543 601 
1093 601 543 602 
1094 602 543 771 
1095 586 544 605 
1096 605 544 606 
1097 606 544 764 
1098 545 601 611 
1099 545 611 612 
1100 545 612 776 
1101 576 546 862 
1102 546 578 600 
1103 546 600 862 
1104 693 547 872 
1105 547 693 949 
1106 810 547 949 
1107 872 547 957 
1108 548 554 632 
1109 548 632 911 
1110 774 548 911 
1111 625 549 921 
1112 549 798 896 
1113 549 896 921 
1114 550 551 552 
1115 550 552 876 
1116 674 550 876 
1117 552 551 553 
1118 553 551 603 
1119 603 551 810 
1120 552 553 851 
1121 618 552 851 
1122 552 618 903 
1123 876 552 903 
1124 553 603 891 
1125 851 553 891 
1126 632 554 633 
1127 633 554 868 
1128 554 775 868 
1129 555 556 583 
1130 555 583 934 
1131 583 556 584 
1132 584 556 585 
1133 585 556 851 
1134 558 557 559 
1135 559 557 923 
1136 558 559 561 
1137 560 558 863 
1138 558 561 863 
1139 561 559 567 
1140 567 559 604 
1141 604 559 923 
1142 857 560 863 
1143 560 857 952 
1144 883 560 952 
1145 561 567 572 
1146 561 572 590 
1147 561 590 863 
1148 563 562 621 
1149 621 562 622 
1150 622 562 772 
1151 563 621 631 
1152 563 631 893 
1153 637 563 893 
1154 752 564 753 
1155 753 564 849 
1156 849 564 927 
1157 754 565 844 
1158 844 565 850 
1159 850 565 926 
1160 571 566 871 
1161 871 566 935 
1162 572 567 913 
1163 567 604 613 
1164 567 613 913 
1165 709 568 710 
1166 568 709 841 
1167 568 841 869 
1168 570 569 597 
1169 597 569 874 
1170 569 814 874 
1171 570 597 675 
1172 570 675 676 
1173 570 676 806 
1174 604 571 614 
1175 571 604 923 
1176 614 571 899 
1177 571 871 899 
1178 590 572 950 
1179 572 684 822 
1180 684 572 913 
1181 572 822 950 
1182 573 706 732 
1183 706 573 791 
1184 573 726 791 
1185 574 765 811 
1186 574 811 815 
1187 574 815 818 
1188 575 784 836 
1189 817 575 839 
1190 575 836 839 
1191 724 576 826 
1192 826 576 881 
1193 576 862 881 
1194 577 592 875 
1195 794 577 832 
1196 832 577 875 
1197 600 578 918 
1198 578 803 805 
1199 578 805 918 
1200 579 835 879 
1201 835 579 930 
1202 581 580 607 
1203 607 580 920 
1204 580 743 920 
1205 581 607 608 
1206 581 608 924 
1207 581 924 951 
1208 582 594 919 
1209 809 582 939 
1210 582 919 939 
1211 583 584 626 
1212 583 626 958 
1213 934 583 958 
1214 584 585 854 
1215 626 584 627 
1216 627 584 854 
1217 585 640 854 
1218 640 585 891 
1219 585 851 891 
1220 586 605 853 
1221 771 586 833 
1222 833 586 853 
1223 596 587 893 
1224 587 596 895 
1225 587 637 893 
1226 805 588 929 
1227 588 909 943 
1228 929 588 943 
1229 623 589 886 
1230 589 861 886 
1231 861 589 888 
1232 590 673 915 
1233 673 590 950 
1234 863 590 915 
1235 591 598 948 
1236 855 591 948 
1237 592 593 894 
1238 592 741 875 
1239 741 592 894 
1240 753 593 873 
1241 593 753 894 
1242 593 837 873 
1243 594 828 870 
1244 594 870 889 
1245 594 889 919 
1246 595 596 917 
1247 880 595 917 
1248 631 596 893 
1249 596 631 917 
1250 675 597 931 
1251 597 902 931 
1252 598 864 948 
1253 862 600 892 
1254 892 600 904 
1255 904 600 918 
1256 601 602 844 
1257 611 601 936 
1258 601 844 936 
1259 602 754 844 
1260 603 810 928 
1261 891 603 908 
1262 908 603 928 
1263 613 604 614 
1264 605 606 940 
1265 853 605 940 
1266 606 669 940 
1267 669 606 947 
1268 606 764 956 
1269 947 606 956 
1270 852 607 920 
1271 608 867 897 
1272 608 897 924 
1273 610 609 616 
1274 610 616 617 
1275 610 617 823 
1276 818 610 823 
1277 612 611 954 
1278 848 611 936 
1279 611 848 954 
1280 612 738 776 
1281 738 612 884 
1282 884 612 954 
1283 613 614 615 
1284 615 614 842 
1285 842 614 899 
1286 615 842 953 
1287 877 615 953 
1288 617 616 825 
1289 825 616 912 
1290 823 617 824 
1291 824 617 933 
1292 617 825 933 
1293 619 620 887 
1294 887 620 946 
1295 631 621 793 
1296 624 622 834 
1297 622 772 834 
1298 623 717 827 
1299 804 624 834 
1300 626 627 882 
1301 687 627 846 
1302 627 687 882 
1303 846 627 854 
1304 896 628 921 
1305 630 629 840 
1306 814 630 874 
1307 632 633 906 
1308 632 747 911 
1309 633 868 942 
1310 635 634 821 
1311 635 682 712 
1312 636 934 958 
1313 639 640 908 
1314 640 891 908 
1315 641 642 673 
1316 642 643 644 
1317 642 644 648 
1318 642 648 673 
1319 644 643 645 
1320 645 643 646 
1321 646 643 802 
1322 644 645 649 
1323 648 644 671 
1324 644 649 671 
1325 645 646 647 
1326 645 647 685 
1327 649 645 685 
1328 647 646 650 
1329 650 646 691 
1330 691 646 802 
1331 647 650 651 
1332 647 651 652 
1333 647 652 685 
1334 648 671 857 
1335 673 648 915 
1336 648 857 915 
1337 671 649 941 
1338 649 685 686 
1339 649 686 941 
1340 651 650 788 
1341 652 651 653 
1342 653 651 654 
1343 654 651 788 
1344 652 653 760 
1345 685 652 925 
1346 652 760 925 
1347 653 654 655 
1348 653 655 664 
1349 653 664 760 
1350 655 654 656 
1351 656 654 662 
1352 662 654 788 
1353 655 656 657 
1354 655 657 720 
1355 664 655 720 
1356 657 656 658 
1357 658 656 797 
1358 656 662 797 
1359 657 658 659 
1360 657 659 663 
1361 657 663 720 
1362 659 658 660 
1363 660 658 780 
1364 780 658 797 
1365 659 660 661 
1366 659 661 722 
1367 663 659 722 
1368 661 660 665 
1369 665 660 666 
1370 666 660 780 
1371 661 665 667 
1372 661 667 668 
1373 661 668 722 
1374 715 662 740 
1375 662 715 797 
1376 740 662 788 
1377 720 663 900 
1378 663 722 723 
1379 663 723 900 
1380 664 720 721 
1381 664 721 914 
1382 760 664 914 
1383 665 666 669 
1384 667 665 947 
1385 665 669 947 
1386 669 666 672 
1387 672 666 847 
1388 666 780 847 
1389 667 947 956 
1390 668 670 878 
1391 722 668 878 
1392 670 829 878 
1393 801 671 941 
1394 671 801 952 
1395 857 671 952 
1396 855 674 876 
1397 676 677 816 
1398 806 676 816 
1399 677 856 866 
1400 680 679 682 
1401 682 679 712 
1402 681 680 683 
1403 680 682 830 
1404 683 680 830 
1405 681 707 766 
1406 686 685 925 
1407 689 688 812 
1408 689 733 762 
1409 733 689 763 
1410 763 689 812 
1411 792 690 820 
1412 820 690 831 
1413 693 692 949 
1414 692 928 949 
1415 694 695 905 
1416 696 694 905 
1417 842 695 953 
1418 905 695 922 
1419 885 696 905 
1420 697 698 699 
1421 697 699 700 
1422 699 698 813 
1423 698 872 957 
1424 700 699 819 
1425 701 702 703 
1426 703 702 785 
1427 702 707 786 
1428 785 702 786 
1429 705 704 706 
1430 706 704 732 
1431 705 804 834 
1432 716 708 945 
1433 718 711 719 
1434 719 711 845 
1435 713 714 866 
1436 856 713 866 
1437 779 714 828 
1438 714 779 838 
1439 714 838 866 
1440 717 716 945 
1441 827 717 916 
1442 916 717 945 
1443 718 719 881 
1444 826 719 865 
1445 719 826 881 
1446 719 845 865 
1447 721 720 900 
1448 723 722 878 
1449 723 890 900 
1450 725 724 826 
1451 725 817 839 
1452 817 725 865 
1453 725 826 865 
1454 728 727 729 
1455 729 727 730 
1456 728 729 768 
1457 728 768 939 
1458 919 728 939 
1459 729 730 731 
1460 837 731 873 
1461 734 735 736 
1462 734 736 739 
1463 736 735 737 
1464 737 735 898 
1465 775 735 868 
1466 735 775 898 
1467 736 737 738 
1468 736 738 884 
1469 739 736 884 
1470 738 737 860 
1471 860 737 898 
1472 742 743 858 
1473 744 745 747 
1474 745 746 910 
1475 746 748 749 
1476 750 749 751 
1477 751 749 901 
1478 750 751 944 
1479 909 750 943 
1480 752 753 873 
1481 753 849 894 
1482 755 929 943 
1483 756 757 758 
1484 796 757 888 
1485 924 758 951 
1486 769 759 789 
1487 789 759 803 
1488 760 914 932 
1489 781 761 795 
1490 795 761 796 
1491 765 787 811 
1492 767 783 800 
1493 768 809 939 
1494 787 770 811 
1495 777 823 824 
1496 808 782 860 
1497 784 831 836 
1498 799 869 885 
1499 801 883 952 
1500 918 805 929 
1501 808 860 898 
1502 928 810 949 
1503 858 824 933 
1504 857 863 915 
2 21 2 166
1505 17 1000 1 
1506 1 1000 265 
1507 2 998 55 
1508 266 998 2 
1509 9 997 141 
1510 265 997 9 
1511 179 999 10 
1512 10 999 266 
1513 18 963 17 
1514 963 1000 17 
1515 19 987 18 
1516 18 987 963 
1517 20 978 19 
1518 978 987 19 
1519 21 962 20 
1520 962 978 20 
1521 22 976 21 
1522 21 976 962 
1523 23 959 22 
1524 959 976 22 
1525 24 990 23 
1526 23 990 959 
1527 25 960 24 
1528 960 990 24 
1529 26 977 25 
1530 25 977 960 
1531 27 961 26 
1532 961 977 26 
1533 28 988 27 
1534 27 988 961 
1535 29 970 28 
1536 970 988 28 
1537 30 984 29 
1538 29 984 970 
1539 31 971 30 
1540 971 984 30 
1541 32 983 31 
1542 31 983 971 
1543 33 974 32 
1544 974 983 32 
1545 34 994 33 
1546 33 994 974 
1547 35 975 34 
1548 975 994 34 
1549 36 989 35 
1550 35 989 975 
1551 37 964 36 
1552 964 989 36 
1553 38 979 37 
1554 37 979 964 
1555 39 996 38 
1556 38 996 979 
1557 40 965 39 
1558 965 996 39 
1559 41 995 40 
1560 40 995 965 
1561 42 980 41 
1562 980 995 41 
1563 43 972 42 
1564 972 980 42 
1565 44 985 43 
1566 43 985 972 
1567 45 973 44 
1568 973 985 44 
1569 46 991 45 
1570 45 991 973 
1571 47 968 46 
1572 968 991 46 
1573 48 982 47 
1574 47 982 968 
1575 49 981 48 
1576 981 982 48 
1577 50 966 49 
1578 966 981 49 
1579 51 992 50 
1580 50 992 966 
1581 52 969 51 
1582 969 992 51 
1583 53 993 52 
1584 52 993 969 
1585 54 967 53 
1586 967 993 53 
1587 55 986 54 
1588 54 986 967 
1589 55 998 986 
1590 141 963 142 
1591 141 997 963 
1592 142 987 143 
1593 963 987 142 
1594 143 978 144 
1595 143 987 978 
1596 144 962 145 
1597 144 978 962 
1598 145 976 146 
1599 962 976 145 
1600 146 959 147 
1601 146 976 959 
1602 147 990 148 
1603 959 990 147 
1604 148 960 149 
1605 148 990 960 
1606 149 977 150 
1607 960 977 149 
1608 150 961 151 
1609 150 977 961 
1610 151 988 152 
1611 961 988 151 
1612 152 970 153 
1613 152 988 970 
1614 153 984 154 
1615 970 984 153 
1616 154 971 155 
1617 154 984 971 
1618 155 983 156 
1619 971 983 155 
1620 156 974 157 
1621 156 983 974 
1622 157 994 158 
1623 974 994 157 
1624 158 975 159 
1625 158 994 975 
1626 159 989 160 
1627 975 989 159 
1628 160 964 161 
1629 160 989 964 
1630 161 979 162 
1631 964 979 161 
1632 162 996 163 
1633 979 996 162 
1634 163 965 164 
1635 163 996 965 
1636 164 995 165 
1637 965 995 164 
1638 165 980 166 
1639 165 995 980 
1640 166 972 167 
1641 166 980 972 
1642 167 985 168 
1643 972 985 167 
1644 168 973 169 
1645 168 985 973 
1646 169 991 170 
1647 973 991 169 
1648 170 968 171 
1649 170 991 968 
1650 171 982 172 
1651 968 982 171 
1652 172 981 173 
1653 172 982 981 
1654 173 966 174 
1655 173 981 966 
1656 174 992 175 
1657 966 992 174 
1658 175 969 176 
1659 175 992 969 
1660 176 993 177 
1661 969 993 176 
1662 177 967 178 
1663 177 993 967 
1664 178 986 179 
1665 967 986 178 
1666 986 999 179 
1667 265 1000 997 
1668 266 999 998 
1669 997 1000 963 
1670 998 999 986 
2 25 2 70
1671 56 1015 2 
1672 2 1015 266 
1673 3 1018 70 
1674 267 1018 3 
1675 10 1017 180 
1676 266 1017 10 
1677 194 1016 11 
1678 11 1016 267 
1679 57 1002 56 
1680 1002 1015 56 
1681 58 1013 57 
1682 57 1013 1002 
1683 59 1001 58 
1684 1001 1013 58 
1685 60 1008 59 
1686 59 1008 1001 
1687 61 1003 60 
1688 1003 1008 60 
1689 62 1009 61 
1690 61 1009 1003 
1691 63 1004 62 
1692 1004 1009 62 
1693 64 1011 63 
1694 63 1011 1004 
1695 65 1005 64 
1696 1005 1011 64 
1697 66 1010 65 
1698 65 1010 1005 
1699 67 1006 66 
1700 1006 1010 66 
1701 68 1012 67 
1702 67 1012 1006 
1703 69 1014 68 
1704 68 1014 1012 
1705 70 1007 69 
1706 1007 1014 69 
1707 70 1018 1007 
1708 180 1002 181 
1709 180 1017 1002 
1710 181 1013 182 
1711 1002 1013 181 
1712 182 1001 183 
1713 182 1013 1001 
1714 183 1008 184 
1715 1001 1008 183 
1716 184 1003 185 
1717 184 1008 1003 
1718 185 1009 186 
1719 1003 1009 185 
1720 186 1004 187 
1721 186 1009 1004 
1722 187 1011 188 
1723 1004 1011 187 
1724 188 1005 189 
1725 188 1011 1005 
1726 189 1010 190 
1727 1005 1010 189 
1728 190 1006 191 
1729 190 1010 1006 
1730 191 1012 192 
1731 1006 1012 191 
1732 192 1014 193 
1733 1012 1014 192 
1734 193 1007 194 
1735 193 1014 1007 
1736 1007 1016 194 
1737 1015 1017 266 
1738 1016 1018 267 
1739 1002 1017 1015 
1740 1007 1018 1016 
2 29 2 166
1741 71 1059 3 
1742 3 1059 267 
1743 4 1060 109 
1744 268 1060 4 
1745 11 1058 195 
1746 267 1058 11 
1747 233 1057 12 
1748 12 1057 268 
1749 72 1026 71 
1750 1026 1059 71 
1751 73 1052 72 
1752 72 1052 1026 
1753 74 1027 73 
1754 1027 1052 73 
1755 75 1051 74 
1756 74 1051 1027 
1757 76 1028 75 
1758 1028 1051 75 
1759 77 1043 76 
1760 76 1043 1028 
1761 78 1029 77 
1762 1029 1043 77 
1763 79 1053 78 
1764 78 1053 1029 
1765 80 1023 79 
1766 1023 1053 79 
1767 81 1044 80 
1768 80 1044 1023 
1769 82 1025 81 
1770 1025 1044 81 
1771 83 1050 82 
1772 82 1050 1025 
1773 84 1030 83 
1774 1030 1050 83 
1775 85 1055 84 
1776 84 1055 1030 
1777 86 1035 85 
1778 1035 1055 85 
1779 87 1041 86 
1780 86 1041 1035 
1781 88 1031 87 
1782 1031 1041 87 
1783 89 1056 88 
1784 88 1056 1031 
1785 90 1037 89 
1786 1037 1056 89 
1787 91 1019 90 
1788 1019 1037 90 
1789 92 1049 91 
1790 91 1049 1019 
1791 93 1021 92 
1792 1021 1049 92 
1793 94 1040 93 
1794 93 1040 1021 
1795 95 1020 94 
1796 1020 1040 94 
1797 96 1045 95 
1798 95 1045 1020 
1799 97 1024 96 
1800 1024 1045 96 
1801 98 1048 97 
1802 97 1048 1024 
1803 99 1038 98 
1804 1038 1048 98 
1805 100 1032 99 
1806 1032 1038 99 
1807 101 1046 100 
1808 100 1046 1032 
1809 102 1036 101 
1810 1036 1046 101 
1811 103 1047 102 
1812 102 1047 1036 
1813 104 1033 103 
1814 1033 1047 103 
1815 105 1039 104 
1816 104 1039 1033 
1817 106 1034 105 
1818 1034 1039 105 
1819 107 1054 106 
1820 106 1054 1034 
1821 108 1022 107 
1822 1022 1054 107 
1823 109 1042 108 
1824 108 1042 1022 
1825 109 1060 1042 
1826 195 1026 196 
1827 195 1058 1026 
1828 196 1052 197 
1829 1026 1052 196 
1830 197 1027 198 
1831 197 1052 1027 
1832 198 1051 199 
1833 1027 1051 198 
1834 199 1028 200 
1835 199 1051 1028 
1836 200 1043 201 
1837 1028 1043 200 
1838 201 1029 202 
1839 201 1043 1029 
1840 202 1053 203 
1841 1029 1053 202 
1842 203 1023 204 
1843 203 1053 1023 
1844 204 1044 205 
1845 1023 1044 204 
1846 205 1025 206 
1847 205 1044 1025 
1848 206 1050 207 
1849 1025 1050 206 
1850 207 1030 208 
1851 207 1050 1030 
1852 208 1055 209 
1853 1030 1055 208 
1854 209 1035 210 
1855 209 1055 1035 
1856 210 1041 211 
1857 1035 1041 210 
1858 211 1031 212 
1859 211 1041 1031 
1860 212 1056 213 
1861 1031 1056 212 
1862 213 1037 214 
1863 213 1056 1037 
1864 214 1019 215 
1865 214 1037 1019 
1866 215 1049 216 
1867 1019 1049 215 
1868 216 1021 217 
1869 216 1049 1021 
1870 217 1040 218 
1871 1021 1040 217 
1872 218 1020 219 
1873 218 1040 1020 
1874 219 1045 220 
1875 1020 1045 219 
1876 220 1024 221 
1877 220 1045 1024 
1878 221 1048 222 
1879 1024 1048 221 
1880 222 1038 223 
1881 222 1048 1038 
1882 223 1032 224 
1883 223 1038 1032 
1884 224 1046 225 
1885 1032 1046 224 
1886 225 1036 226 
1887 225 1046 1036 
1888 226 1047 227 
1889 1036 1047 226 
1890 227 1033 228 
1891 227 1047 1033 
1892 228 1039 229 
1893 1033 1039 228 
1894 229 1034 230 
1895 229 1039 1034 
1896 230 1054 231 
1897 1034 1054 230 
1898 231 1022 232 
1899 231 1054 1022 
1900 232 1042 233 
1901 1022 1042 232 
1902 1042 1057 233 
1903 267 1059 1058 
1904 1057 1060 268 
1905 1058 1059 1026 
1906 1042 1060 1057 
2 33 2 70
1907 1 1078 124 
1908 265 1078 1 
1909 110 1077 4 
1910 4 1077 268 
1911 248 1076 9 
1912 9 1076 265 
1913 12 1075 234 
1914 268 1075 12 
1915 111 1061 110 
1916 1061 1077 110 
1917 112 1069 111 
1918 111 1069 1061 
1919 113 1062 112 
1920 1062 1069 112 
1921 114 1070 113 
1922 113 1070 1062 
1923 115 1063 114 
1924 1063 1070 114 
1925 116 1068 115 
1926 115 1068 1063 
1927 117 1074 116 
1928 116 1074 1068 
1929 118 1064 117 
1930 1064 1074 117 
1931 119 1071 118 
1932 118 1071 1064 
1933 120 1065 119 
1934 1065 1071 119 
1935 121 1072 120 
1936 120 1072 1065 
1937 122 1066 121 
1938 1066 1072 121 
1939 123 1073 122 
1940 122 1073 1066 
1941 124 1067 123 
1942 1067 1073 123 
1943 124 1078 1067 
1944 234 1061 235 
1945 234 1075 1061 
1946 235 1069 236 
1947 1061 1069 235 
1948 236 1062 237 
1949 236 1069 1062 
1950 237 1070 238 
1951 1062 1070 237 
1952 238 1063 239 
1953 238 1070 1063 
1954 239 1068 240 
1955 1063 1068 239 
1956 240 1074 241 
1957 1068 1074 240 
1958 241 1064 242 
1959 241 1074 1064 
1960 242 1071 243 
1961 1064 1071 242 
1962 243 1065 244 
1963 243 1071 1065 
1964 244 1072 245 
1965 1065 1072 244 
1966 245 1066 246 
1967 245 1072 1066 
1968 246 1073 247 
1969 1066 1073 246 
1970 247 1067 248 
1971 247 1073 1067 
1972 1067 1076 248 
1973 1076 1078 265 
1974 268 1077 1075 
1975 1075 1077 1061 
1976 1067 1078 1076 
2 37 2 32
1977 140 1082 5 
1978 5 1082 269 
1979 8 1087 137 
1980 270 1087 8 
1981 13 1088 249 
1982 269 1088 13 
1983 252 1083 14 
1984 14 1083 270 
1985 137 1085 138 
1986 137 1087 1085 
1987 138 1086 139 
1988 1085 1086 138 
1989 139 1079 140 
1990 139 1086 1079 
1991 1079 1082 140 
1992 249 1084 250 
1993 249 1088 1084 
1994 250 1081 251 
1995 250 1084 1081 
1996 251 1080 252 
1997 251 1081 1080 
1998 1080 1083 252 
1999 1082 1088 269 
2000 1083 1087 270 
2001 1081 1084 1079 
2002 1079 1086 1081 
2003 1079 1088 1082 
2004 1084 1088 1079 
2005 1081 1086 1080 
2006 1080 1087 1083 
2007 1080 1086 1085 
2008 1085 1087 1080 
2 41 2 32
2009 7 1098 133 
2010 271 1098 7 
2011 136 1092 8 
2012 8 1092 270 
2013 14 1097 253 
2014 270 1097 14 
2015 256 1093 15 
2016 15 1093 271 
2017 133 1094 134 
2018 133 1098 1094 
2019 134 1095 135 
2020 1094 1095 134 
2021 135 1090 136 
2022 135 1095 1090 
2023 1090 1092 136 
2024 253 1096 254 
2025 253 1097 1096 
2026 254 1091 255 
2027 254 1096 1091 
2028 255 1089 256 
2029 255 1091 1089 
2030 1089 1093 256 
2031 1092 1097 270 
2032 1093 1098 271 
2033 1091 1095 1089 
2034 1089 1098 1093 
2035 1089 1095 1094 
2036 1094 1098 1089 
2037 1090 1095 1091 
2038 1091 1096 1090 
2039 1090 1097 1092 
2040 1096 1097 1090 
2 45 2 32
2041 6 1102 129 
2042 272 1102 6 
2043 132 1103 7 
2044 7 1103 271 
2045 15 1108 257 
2046 271 1108 15 
2047 260 1107 16 
2048 16 1107 272 
2049 129 1101 130 
2050 129 1102 1101 
2051 130 1104 131 
2052 1101 1104 130 
2053 131 1100 132 
2054 131 1104 1100 
2055 1100 1103 132 
2056 257 1105 258 
2057 257 1108 1105 
2058 258 1099 259 
2059 258 1105 1099 
2060 259 1106 260 
2061 1099 1106 259 
2062 1106 1107 260 
2063 1103 1108 271 
2064 272 1107 1102 
2065 1100 1104 1099 
2066 1099 1105 1100 
2067 1099 1104 1101 
2068 1101 1106 1099 
2069 1100 1108 1103 
2070 1105 1108 1100 
2071 1102 1107 1101 
2072 1101 1107 1106 
2 49 2 32
2073 5 1117 125 
2074 269 1117 5 
2075 128 1112 6 
2076 6 1112 272 
2077 264 1113 13 
2078 13 1113 269 
2079 16 1118 261 
2080 272 1118 16 
2081 125 1114 126 
2082 125 1117 1114 
2083 126 1115 127 
2084 1114 1115 126 
2085 127 1110 128 
2086 127 1115 1110 
2087 1110 1112 128 
2088 261 1116 262 
2089 261 1118 1116 
2090 262 1111 263 
2091 262 1116 1111 
2092 263 1109 264 
2093 263 1111 1109 
2094 1109 1113 264 
2095 1113 1117 269 
2096 1112 1118 272 
2097 1111 1115 1109 
2098 1109 1117 1113 
2099 1109 1115 1114 
2100 1114 1117 1109 
2101 1110 1115 1111 
2102 1111 1116 1110 
2103 1110 1118 1112 
2104 1116 1118 1110 
2 50 2 1524
2105 9 141 1777 
2106 248 9 1777 
2107 179 10 1776 
2108 10 180 1776 
2109 194 11 1778 
2110 11 195 1778 
2111 233 12 1775 
2112 12 234 1775 
2113 13 249 1286 
2114 264 13 1125 
2115 1125 13 1286 
2116 252 14 1405 
2117 14 253 1161 
2118 14 1161 1722 
2119 1405 14 1722 
2120 256 15 1126 
2121 15 257 1167 
2122 1126 15 1167 
2123 260 16 1411 
2124 16 261 1162 
2125 16 1162 1721 
2126 1411 16 1721 
2127 141 142 1702 
2128 141 1702 1777 
2129 142 143 1734 
2130 1702 142 1734 
2131 143 144 1155 
2132 143 1155 1734 
2133 144 145 1593 
2134 1155 144 1593 
2135 145 146 1135 
2136 145 1135 1593 
2137 146 147 1599 
2138 1135 146 1599 
2139 147 148 1600 
2140 1599 147 1600 
2141 148 149 1119 
2142 148 1119 1600 
2143 149 150 1676 
2144 1119 149 1676 
2145 150 151 1762 
2146 1676 150 1762 
2147 151 152 1132 
2148 151 1132 1762 
2149 152 153 1730 
2150 1132 152 1730 
2151 153 154 1742 
2152 1730 153 1742 
2153 154 155 1142 
2154 154 1142 1742 
2155 155 156 1531 
2156 1142 155 1531 
2157 156 157 1530 
2158 156 1530 1531 
2159 157 158 1152 
2160 157 1152 1530 
2161 158 159 1513 
2162 1152 158 1513 
2163 159 160 1157 
2164 159 1157 1513 
2165 160 161 1784 
2166 1157 160 1784 
2167 161 162 1704 
2168 161 1704 1784 
2169 162 163 1160 
2170 162 1160 1704 
2171 163 164 1515 
2172 1160 163 1515 
2173 164 165 1143 
2174 164 1143 1515 
2175 165 166 1537 
2176 1143 165 1537 
2177 166 167 1813 
2178 1537 166 1813 
2179 167 168 1133 
2180 167 1133 1813 
2181 168 169 1545 
2182 1133 168 1545 
2183 169 170 1546 
2184 1545 169 1546 
2185 170 171 1121 
2186 170 1121 1546 
2187 171 172 1551 
2188 1121 171 1551 
2189 172 173 1553 
2190 1551 172 1553 
2191 173 174 1127 
2192 173 1127 1553 
2193 174 175 1556 
2194 1127 174 1556 
2195 175 176 1558 
2196 1556 175 1558 
2197 176 177 1147 
2198 176 1147 1558 
2199 177 178 1604 
2200 1147 177 1604 
2201 178 179 1419 
2202 178 1419 1604 
2203 1419 179 1776 
2204 180 181 1707 
2205 180 1707 1776 
2206 181 182 1163 
2207 181 1163 1707 
2208 182 183 1583 
2209 1163 182 1583 
2210 183 184 1139 
2211 183 1139 1583 
2212 184 185 1498 
2213 1139 184 1498 
2214 185 186 1797 
2215 1498 185 1797 
2216 186 187 1123 
2217 186 1123 1797 
2218 187 188 1725 
2219 1123 187 1725 
2220 188 189 1695 
2221 188 1695 1725 
2222 189 190 1129 
2223 189 1129 1695 
2224 190 191 1589 
2225 1129 190 1589 
2226 191 192 1153 
2227 191 1153 1589 
2228 192 193 1592 
2229 1153 192 1592 
2230 193 194 1166 
2231 193 1166 1592 
2232 1166 194 1778 
2233 195 196 1700 
2234 195 1700 1778 
2235 196 197 1733 
2236 1700 196 1733 
2237 197 198 1156 
2238 197 1156 1733 
2239 198 199 1595 
2240 1156 198 1595 
2241 199 200 1136 
2242 199 1136 1595 
2243 200 201 1597 
2244 1136 200 1597 
2245 201 202 1598 
2246 1597 201 1598 
2247 202 203 1120 
2248 202 1120 1598 
2249 203 204 1675 
2250 1120 203 1675 
2251 204 205 1761 
2252 1675 204 1761 
2253 205 206 1131 
2254 205 1131 1761 
2255 206 207 1729 
2256 1131 206 1729 
2257 207 208 1741 
2258 1729 207 1741 
2259 208 209 1141 
2260 208 1141 1741 
2261 209 210 1528 
2262 1141 209 1528 
2263 210 211 1527 
2264 210 1527 1528 
2265 211 212 1151 
2266 211 1151 1527 
2267 212 213 1514 
2268 1151 212 1514 
2269 213 214 1158 
2270 213 1158 1514 
2271 214 215 1783 
2272 1158 214 1783 
2273 215 216 1703 
2274 215 1703 1783 
2275 216 217 1159 
2276 216 1159 1703 
2277 217 218 1516 
2278 1159 217 1516 
2279 218 219 1144 
2280 218 1144 1516 
2281 219 220 1541 
2282 1144 219 1541 
2283 220 221 1814 
2284 1541 220 1814 
2285 221 222 1134 
2286 221 1134 1814 
2287 222 223 1547 
2288 1134 222 1547 
2289 223 224 1548 
2290 1547 223 1548 
2291 224 225 1122 
2292 224 1122 1548 
2293 225 226 1563 
2294 1122 225 1563 
2295 226 227 1565 
2296 1563 226 1565 
2297 227 228 1128 
2298 227 1128 1565 
2299 228 229 1568 
2300 1128 228 1568 
2301 229 230 1570 
2302 1568 229 1570 
2303 230 231 1148 
2304 230 1148 1570 
2305 231 232 1603 
2306 1148 231 1603 
2307 232 233 1420 
2308 232 1420 1603 
2309 1420 233 1775 
2310 234 235 1709 
2311 234 1709 1775 
2312 235 236 1164 
2313 235 1164 1709 
2314 236 237 1584 
2315 1164 236 1584 
2316 237 238 1140 
2317 237 1140 1584 
2318 238 239 1497 
2319 1140 238 1497 
2320 239 240 1798 
2321 1497 239 1798 
2322 240 241 1124 
2323 240 1124 1798 
2324 241 242 1726 
2325 1124 241 1726 
2326 242 243 1696 
2327 242 1696 1726 
2328 243 244 1130 
2329 243 1130 1696 
2330 244 245 1590 
2331 1130 244 1590 
2332 245 246 1154 
2333 245 1154 1590 
2334 246 247 1591 
2335 1154 246 1591 
2336 247 248 1165 
2337 247 1165 1591 
2338 1165 248 1777 
2339 249 250 1137 
2340 249 1137 1737 
2341 1286 249 1737 
2342 250 251 1446 
2343 1137 250 1446 
2344 251 252 1150 
2345 251 1150 1446 
2346 1150 252 1405 
2347 253 254 1443 
2348 1161 253 1443 
2349 254 255 1145 
2350 254 1145 1443 
2351 255 256 1447 
2352 1145 255 1447 
2353 256 1126 1766 
2354 1447 256 1766 
2355 257 258 1138 
2356 257 1138 1738 
2357 1167 257 1738 
2358 258 259 1445 
2359 1138 258 1445 
2360 259 260 1149 
2361 259 1149 1445 
2362 1149 260 1411 
2363 261 262 1444 
2364 1162 261 1444 
2365 262 263 1146 
2366 262 1146 1444 
2367 263 264 1448 
2368 1146 263 1448 
2369 264 1125 1765 
2370 1448 264 1765 
2371 1600 1119 1736 
2372 1119 1676 1800 
2373 1736 1119 1800 
2374 1598 1120 1735 
2375 1120 1675 1799 
2376 1735 1120 1799 
2377 1546 1121 1693 
2378 1121 1551 1552 
2379 1121 1552 1693 
2380 1548 1122 1694 
2381 1122 1563 1564 
2382 1122 1564 1694 
2383 1463 1123 1725 
2384 1123 1463 1757 
2385 1499 1123 1757 
2386 1123 1499 1797 
2387 1465 1124 1726 
2388 1124 1465 1758 
2389 1500 1124 1758 
2390 1124 1500 1798 
2391 1125 1286 1287 
2392 1125 1287 1288 
2393 1125 1288 1765 
2394 1126 1167 1168 
2395 1126 1168 1169 
2396 1126 1169 1766 
2397 1553 1127 1554 
2398 1554 1127 1555 
2399 1555 1127 1556 
2400 1565 1128 1566 
2401 1566 1128 1567 
2402 1567 1128 1568 
2403 1464 1129 1692 
2404 1129 1464 1695 
2405 1129 1589 1787 
2406 1692 1129 1787 
2407 1466 1130 1691 
2408 1130 1466 1696 
2409 1130 1590 1788 
2410 1691 1130 1788 
2411 1483 1131 1484 
2412 1131 1483 1761 
2413 1484 1131 1663 
2414 1663 1131 1729 
2415 1481 1132 1482 
2416 1132 1481 1762 
2417 1482 1132 1664 
2418 1664 1132 1730 
2419 1539 1133 1540 
2420 1133 1539 1813 
2421 1540 1133 1749 
2422 1133 1545 1749 
2423 1543 1134 1544 
2424 1134 1543 1814 
2425 1544 1134 1750 
2426 1134 1547 1750 
2427 1593 1135 1594 
2428 1594 1135 1774 
2429 1135 1599 1774 
2430 1595 1136 1596 
2431 1596 1136 1773 
2432 1136 1597 1773 
2433 1137 1446 1449 
2434 1137 1449 1450 
2435 1137 1450 1737 
2436 1138 1445 1451 
2437 1138 1451 1452 
2438 1138 1452 1738 
2439 1139 1489 1491 
2440 1489 1139 1498 
2441 1139 1491 1583 
2442 1140 1493 1495 
2443 1493 1140 1497 
2444 1140 1495 1584 
2445 1141 1528 1529 
2446 1141 1529 1811 
2447 1741 1141 1811 
2448 1142 1531 1532 
2449 1142 1532 1812 
2450 1742 1142 1812 
2451 1515 1143 1772 
2452 1517 1143 1537 
2453 1143 1517 1772 
2454 1516 1144 1771 
2455 1518 1144 1541 
2456 1144 1518 1771 
2457 1443 1145 1661 
2458 1145 1447 1473 
2459 1145 1473 1779 
2460 1661 1145 1779 
2461 1444 1146 1662 
2462 1146 1448 1474 
2463 1146 1474 1780 
2464 1662 1146 1780 
2465 1558 1147 1559 
2466 1559 1147 1560 
2467 1560 1147 1604 
2468 1570 1148 1571 
2469 1571 1148 1572 
2470 1572 1148 1603 
2471 1149 1411 1412 
2472 1149 1412 1705 
2473 1445 1149 1705 
2474 1150 1405 1406 
2475 1150 1406 1706 
2476 1446 1150 1706 
2477 1151 1514 1769 
2478 1527 1151 1723 
2479 1723 1151 1769 
2480 1152 1513 1770 
2481 1530 1152 1724 
2482 1724 1152 1770 
2483 1589 1153 1753 
2484 1153 1592 1727 
2485 1153 1727 1753 
2486 1590 1154 1754 
2487 1154 1591 1728 
2488 1154 1728 1754 
2489 1155 1593 1713 
2490 1155 1713 1802 
2491 1734 1155 1802 
2492 1156 1595 1714 
2493 1156 1714 1801 
2494 1733 1156 1801 
2495 1157 1476 1657 
2496 1476 1157 1784 
2497 1157 1488 1513 
2498 1488 1157 1657 
2499 1158 1479 1658 
2500 1479 1158 1783 
2501 1158 1487 1514 
2502 1487 1158 1658 
2503 1159 1516 1739 
2504 1703 1159 1805 
2505 1159 1739 1805 
2506 1160 1515 1740 
2507 1704 1160 1806 
2508 1160 1740 1806 
2509 1161 1443 1681 
2510 1161 1681 1743 
2511 1722 1161 1743 
2512 1162 1444 1682 
2513 1162 1682 1744 
2514 1721 1162 1744 
2515 1163 1583 1708 
2516 1163 1626 1707 
2517 1626 1163 1708 
2518 1164 1584 1710 
2519 1164 1625 1709 
2520 1625 1164 1710 
2521 1591 1165 1701 
2522 1701 1165 1702 
2523 1702 1165 1777 
2524 1592 1166 1699 
2525 1699 1166 1700 
2526 1700 1166 1778 
2527 1168 1167 1649 
2528 1649 1167 1738 
2529 1169 1168 1170 
2530 1170 1168 1171 
2531 1171 1168 1649 
2532 1169 1170 1535 
2533 1169 1535 1655 
2534 1169 1655 1766 
2535 1170 1171 1172 
2536 1170 1172 1190 
2537 1170 1190 1535 
2538 1172 1171 1173 
2539 1173 1171 1225 
2540 1225 1171 1649 
2541 1172 1173 1174 
2542 1172 1174 1653 
2543 1190 1172 1653 
2544 1174 1173 1175 
2545 1175 1173 1647 
2546 1173 1225 1647 
2547 1174 1175 1176 
2548 1174 1176 1586 
2549 1174 1586 1653 
2550 1176 1175 1177 
2551 1177 1175 1193 
2552 1193 1175 1647 
2553 1176 1177 1178 
2554 1176 1178 1179 
2555 1176 1179 1586 
2556 1178 1177 1639 
2557 1177 1193 1428 
2558 1177 1428 1639 
2559 1179 1178 1180 
2560 1180 1178 1181 
2561 1181 1178 1639 
2562 1179 1180 1212 
2563 1179 1212 1213 
2564 1179 1213 1586 
2565 1180 1181 1182 
2566 1180 1182 1631 
2567 1212 1180 1631 
2568 1182 1181 1183 
2569 1183 1181 1200 
2570 1200 1181 1639 
2571 1182 1183 1184 
2572 1182 1184 1185 
2573 1182 1185 1631 
2574 1184 1183 1637 
2575 1183 1200 1201 
2576 1183 1201 1637 
2577 1185 1184 1186 
2578 1186 1184 1187 
2579 1187 1184 1637 
2580 1185 1186 1188 
2581 1185 1188 1651 
2582 1631 1185 1651 
2583 1186 1187 1667 
2584 1188 1186 1189 
2585 1189 1186 1667 
2586 1588 1187 1659 
2587 1187 1588 1667 
2588 1187 1637 1659 
2589 1188 1189 1191 
2590 1188 1191 1192 
2591 1188 1192 1651 
2592 1191 1189 1194 
2593 1194 1189 1669 
2594 1189 1667 1669 
2595 1504 1190 1526 
2596 1190 1504 1535 
2597 1526 1190 1653 
2598 1192 1191 1627 
2599 1191 1194 1195 
2600 1191 1195 1627 
2601 1192 1627 1673 
2602 1651 1192 1665 
2603 1665 1192 1673 
2604 1428 1193 1509 
2605 1509 1193 1510 
2606 1510 1193 1647 
2607 1195 1194 1196 
2608 1196 1194 1197 
2609 1197 1194 1669 
2610 1195 1196 1198 
2611 1195 1198 1199 
2612 1195 1199 1627 
2613 1196 1197 1679 
2614 1198 1196 1204 
2615 1204 1196 1679 
2616 1615 1197 1671 
2617 1197 1615 1679 
2618 1197 1669 1671 
2619 1199 1198 1619 
2620 1198 1204 1205 
2621 1198 1205 1619 
2622 1199 1619 1683 
2623 1627 1199 1677 
2624 1677 1199 1683 
2625 1201 1200 1202 
2626 1202 1200 1645 
2627 1200 1639 1645 
2628 1201 1202 1203 
2629 1201 1203 1623 
2630 1201 1623 1637 
2631 1203 1202 1206 
2632 1206 1202 1209 
2633 1209 1202 1645 
2634 1203 1206 1207 
2635 1203 1207 1208 
2636 1203 1208 1623 
2637 1205 1204 1222 
2638 1222 1204 1223 
2639 1223 1204 1679 
2640 1205 1222 1224 
2641 1205 1224 1232 
2642 1205 1232 1619 
2643 1207 1206 1629 
2644 1206 1209 1210 
2645 1206 1210 1629 
2646 1208 1207 1230 
2647 1230 1207 1607 
2648 1607 1207 1629 
2649 1208 1230 1231 
2650 1208 1231 1582 
2651 1208 1582 1623 
2652 1210 1209 1211 
2653 1211 1209 1522 
2654 1522 1209 1645 
2655 1210 1211 1233 
2656 1210 1233 1281 
2657 1210 1281 1629 
2658 1233 1211 1234 
2659 1234 1211 1261 
2660 1261 1211 1522 
2661 1213 1212 1214 
2662 1214 1212 1429 
2663 1429 1212 1631 
2664 1213 1214 1215 
2665 1213 1215 1431 
2666 1213 1431 1586 
2667 1215 1214 1216 
2668 1216 1214 1643 
2669 1214 1429 1643 
2670 1215 1216 1217 
2671 1215 1217 1525 
2672 1431 1215 1525 
2673 1217 1216 1218 
2674 1218 1216 1221 
2675 1221 1216 1643 
2676 1217 1218 1219 
2677 1217 1219 1220 
2678 1217 1220 1525 
2679 1219 1218 1633 
2680 1218 1221 1228 
2681 1218 1228 1633 
2682 1220 1219 1226 
2683 1226 1219 1641 
2684 1219 1633 1641 
2685 1220 1226 1227 
2686 1220 1227 1534 
2687 1525 1220 1534 
2688 1228 1221 1229 
2689 1229 1221 1601 
2690 1601 1221 1643 
2691 1222 1223 1609 
2692 1224 1222 1251 
2693 1251 1222 1609 
2694 1609 1223 1689 
2695 1223 1679 1685 
2696 1223 1685 1689 
2697 1232 1224 1605 
2698 1224 1251 1252 
2699 1224 1252 1605 
2700 1225 1520 1647 
2701 1520 1225 1745 
2702 1225 1649 1745 
2703 1227 1226 1249 
2704 1249 1226 1260 
2705 1260 1226 1641 
2706 1227 1249 1250 
2707 1227 1250 1254 
2708 1227 1254 1534 
2709 1228 1229 1269 
2710 1228 1269 1280 
2711 1228 1280 1633 
2712 1269 1229 1270 
2713 1270 1229 1273 
2714 1273 1229 1601 
2715 1231 1230 1235 
2716 1235 1230 1247 
2717 1247 1230 1607 
2718 1231 1235 1236 
2719 1231 1236 1237 
2720 1231 1237 1582 
2721 1232 1605 1720 
2722 1619 1232 1687 
2723 1687 1232 1720 
2724 1233 1234 1697 
2725 1281 1233 1282 
2726 1282 1233 1697 
2727 1234 1261 1262 
2728 1234 1262 1712 
2729 1697 1234 1712 
2730 1236 1235 1248 
2731 1235 1247 1789 
2732 1248 1235 1789 
2733 1237 1236 1238 
2734 1238 1236 1611 
2735 1236 1248 1611 
2736 1237 1238 1239 
2737 1237 1239 1581 
2738 1237 1581 1582 
2739 1239 1238 1240 
2740 1240 1238 1241 
2741 1241 1238 1611 
2742 1239 1240 1242 
2743 1239 1242 1272 
2744 1239 1272 1581 
2745 1240 1241 1617 
2746 1242 1240 1243 
2747 1243 1240 1617 
2748 1241 1611 1785 
2749 1241 1613 1617 
2750 1613 1241 1785 
2751 1242 1243 1244 
2752 1242 1244 1577 
2753 1272 1242 1577 
2754 1244 1243 1245 
2755 1245 1243 1253 
2756 1253 1243 1617 
2757 1244 1245 1246 
2758 1244 1246 1433 
2759 1244 1433 1577 
2760 1246 1245 1621 
2761 1245 1253 1271 
2762 1245 1271 1621 
2763 1433 1246 1434 
2764 1434 1246 1441 
2765 1441 1246 1621 
2766 1566 1247 1715 
2767 1247 1566 1789 
2768 1247 1607 1715 
2769 1248 1567 1782 
2770 1567 1248 1789 
2771 1611 1248 1782 
2772 1250 1249 1549 
2773 1249 1260 1469 
2774 1249 1469 1549 
2775 1254 1250 1255 
2776 1255 1250 1256 
2777 1256 1250 1549 
2778 1252 1251 1459 
2779 1459 1251 1461 
2780 1461 1251 1609 
2781 1252 1459 1460 
2782 1252 1460 1462 
2783 1252 1462 1605 
2784 1271 1253 1493 
2785 1493 1253 1494 
2786 1494 1253 1617 
2787 1254 1255 1421 
2788 1254 1421 1504 
2789 1254 1504 1534 
2790 1255 1256 1257 
2791 1255 1257 1763 
2792 1421 1255 1763 
2793 1257 1256 1258 
2794 1258 1256 1731 
2795 1256 1549 1731 
2796 1257 1258 1259 
2797 1257 1259 1779 
2798 1763 1257 1779 
2799 1259 1258 1283 
2800 1283 1258 1285 
2801 1285 1258 1731 
2802 1259 1283 1284 
2803 1259 1284 1793 
2804 1259 1661 1779 
2805 1661 1259 1793 
2806 1469 1260 1470 
2807 1470 1260 1664 
2808 1260 1641 1664 
2809 1262 1261 1263 
2810 1263 1261 1509 
2811 1509 1261 1522 
2812 1262 1263 1264 
2813 1262 1264 1265 
2814 1262 1265 1712 
2815 1264 1263 1511 
2816 1263 1509 1510 
2817 1263 1510 1511 
2818 1265 1264 1266 
2819 1266 1264 1267 
2820 1267 1264 1511 
2821 1265 1266 1752 
2822 1542 1265 1752 
2823 1265 1542 1760 
2824 1712 1265 1760 
2825 1266 1267 1268 
2826 1266 1268 1274 
2827 1266 1274 1752 
2828 1268 1267 1717 
2829 1267 1511 1512 
2830 1267 1512 1717 
2831 1274 1268 1275 
2832 1275 1268 1276 
2833 1276 1268 1717 
2834 1269 1270 1635 
2835 1280 1269 1454 
2836 1454 1269 1635 
2837 1270 1273 1277 
2838 1270 1277 1278 
2839 1270 1278 1635 
2840 1271 1493 1497 
2841 1271 1497 1500 
2842 1271 1500 1621 
2843 1272 1577 1578 
2844 1272 1578 1588 
2845 1581 1272 1588 
2846 1277 1273 1677 
2847 1273 1601 1673 
2848 1273 1673 1677 
2849 1274 1275 1424 
2850 1274 1424 1518 
2851 1274 1518 1752 
2852 1275 1276 1501 
2853 1424 1275 1768 
2854 1275 1501 1768 
2855 1501 1276 1705 
2856 1705 1276 1796 
2857 1276 1717 1796 
2858 1278 1277 1279 
2859 1279 1277 1683 
2860 1277 1677 1683 
2861 1278 1279 1418 
2862 1278 1418 1736 
2863 1635 1278 1736 
2864 1418 1279 1438 
2865 1438 1279 1687 
2866 1279 1683 1687 
2867 1280 1454 1481 
2868 1280 1481 1482 
2869 1280 1482 1633 
2870 1281 1282 1694 
2871 1629 1281 1748 
2872 1281 1694 1748 
2873 1282 1547 1548 
2874 1547 1282 1750 
2875 1282 1548 1694 
2876 1282 1697 1750 
2877 1284 1283 1426 
2878 1283 1285 1724 
2879 1426 1283 1724 
2880 1284 1426 1485 
2881 1284 1485 1681 
2882 1284 1681 1793 
2883 1285 1530 1724 
2884 1530 1285 1791 
2885 1285 1731 1791 
2886 1287 1286 1650 
2887 1650 1286 1737 
2888 1288 1287 1289 
2889 1289 1287 1290 
2890 1290 1287 1650 
2891 1288 1289 1536 
2892 1288 1536 1656 
2893 1288 1656 1765 
2894 1289 1290 1291 
2895 1289 1291 1309 
2896 1289 1309 1536 
2897 1291 1290 1292 
2898 1292 1290 1344 
2899 1344 1290 1650 
2900 1291 1292 1293 
2901 1291 1293 1654 
2902 1309 1291 1654 
2903 1293 1292 1294 
2904 1294 1292 1648 
2905 1292 1344 1648 
2906 1293 1294 1295 
2907 1293 1295 1585 
2908 1293 1585 1654 
2909 1295 1294 1296 
2910 1296 1294 1312 
2911 1312 1294 1648 
2912 1295 1296 1297 
2913 1295 1297 1298 
2914 1295 1298 1585 
2915 1297 1296 1640 
2916 1296 1312 1427 
2917 1296 1427 1640 
2918 1298 1297 1299 
2919 1299 1297 1300 
2920 1300 1297 1640 
2921 1298 1299 1331 
2922 1298 1331 1332 
2923 1298 1332 1585 
2924 1299 1300 1301 
2925 1299 1301 1632 
2926 1331 1299 1632 
2927 1301 1300 1302 
2928 1302 1300 1319 
2929 1319 1300 1640 
2930 1301 1302 1303 
2931 1301 1303 1304 
2932 1301 1304 1632 
2933 1303 1302 1638 
2934 1302 1319 1320 
2935 1302 1320 1638 
2936 1304 1303 1305 
2937 1305 1303 1306 
2938 1306 1303 1638 
2939 1304 1305 1307 
2940 1304 1307 1652 
2941 1632 1304 1652 
2942 1305 1306 1668 
2943 1307 1305 1308 
2944 1308 1305 1668 
2945 1587 1306 1660 
2946 1306 1587 1668 
2947 1306 1638 1660 
2948 1307 1308 1310 
2949 1307 1310 1311 
2950 1307 1311 1652 
2951 1310 1308 1313 
2952 1313 1308 1670 
2953 1308 1668 1670 
2954 1503 1309 1524 
2955 1309 1503 1536 
2956 1524 1309 1654 
2957 1311 1310 1628 
2958 1310 1313 1314 
2959 1310 1314 1628 
2960 1311 1628 1674 
2961 1652 1311 1666 
2962 1666 1311 1674 
2963 1427 1312 1505 
2964 1505 1312 1506 
2965 1506 1312 1648 
2966 1314 1313 1315 
2967 1315 1313 1316 
2968 1316 1313 1670 
2969 1314 1315 1317 
2970 1314 1317 1318 
2971 1314 1318 1628 
2972 1315 1316 1680 
2973 1317 1315 1323 
2974 1323 1315 1680 
2975 1616 1316 1672 
2976 1316 1616 1680 
2977 1316 1670 1672 
2978 1318 1317 1620 
2979 1317 1323 1324 
2980 1317 1324 1620 
2981 1318 1620 1684 
2982 1628 1318 1678 
2983 1678 1318 1684 
2984 1320 1319 1321 
2985 1321 1319 1646 
2986 1319 1640 1646 
2987 1320 1321 1322 
2988 1320 1322 1624 
2989 1320 1624 1638 
2990 1322 1321 1325 
2991 1325 1321 1328 
2992 1328 1321 1646 
2993 1322 1325 1326 
2994 1322 1326 1327 
2995 1322 1327 1624 
2996 1324 1323 1341 
2997 1341 1323 1342 
2998 1342 1323 1680 
2999 1324 1341 1343 
3000 1324 1343 1351 
3001 1324 1351 1620 
3002 1326 1325 1630 
3003 1325 1328 1329 
3004 1325 1329 1630 
3005 1327 1326 1349 
3006 1349 1326 1608 
3007 1608 1326 1630 
3008 1327 1349 1350 
3009 1327 1350 1580 
3010 1327 1580 1624 
3011 1329 1328 1330 
3012 1330 1328 1521 
3013 1521 1328 1646 
3014 1329 1330 1352 
3015 1329 1352 1400 
3016 1329 1400 1630 
3017 1352 1330 1353 
3018 1353 1330 1380 
3019 1380 1330 1521 
3020 1332 1331 1333 
3021 1333 1331 1430 
3022 1430 1331 1632 
3023 1332 1333 1334 
3024 1332 1334 1432 
3025 1332 1432 1585 
3026 1334 1333 1335 
3027 1335 1333 1644 
3028 1333 1430 1644 
3029 1334 1335 1336 
3030 1334 1336 1523 
3031 1432 1334 1523 
3032 1336 1335 1337 
3033 1337 1335 1340 
3034 1340 1335 1644 
3035 1336 1337 1338 
3036 1336 1338 1339 
3037 1336 1339 1523 
3038 1338 1337 1634 
3039 1337 1340 1347 
3040 1337 1347 1634 
3041 1339 1338 1345 
3042 1345 1338 1642 
3043 1338 1634 1642 
3044 1339 1345 1346 
3045 1339 1346 1533 
3046 1523 1339 1533 
3047 1347 1340 1348 
3048 1348 1340 1602 
3049 1602 1340 1644 
3050 1341 1342 1610 
3051 1343 1341 1370 
3052 1370 1341 1610 
3053 1610 1342 1690 
3054 1342 1680 1686 
3055 1342 1686 1690 
3056 1351 1343 1606 
3057 1343 1370 1371 
3058 1343 1371 1606 
3059 1344 1519 1648 
3060 1519 1344 1746 
3061 1344 1650 1746 
3062 1346 1345 1368 
3063 1368 1345 1379 
3064 1379 1345 1642 
3065 1346 1368 1369 
3066 1346 1369 1373 
3067 1346 1373 1533 
3068 1347 1348 1388 
3069 1347 1388 1399 
3070 1347 1399 1634 
3071 1388 1348 1389 
3072 1389 1348 1392 
3073 1392 1348 1602 
3074 1350 1349 1354 
3075 1354 1349 1366 
3076 1366 1349 1608 
3077 1350 1354 1355 
3078 1350 1355 1356 
3079 1350 1356 1580 
3080 1351 1606 1719 
3081 1620 1351 1688 
3082 1688 1351 1719 
3083 1352 1353 1698 
3084 1400 1352 1401 
3085 1401 1352 1698 
3086 1353 1380 1381 
3087 1353 1381 1711 
3088 1698 1353 1711 
3089 1355 1354 1367 
3090 1354 1366 1790 
3091 1367 1354 1790 
3092 1356 1355 1357 
3093 1357 1355 1612 
3094 1355 1367 1612 
3095 1356 1357 1358 
3096 1356 1358 1579 
3097 1356 1579 1580 
3098 1358 1357 1359 
3099 1359 1357 1360 
3100 1360 1357 1612 
3101 1358 1359 1361 
3102 1358 1361 1391 
3103 1358 1391 1579 
3104 1359 1360 1618 
3105 1361 1359 1362 
3106 1362 1359 1618 
3107 1360 1612 1786 
3108 1360 1614 1618 
3109 1614 1360 1786 
3110 1361 1362 1363 
3111 1361 1363 1575 
3112 1391 1361 1575 
3113 1363 1362 1364 
3114 1364 1362 1372 
3115 1372 1362 1618 
3116 1363 1364 1365 
3117 1363 1365 1435 
3118 1363 1435 1575 
3119 1365 1364 1622 
3120 1364 1372 1390 
3121 1364 1390 1622 
3122 1435 1365 1436 
3123 1436 1365 1439 
3124 1439 1365 1622 
3125 1554 1366 1716 
3126 1366 1554 1790 
3127 1366 1608 1716 
3128 1367 1555 1781 
3129 1555 1367 1790 
3130 1612 1367 1781 
3131 1369 1368 1550 
3132 1368 1379 1467 
3133 1368 1467 1550 
3134 1373 1369 1374 
3135 1374 1369 1375 
3136 1375 1369 1550 
3137 1371 1370 1455 
3138 1455 1370 1457 
3139 1457 1370 1610 
3140 1371 1455 1456 
3141 1371 1456 1458 
3142 1371 1458 1606 
3143 1390 1372 1489 
3144 1489 1372 1490 
3145 1490 1372 1618 
3146 1373 1374 1422 
3147 1373 1422 1503 
3148 1373 1503 1533 
3149 1374 1375 1376 
3150 1374 1376 1764 
3151 1422 1374 1764 
3152 1376 1375 1377 
3153 1377 1375 1732 
3154 1375 1550 1732 
3155 1376 1377 1378 
3156 1376 1378 1780 
3157 1764 1376 1780 
3158 1378 1377 1402 
3159 1402 1377 1404 
3160 1404 1377 1732 
3161 1378 1402 1403 
3162 1378 1403 1794 
3163 1378 1662 1780 
3164 1662 1378 1794 
3165 1467 1379 1468 
3166 1468 1379 1663 
3167 1379 1642 1663 
3168 1381 1380 1382 
3169 1382 1380 1505 
3170 1505 1380 1521 
3171 1381 1382 1383 
3172 1381 1383 1384 
3173 1381 1384 1711 
3174 1383 1382 1507 
3175 1382 1505 1506 
3176 1382 1506 1507 
3177 1384 1383 1385 
3178 1385 1383 1386 
3179 1386 1383 1507 
3180 1384 1385 1751 
3181 1538 1384 1751 
3182 1384 1538 1759 
3183 1711 1384 1759 
3184 1385 1386 1387 
3185 1385 1387 1393 
3186 1385 1393 1751 
3187 1387 1386 1718 
3188 1386 1507 1508 
3189 1386 1508 1718 
3190 1393 1387 1394 
3191 1394 1387 1395 
3192 1395 1387 1718 
3193 1388 1389 1636 
3194 1399 1388 1453 
3195 1453 1388 1636 
3196 1389 1392 1396 
3197 1389 1396 1397 
3198 1389 1397 1636 
3199 1390 1489 1498 
3200 1390 1498 1499 
3201 1390 1499 1622 
3202 1391 1575 1576 
3203 1391 1576 1587 
3204 1579 1391 1587 
3205 1396 1392 1678 
3206 1392 1602 1674 
3207 1392 1674 1678 
3208 1393 1394 1423 
3209 1393 1423 1517 
3210 1393 1517 1751 
3211 1394 1395 1502 
3212 1423 1394 1767 
3213 1394 1502 1767 
3214 1502 1395 1706 
3215 1706 1395 1795 
3216 1395 1718 1795 
3217 1397 1396 1398 
3218 1398 1396 1684 
3219 1396 1678 1684 
3220 1397 1398 1417 
3221 1397 1417 1735 
3222 1636 1397 1735 
3223 1417 1398 1437 
3224 1437 1398 1688 
3225 1398 1684 1688 
3226 1399 1453 1483 
3227 1399 1483 1484 
3228 1399 1484 1634 
3229 1400 1401 1693 
3230 1630 1400 1747 
3231 1400 1693 1747 
3232 1401 1545 1546 
3233 1545 1401 1749 
3234 1401 1546 1693 
3235 1401 1698 1749 
3236 1403 1402 1425 
3237 1402 1404 1723 
3238 1425 1402 1723 
3239 1403 1425 1486 
3240 1403 1486 1682 
3241 1403 1682 1794 
3242 1404 1527 1723 
3243 1527 1404 1792 
3244 1404 1732 1792 
3245 1406 1405 1407 
3246 1407 1405 1722 
3247 1406 1407 1408 
3248 1406 1408 1810 
3249 1406 1502 1706 
3250 1502 1406 1810 
3251 1408 1407 1409 
3252 1409 1407 1410 
3253 1410 1407 1722 
3254 1408 1409 1475 
3255 1408 1475 1477 
3256 1408 1477 1810 
3257 1409 1410 1657 
3258 1475 1409 1476 
3259 1476 1409 1657 
3260 1657 1410 1803 
3261 1410 1722 1743 
3262 1410 1743 1803 
3263 1412 1411 1413 
3264 1413 1411 1721 
3265 1412 1413 1414 
3266 1412 1414 1809 
3267 1412 1501 1705 
3268 1501 1412 1809 
3269 1414 1413 1415 
3270 1415 1413 1416 
3271 1416 1413 1721 
3272 1414 1415 1478 
3273 1414 1478 1480 
3274 1414 1480 1809 
3275 1415 1416 1658 
3276 1478 1415 1479 
3277 1479 1415 1658 
3278 1658 1416 1804 
3279 1416 1721 1744 
3280 1416 1744 1804 
3281 1417 1437 1773 
3282 1417 1597 1598 
3283 1597 1417 1773 
3284 1417 1598 1735 
3285 1418 1438 1774 
3286 1418 1599 1600 
3287 1599 1418 1774 
3288 1418 1600 1736 
3289 1604 1419 1626 
3290 1626 1419 1707 
3291 1707 1419 1776 
3292 1603 1420 1625 
3293 1625 1420 1709 
3294 1709 1420 1775 
3295 1504 1421 1535 
3296 1535 1421 1655 
3297 1655 1421 1763 
3298 1503 1422 1536 
3299 1536 1422 1656 
3300 1656 1422 1764 
3301 1517 1423 1772 
3302 1740 1423 1767 
3303 1423 1740 1772 
3304 1518 1424 1771 
3305 1739 1424 1768 
3306 1424 1739 1771 
3307 1486 1425 1487 
3308 1487 1425 1769 
3309 1425 1723 1769 
3310 1485 1426 1488 
3311 1488 1426 1770 
3312 1426 1724 1770 
3313 1427 1505 1521 
3314 1427 1521 1646 
3315 1640 1427 1646 
3316 1428 1509 1522 
3317 1428 1522 1645 
3318 1639 1428 1645 
3319 1429 1631 1651 
3320 1643 1429 1665 
3321 1429 1651 1665 
3322 1430 1632 1652 
3323 1644 1430 1666 
3324 1430 1652 1666 
3325 1431 1525 1526 
3326 1431 1526 1653 
3327 1586 1431 1653 
3328 1432 1523 1524 
3329 1432 1524 1654 
3330 1585 1432 1654 
3331 1433 1434 1615 
3332 1577 1433 1671 
3333 1433 1615 1671 
3334 1434 1441 1442 
3335 1434 1442 1685 
3336 1615 1434 1685 
3337 1435 1436 1616 
3338 1575 1435 1672 
3339 1435 1616 1672 
3340 1436 1439 1440 
3341 1436 1440 1686 
3342 1616 1436 1686 
3343 1596 1437 1719 
3344 1437 1596 1773 
3345 1437 1688 1719 
3346 1594 1438 1720 
3347 1438 1594 1774 
3348 1438 1687 1720 
3349 1440 1439 1463 
3350 1463 1439 1757 
3351 1439 1622 1757 
3352 1440 1463 1464 
3353 1440 1464 1690 
3354 1686 1440 1690 
3355 1442 1441 1465 
3356 1465 1441 1758 
3357 1441 1621 1758 
3358 1442 1465 1466 
3359 1442 1466 1689 
3360 1685 1442 1689 
3361 1443 1661 1793 
3362 1681 1443 1793 
3363 1444 1662 1794 
3364 1682 1444 1794 
3365 1451 1445 1796 
3366 1445 1705 1796 
3367 1449 1446 1795 
3368 1446 1706 1795 
3369 1473 1447 1655 
3370 1655 1447 1766 
3371 1474 1448 1656 
3372 1656 1448 1765 
3373 1450 1449 1508 
3374 1508 1449 1718 
3375 1718 1449 1795 
3376 1450 1508 1746 
3377 1737 1450 1746 
3378 1452 1451 1512 
3379 1512 1451 1717 
3380 1717 1451 1796 
3381 1452 1512 1745 
3382 1738 1452 1745 
3383 1483 1453 1675 
3384 1453 1636 1799 
3385 1675 1453 1799 
3386 1481 1454 1676 
3387 1454 1635 1800 
3388 1676 1454 1800 
3389 1456 1455 1727 
3390 1455 1457 1753 
3391 1727 1455 1753 
3392 1458 1456 1472 
3393 1472 1456 1699 
3394 1699 1456 1727 
3395 1457 1610 1692 
3396 1457 1692 1787 
3397 1753 1457 1787 
3398 1458 1472 1801 
3399 1606 1458 1807 
3400 1714 1458 1801 
3401 1458 1714 1807 
3402 1460 1459 1728 
3403 1459 1461 1754 
3404 1728 1459 1754 
3405 1462 1460 1471 
3406 1471 1460 1701 
3407 1701 1460 1728 
3408 1461 1609 1691 
3409 1461 1691 1788 
3410 1754 1461 1788 
3411 1462 1471 1802 
3412 1605 1462 1808 
3413 1713 1462 1802 
3414 1462 1713 1808 
3415 1464 1463 1695 
3416 1695 1463 1725 
3417 1690 1464 1692 
3418 1466 1465 1696 
3419 1696 1465 1726 
3420 1689 1466 1691 
3421 1467 1468 1741 
3422 1550 1467 1811 
3423 1467 1741 1811 
3424 1468 1663 1729 
3425 1468 1729 1741 
3426 1469 1470 1742 
3427 1549 1469 1812 
3428 1469 1742 1812 
3429 1470 1664 1730 
3430 1470 1730 1742 
3431 1471 1701 1702 
3432 1471 1702 1734 
3433 1471 1734 1802 
3434 1472 1699 1700 
3435 1472 1700 1733 
3436 1472 1733 1801 
3437 1473 1655 1763 
3438 1473 1763 1779 
3439 1474 1656 1764 
3440 1474 1764 1780 
3441 1475 1476 1704 
3442 1477 1475 1806 
3443 1475 1704 1806 
3444 1704 1476 1784 
3445 1477 1740 1767 
3446 1740 1477 1806 
3447 1477 1767 1810 
3448 1478 1479 1703 
3449 1480 1478 1805 
3450 1478 1703 1805 
3451 1703 1479 1783 
3452 1480 1739 1768 
3453 1739 1480 1805 
3454 1480 1768 1809 
3455 1481 1676 1762 
3456 1633 1482 1641 
3457 1641 1482 1664 
3458 1483 1675 1761 
3459 1634 1484 1642 
3460 1642 1484 1663 
3461 1485 1488 1803 
3462 1681 1485 1743 
3463 1743 1485 1803 
3464 1486 1487 1804 
3465 1682 1486 1744 
3466 1744 1486 1804 
3467 1514 1487 1769 
3468 1487 1658 1804 
3469 1513 1488 1770 
3470 1488 1657 1803 
3471 1489 1490 1491 
3472 1491 1490 1492 
3473 1492 1490 1614 
3474 1614 1490 1618 
3475 1491 1492 1708 
3476 1583 1491 1708 
3477 1562 1492 1614 
3478 1492 1562 1756 
3479 1708 1492 1756 
3480 1493 1494 1495 
3481 1495 1494 1496 
3482 1496 1494 1613 
3483 1613 1494 1617 
3484 1495 1496 1710 
3485 1584 1495 1710 
3486 1574 1496 1613 
3487 1496 1574 1755 
3488 1710 1496 1755 
3489 1500 1497 1798 
3490 1499 1498 1797 
3491 1622 1499 1757 
3492 1621 1500 1758 
3493 1768 1501 1809 
3494 1767 1502 1810 
3495 1503 1524 1533 
3496 1504 1526 1534 
3497 1507 1506 1519 
3498 1519 1506 1648 
3499 1508 1507 1519 
3500 1508 1519 1746 
3501 1511 1510 1520 
3502 1520 1510 1647 
3503 1512 1511 1520 
3504 1512 1520 1745 
3505 1740 1515 1772 
3506 1739 1516 1771 
3507 1517 1537 1538 
3508 1517 1538 1751 
3509 1518 1541 1542 
3510 1518 1542 1752 
3511 1524 1523 1533 
3512 1526 1525 1534 
3513 1528 1527 1792 
3514 1529 1528 1792 
3515 1550 1529 1732 
3516 1529 1550 1811 
3517 1732 1529 1792 
3518 1531 1530 1791 
3519 1532 1531 1791 
3520 1549 1532 1731 
3521 1532 1549 1812 
3522 1731 1532 1791 
3523 1538 1537 1539 
3524 1539 1537 1813 
3525 1538 1539 1759 
3526 1539 1540 1759 
3527 1540 1698 1711 
3528 1698 1540 1749 
3529 1540 1711 1759 
3530 1542 1541 1543 
3531 1543 1541 1814 
3532 1542 1543 1760 
3533 1543 1544 1760 
3534 1544 1697 1712 
3535 1697 1544 1750 
3536 1544 1712 1760 
3537 1552 1551 1716 
3538 1551 1553 1716 
3539 1608 1552 1716 
3540 1552 1608 1747 
3541 1693 1552 1747 
3542 1553 1554 1716 
3543 1554 1555 1790 
3544 1555 1556 1557 
3545 1555 1557 1781 
3546 1557 1556 1558 
3547 1557 1558 1559 
3548 1557 1559 1561 
3549 1557 1561 1781 
3550 1559 1560 1562 
3551 1561 1559 1562 
3552 1562 1560 1756 
3553 1560 1604 1626 
3554 1560 1626 1756 
3555 1561 1562 1786 
3556 1561 1612 1781 
3557 1612 1561 1786 
3558 1562 1614 1786 
3559 1564 1563 1715 
3560 1563 1565 1715 
3561 1607 1564 1715 
3562 1564 1607 1748 
3563 1694 1564 1748 
3564 1565 1566 1715 
3565 1566 1567 1789 
3566 1567 1568 1569 
3567 1567 1569 1782 
3568 1569 1568 1570 
3569 1569 1570 1571 
3570 1569 1571 1573 
3571 1569 1573 1782 
3572 1571 1572 1574 
3573 1573 1571 1574 
3574 1574 1572 1755 
3575 1572 1603 1625 
3576 1572 1625 1755 
3577 1573 1574 1785 
3578 1573 1611 1782 
3579 1611 1573 1785 
3580 1574 1613 1785 
3581 1576 1575 1672 
3582 1587 1576 1668 
3583 1668 1576 1670 
3584 1670 1576 1672 
3585 1578 1577 1671 
3586 1588 1578 1667 
3587 1667 1578 1669 
3588 1669 1578 1671 
3589 1580 1579 1660 
3590 1579 1587 1660 
3591 1624 1580 1660 
3592 1582 1581 1659 
3593 1581 1588 1659 
3594 1623 1582 1659 
3595 1589 1753 1787 
3596 1590 1754 1788 
3597 1591 1701 1728 
3598 1592 1699 1727 
3599 1593 1594 1713 
3600 1713 1594 1808 
3601 1594 1720 1808 
3602 1595 1596 1714 
3603 1714 1596 1807 
3604 1596 1719 1807 
3605 1601 1643 1665 
3606 1601 1665 1673 
3607 1602 1644 1666 
3608 1602 1666 1674 
3609 1720 1605 1808 
3610 1719 1606 1807 
3611 1607 1629 1748 
3612 1608 1630 1747 
3613 1609 1689 1691 
3614 1610 1690 1692 
3615 1679 1615 1685 
3616 1680 1616 1686 
3617 1683 1619 1687 
3618 1684 1620 1688 
3619 1637 1623 1659 
3620 1638 1624 1660 
3621 1625 1710 1755 
3622 1626 1708 1756 
3623 1673 1627 1677 
3624 1674 1628 1678 
3625 1635 1736 1800 
3626 1636 1735 1799 
3627 1649 1738 1745 
3628 1650 1737 1746 
3 1 4 7194
3629 327 1869 1858 1958 
3630 1347 1920 1899 1964 
3631 1395 1942 1906 2006 
3632 354 1887 1856 1912 
3633 1858 1869 1291 1958 
3634 1358 1856 1887 1912 
3635 1498 2078 1941 2139 
3636 1477 1740 1860 1906 
3637 1347 1899 1957 1964 
3638 438 1948 1970 2040 
3639 1941 2078 293 2139 
3640 1890 2011 1320 2092 
3641 325 1858 327 1869 
3642 1483 708 1761 1891 
3643 1837 1902 1652 2025 
3644 1652 1902 1837 2015 
3645 1843 1320 2011 2092 
3646 438 1970 440 2040 
3647 1292 1290 1291 1958 
3648 1720 1932 1829 2100 
3649 1064 1726 633 2054 
3650 577 1941 1962 2078 
3651 997 1078 955 1000 
3652 1899 1920 380 1964 
3653 1717 1978 1825 2105 
3654 1699 1997 608 2066 
3655 1490 1962 1941 2078 
3656 1290 1858 1291 1958 
3657 573 1843 400 2011 
3658 1942 2006 1795 2109 
3659 1391 1887 1853 1912 
3660 526 1974 1930 2017 
3661 1853 1887 353 1912 
3662 573 400 1843 2092 
3663 1899 380 1957 1964 
3664 366 1862 777 1946 
3665 1862 1946 1341 2114 
3666 366 1916 1862 1946 
3667 1133 1813 1539 1900 
3668 614 1864 1841 2027 
3669 941 1825 1978 2105 
3670 588 805 1829 1932 
3671 1292 1291 1869 1958 
3672 702 1902 1837 2025 
3673 1486 1845 1804 2027 
3674 1862 1916 1341 1946 
3675 1666 1837 1652 2025 
3676 1227 1866 1821 1893 
3677 1395 1906 1706 2006 
3678 777 1946 1862 2114 
3679 1930 1974 1258 2017 
3680 1726 1465 633 2054 
3681 1837 1902 702 2015 
3682 1761 708 1044 1891 
3683 1610 1862 1341 2114 
3684 1860 1906 1740 2024 
3685 383 1912 365 1985 
3686 805 1829 1932 2100 
3687 1015 998 1776 2059 
3688 1912 1985 383 2001 
3689 1856 1912 1363 1985 
3690 739 2086 1497 2153 
3691 1592 1699 1166 1854 
3692 1347 1899 1348 1957 
3693 434 2012 1948 2065 
3694 365 1912 1856 1985 
3695 1666 1652 1837 2015 
3696 327 1858 793 1958 
3697 1787 2019 1973 2101 
3698 1363 1985 1912 2001 
3699 359 1856 354 1887 
3700 495 1963 1919 2003 
3701 1409 1979 1860 2076 
3702 739 2026 1497 2086 
3703 1498 1003 1139 2078 
3704 1015 927 998 2059 
3705 1706 1395 1502 1906 
3706 1486 1864 1845 2027 
3707 1031 1841 306 2072 
3708 1375 1970 1948 2040 
3709 1101 1099 1106 2067 
3710 1720 1594 1932 2100 
3711 325 793 327 1858 
3712 495 1835 1963 2003 
3713 1388 1899 1347 1920 
3714 1358 1361 1856 1912 
3715 1699 608 1997 2107 
3716 1821 1866 807 1893 
3717 380 379 1899 1957 
3718 354 353 1887 1912 
3719 1930 1974 526 2056 
3720 1467 1550 2012 2065 
3721 1948 2012 1550 2065 
3722 1699 1854 607 2107 
3723 1490 1491 1962 2078 
3724 1133 972 1813 1900 
3725 877 953 306 1841 
3726 366 777 374 1946 
3727 1636 1899 1388 1920 
3728 1373 2040 1934 2081 
3729 805 1932 1898 2100 
3730 1322 1320 1843 2092 
3731 633 1466 554 2054 
3732 378 1920 1899 1983 
3733 1388 1348 1347 1899 
3734 1498 293 2078 2139 
3735 1830 2046 1789 2052 
3736 1331 1332 1911 1914 
3737 708 1891 1483 2129 
3738 550 526 1930 2017 
3739 1320 1322 1843 2011 
3740 1636 1899 1920 1983 
3741 1268 1825 1717 1978 
3742 374 1946 777 2114 
3743 1761 708 1483 2103 
3744 1227 1249 1866 1893 
3745 877 306 1031 1841 
3746 1139 1003 1008 2078 
3747 1498 1489 1941 2078 
3748 577 875 1941 2078 
3749 332 1850 1911 1914 
3750 1276 1717 1268 1825 
3751 551 1930 526 2056 
3752 1641 2043 2008 2124 
3753 293 1003 1498 2078 
3754 1889 1911 1332 1914 
3755 1258 1974 1930 2056 
3756 1692 2019 1787 2101 
3757 1341 1862 1342 1916 
3758 353 359 354 1887 
3759 1845 1864 614 2027 
3760 332 1911 1889 1914 
3761 573 732 400 2092 
3762 1331 1911 1850 1914 
3763 1064 633 1726 1696 
3764 520 525 1974 2017 
3765 1666 1311 1652 2015 
3766 554 1466 632 1901 
3767 417 1942 1871 1947 
3768 645 1978 1956 1998 
3769 1358 1887 1391 1912 
3770 1151 1841 1031 2072 
3771 797 1990 1922 2000 
3772 576 1976 1882 2102 
3773 1465 1726 633 1696 
3774 459 1846 1832 1938 
3775 1377 1970 1375 2040 
3776 588 1898 805 1932 
3777 1898 1932 1594 2100 
3778 627 1987 1860 2076 
3779 1374 2040 1373 2081 
3780 1699 1166 1854 2107 
3781 347 1853 353 1912 
3782 632 2061 1901 2062 
3783 1919 1963 1653 2003 
3784 1579 1853 1391 1887 
3785 293 1941 832 2078 
3786 797 780 1922 1990 
3787 1610 2019 1862 2114 
3788 696 1877 1035 2072 
3789 645 685 1978 1998 
3790 1717 2042 1978 2105 
3791 1699 607 2055 2066 
3792 461 1832 459 1846 
3793 1752 1956 1266 1998 
3794 1014 1592 1166 1854 
3795 1860 1979 627 2076 
3796 459 1832 461 1938 
3797 971 1861 1142 2050 
3798 414 417 1871 1947 
3799 1360 1786 1612 2049 
3800 941 801 1825 2105 
3801 1466 1901 554 2054 
3802 554 633 632 1466 
3803 441 1948 1877 1970 
3804 1078 997 955 1076 
3805 1776 1015 2059 2145 
3806 925 1998 2023 2117 
3807 1934 437 2040 2125 
3808 1641 2070 2043 2124 
3809 906 633 1696 2062 
3810 1099 2067 1101 2105 
3811 790 1881 1984 2077 
3812 942 1064 633 2054 
3813 2036 2049 1612 2077 
3814 799 1948 434 2012 
3815 975 639 305 1878 
3816 1877 1948 1732 1970 
3817 1956 1978 1266 1998 
3818 438 1948 441 1970 
3819 1666 1837 1311 2015 
3820 806 1925 1900 2123 
3821 916 1920 378 1983 
3822 380 379 1957 1964 
3823 629 1906 1860 2024 
3824 1044 708 1761 2103 
3825 1696 633 906 1071 
3826 494 1835 495 2003 
3827 913 2018 1845 2027 
3828 1472 1997 1699 2066 
3829 1466 632 1901 2062 
3830 1039 2046 1568 2096 
3831 739 1497 1063 2153 
3832 1039 1568 1570 2096 
3833 819 2008 2043 2124 
3834 297 2024 1143 2068 
3835 398 1911 1840 1950 
3836 620 1941 293 2139 
3837 1143 2024 1772 2068 
3838 1699 608 607 2066 
3839 1476 1409 1860 2076 
3840 1772 2024 1989 2068 
3841 576 881 1882 1976 
3842 1699 1997 1700 2107 
3843 1363 1912 1575 2001 
3844 1015 927 2059 2145 
3845 1860 1987 1476 2076 
3846 1835 1653 1963 2003 
3847 1934 2040 634 2081 
3848 427 2006 1942 2109 
3849 1893 1974 525 2017 
3850 940 2046 1830 2052 
3851 1376 1928 1970 2040 
3852 1694 1922 1748 1990 
3853 1477 1767 1740 1906 
3854 1498 1003 293 2139 
3855 1120 1983 1029 2097 
3856 807 1893 1866 2082 
3857 1696 1071 906 2062 
3858 607 1854 1699 2055 
3859 293 620 832 1941 
3860 1840 1911 1336 1950 
3861 274 1029 1983 2097 
3862 417 416 414 1871 
3863 925 686 1998 2117 
3864 1229 1831 1868 1953 
3865 1363 1856 1361 1912 
3866 632 1466 633 2062 
3867 459 1874 1846 1938 
3868 1035 1877 1528 2072 
3869 1153 1854 1012 1973 
3870 819 2043 2070 2124 
3871 1479 1658 1845 2027 
3872 1276 1717 1825 2105 
3873 1008 1003 293 2078 
3874 1603 2121 754 2134 
3875 634 1934 437 2040 
3876 1341 1610 1342 1862 
3877 990 1976 273 2102 
3878 902 1900 597 2068 
3879 739 736 2026 2086 
3880 332 1850 345 1911 
3881 1922 1990 1694 2000 
3882 1360 1612 2036 2049 
3883 1069 318 2121 2134 
3884 877 1841 1056 2027 
3885 1962 2036 372 2049 
3886 1498 1139 1489 2078 
3887 434 869 2012 2156 
3888 1669 1875 1863 1959 
3889 1387 1942 1871 1989 
3890 1789 1247 1830 1971 
3891 460 461 459 1846 
3892 945 1920 1891 2129 
3893 1320 1624 1322 2011 
3894 1866 1893 1249 2082 
3895 1720 1594 1808 1932 
3896 1865 1984 1354 2077 
3897 1840 1950 1336 2157 
3898 1467 2065 2012 2156 
3899 1257 1930 1258 2017 
3900 1227 1821 1250 1893 
3901 1179 1835 1819 1874 
3902 1879 1998 1263 2023 
3903 1625 2121 1603 2134 
3904 1410 1979 1936 1993 
3905 369 2049 2036 2077 
3906 708 945 1891 2129 
3907 398 680 1911 1950 
3908 980 1900 902 2068 
3909 1389 1388 1636 1899 
3910 1572 1603 754 2134 
3911 460 1832 461 1846 
3912 501 495 1919 2003 
3913 378 1899 827 1983 
3914 790 1984 809 2077 
3915 576 881 1976 2102 
3916 931 287 675 1900 
3917 1740 1806 1477 1860 
3918 434 2012 2065 2156 
3919 1479 1845 2018 2027 
3920 417 416 1871 1942 
3921 1476 1860 1475 1987 
3922 1189 1669 1863 1959 
3923 1612 2049 1561 2095 
3924 416 1871 1942 1989 
3925 1490 1941 1489 2078 
3926 777 1862 2019 2114 
3927 797 1990 2000 2126 
3928 1242 1903 1851 2088 
3929 438 441 440 1970 
3930 1819 1835 483 1874 
3931 633 1465 1466 2054 
3932 1355 1984 1881 2077 
3933 544 1830 1873 2051 
3934 1483 2103 708 2129 
3935 785 702 1902 2015 
3936 551 550 526 1930 
3937 1363 1361 1575 1912 
3938 1244 1851 1242 1903 
3939 1473 1930 1826 2132 
3940 1194 1875 1669 1959 
3941 1389 1899 1636 1983 
3942 1694 1748 1922 2000 
3943 913 684 2018 2027 
3944 1598 1983 1120 2097 
3945 1360 2036 1962 2049 
3946 1855 1883 836 2058 
3947 1099 1149 1106 2067 
3948 510 1868 1831 1953 
3949 809 1984 1865 2077 
3950 1873 2046 853 2096 
3951 1603 1572 754 2096 
3952 1358 1391 1361 1912 
3953 1699 607 608 2107 
3954 799 434 869 2012 
3955 1978 1998 686 2117 
3956 925 1998 1879 2023 
3957 1869 1933 1292 1958 
3958 1832 1846 1181 1938 
3959 1350 1881 1355 1984 
3960 1034 1039 1570 2096 
3961 1644 1911 1840 2025 
3962 836 1855 537 1883 
3963 786 1902 702 2025 
3964 1566 1789 2046 2052 
3965 942 1074 2054 2153 
3966 1589 1153 1012 1973 
3967 1942 2109 1795 2161 
3968 1248 1873 1830 2051 
3969 1601 1831 1229 1953 
3970 1335 1840 1644 1911 
3971 1035 1877 696 2012 
3972 1119 1976 990 2102 
3973 295 1861 971 2050 
3974 1641 2008 1664 2124 
3975 1036 1990 1563 2052 
3976 1041 694 696 2072 
3977 1258 1930 1259 2056 
3978 1012 1854 307 1973 
3979 382 1962 2002 2036 
3980 283 1973 858 2101 
3981 1236 1830 1927 2051 
3982 975 639 1878 2004 
3983 1074 1726 1064 2054 
3984 1129 1973 283 2101 
3985 327 1933 1869 1958 
3986 1355 1354 1984 2077 
3987 1248 1782 1873 2051 
3988 1099 2105 445 2112 
3989 669 940 1830 2052 
3990 1651 1631 1910 1937 
3991 1236 1927 1830 2099 
3992 398 1950 1840 2157 
3993 1101 1104 1099 2105 
3994 1846 1874 1181 1938 
3995 1099 1445 2105 2112 
3996 666 1971 1990 2052 
3997 819 2043 540 2070 
3998 681 1840 1911 2025 
3999 1490 1489 1491 2078 
4000 1900 1925 1711 2123 
4001 1559 1558 1960 2090 
4002 332 683 1889 1911 
4003 875 832 577 1941 
4004 1973 2019 858 2101 
4005 892 990 273 2102 
4006 997 1076 1777 2116 
4007 1264 2023 1998 2117 
4008 532 1932 1829 2010 
4009 1335 1336 1840 1911 
4010 819 2008 540 2043 
4011 1643 1855 1883 1910 
4012 916 378 827 1983 
4013 1789 1566 1247 1971 
4014 537 1883 1855 1910 
4015 1651 1910 1839 1937 
4016 491 1927 1830 2051 
4017 1189 1194 1669 1959 
4018 1000 901 955 997 
4019 1565 1047 1563 2052 
4020 1699 1472 1700 1997 
4021 669 1830 1971 2052 
4022 1475 1476 1409 1860 
4023 577 2078 1962 2155 
4024 1612 2077 2049 2095 
4025 521 836 1883 2058 
4026 1350 1355 1354 1984 
4027 1377 1376 1970 2040 
4028 1074 1064 942 2054 
4029 1618 1962 1360 2036 
4030 1120 1053 1029 1983 
4031 843 1906 2006 2133 
4032 1851 1903 1244 2022 
4033 1618 2002 1962 2036 
4034 1473 1779 1826 1930 
4035 1053 274 1029 1983 
4036 504 506 1907 1918 
4037 836 537 521 1883 
4038 429 1989 1906 2024 
4039 684 1019 2018 2027 
4040 504 1907 1818 1918 
4041 1514 1056 1151 1841 
4042 1031 1056 877 1841 
4043 1782 1969 1873 2051 
4044 293 1003 946 2139 
4045 1819 1835 1179 1963 
4046 1831 1954 725 2070 
4047 471 1863 1875 1959 
4048 1539 1900 1540 2098 
4049 1696 633 1466 2062 
4050 955 1076 901 2116 
4051 1176 1835 1179 1874 
4052 1514 1056 1841 2027 
4053 1771 2037 1956 2150 
4054 1851 1903 782 2088 
4055 501 494 495 2003 
4056 1069 2127 318 2134 
4057 1031 1151 1056 1841 
4058 1694 2000 1990 2126 
4059 1194 1905 1875 1959 
4060 321 2047 1842 2135 
4061 843 1942 427 2006 
4062 520 1974 526 2017 
4063 632 548 1901 2061 
4064 980 995 1143 2068 
4065 342 1912 1939 2160 
4066 725 817 1831 2070 
4067 1830 1927 491 2099 
4068 1229 1868 1273 1953 
4069 971 1142 1861 2137 
4070 1099 1149 2067 2105 
4071 1598 1120 1029 2097 
4072 790 370 1881 2077 
4073 666 1990 672 2052 
4074 979 1784 1704 2076 
4075 1035 1528 1877 2012 
4076 676 806 1900 2123 
4077 1601 1883 1831 1953 
4078 1376 1928 1378 1970 
4079 274 1983 886 2097 
4080 929 805 588 1898 
4081 1263 1879 1262 1998 
4082 681 766 1840 2025 
4083 931 972 287 1900 
4084 1586 1179 1835 1963 
4085 1789 1830 1567 2046 
4086 902 297 980 2068 
4087 997 901 955 1076 
4088 1603 1148 1572 2096 
4089 1063 1497 739 2026 
4090 1393 1387 1871 1989 
4091 544 764 1830 2051 
4092 995 297 1143 2068 
4093 956 491 1830 2051 
4094 1818 1855 1215 1963 
4095 1395 1795 1942 2006 
4096 672 1990 1036 2052 
4097 1227 1250 1249 1893 
4098 1069 2121 1164 2134 
4099 1603 1022 1148 2096 
4100 666 847 672 1990 
4101 520 525 526 1974 
4102 1804 1486 1744 1845 
4103 577 875 2078 2155 
4104 471 1875 1905 1959 
4105 1900 1711 2098 2123 
4106 930 1842 321 2047 
4107 1064 633 1696 1071 
4108 933 858 2019 2101 
4109 1910 1937 1631 1938 
4110 979 1704 1987 2076 
4111 1643 1883 1855 2058 
4112 1099 445 1100 2112 
4113 1101 2067 1106 2083 
4114 1829 1932 1605 2010 
4115 1722 1979 1410 1993 
4116 1036 672 847 1990 
4117 615 953 877 1841 
4118 1819 1855 831 1963 
4119 588 1829 532 1932 
4120 895 2006 427 2109 
4121 969 730 1960 2090 
4122 1765 1842 1656 2047 
4123 614 842 1841 1864 
4124 510 1831 1883 1953 
4125 832 1941 875 2078 
4126 1099 1138 1445 2112 
4127 1031 306 1041 2072 
4128 306 694 1041 2072 
4129 1420 1022 1603 2121 
4130 1010 283 1129 1973 
4131 770 342 1912 1939 
4132 1899 1983 1389 2069 
4133 503 1855 1818 1963 
4134 1845 1864 1744 1977 
4135 1010 1589 1006 1973 
4136 382 2002 362 2036 
4137 1466 1901 2061 2062 
4138 1129 1787 1973 2101 
4139 1882 1954 1800 1976 
4140 1351 1946 1884 1955 
4141 649 645 685 1978 
4142 1256 1974 1893 2017 
4143 1264 1998 1978 2117 
4144 782 1903 1851 2022 
4145 930 1917 1842 2047 
4146 1442 1901 1466 2054 
4147 1831 1228 1954 2070 
4148 633 1465 1696 1466 
4149 1486 1804 1487 2027 
4150 2008 2043 1260 2082 
4151 1074 1124 1726 2054 
4152 913 1931 1845 2018 
4153 1711 1900 1759 1925 
4154 1374 2040 1948 2125 
4155 1420 1603 1625 2121 
4156 1989 2024 630 2068 
4157 1583 1708 2078 2145 
4158 342 347 1912 2160 
4159 1860 1987 629 2024 
4160 1559 2090 1960 2095 
4161 427 843 428 1942 
4162 1743 1993 1936 2087 
4163 1213 1855 1819 1963 
4164 1564 1748 1922 1990 
4165 1133 1539 1540 2098 
4166 1417 2069 1983 2097 
4167 1143 1537 980 2068 
4168 307 742 1006 1973 
4169 274 886 1029 2097 
4170 1486 1744 1845 1864 
4171 675 1900 287 2098 
4172 1624 1320 1890 2011 
4173 1014 1007 852 1854 
4174 1820 1836 1697 2007 
4175 649 1956 645 1978 
4176 1007 320 852 1854 
4177 902 972 931 1900 
4178 1559 1147 1558 2090 
4179 1528 1877 1792 2072 
4180 317 1013 741 2145 
4181 1769 1514 1151 1841 
4182 1213 1215 1855 1963 
4183 862 892 273 2102 
4184 1513 975 1152 1878 
4185 1867 1985 431 2063 
4186 1572 754 602 2134 
4187 1425 1864 1841 2136 
4188 1558 969 1960 2090 
4189 503 831 1855 1963 
4190 817 1872 1831 2070 
4191 645 1998 1956 2140 
4192 607 1854 320 2107 
4193 1448 1842 1765 2047 
4194 1377 1375 1376 2040 
4195 1772 1989 1517 2068 
4196 554 632 548 1901 
4197 1752 1266 1265 1998 
4198 1866 1907 506 1918 
4199 975 305 994 1878 
4200 1476 1987 1704 2076 
4201 742 283 1006 1973 
4202 1879 1998 760 2128 
4203 1473 1145 1930 2132 
4204 394 2097 2069 2147 
4205 1617 1895 1949 2151 
4206 998 927 564 2059 
4207 985 2098 1133 2142 
4208 957 525 1861 1974 
4209 933 283 858 2101 
4210 2078 2145 1708 2155 
4211 1378 1970 1928 2136 
4212 1558 1147 969 2090 
4213 688 1937 1910 1938 
4214 1476 1704 1784 2076 
4215 1473 1145 1779 1930 
4216 997 901 1076 2116 
4217 754 1572 602 2096 
4218 1041 1527 1151 2072 
4219 1133 1900 1539 2098 
4220 807 1821 508 1866 
4221 724 1831 510 1868 
4222 372 2036 369 2049 
4223 852 320 607 1854 
4224 956 1830 491 2099 
4225 827 1983 1899 2069 
4226 301 730 993 2090 
4227 734 739 1063 2153 
4228 1611 1969 1782 2051 
4229 770 1912 1833 1939 
4230 1832 1846 460 2071 
4231 1839 1910 688 1937 
4232 483 1835 457 1874 
4233 606 605 1873 2046 
4234 1534 1818 1907 1918 
4235 606 1873 1830 2046 
4236 1107 2044 272 2083 
4237 449 2021 1945 2130 
4238 1019 1158 2018 2027 
4239 1891 1920 1483 2129 
4240 1358 1579 1391 1887 
4241 1151 1031 1041 2072 
4242 754 1603 1022 2121 
4243 1006 283 1010 1973 
4244 730 731 1960 2090 
4245 1006 1589 1012 1973 
4246 1351 1955 1884 2057 
4247 1544 1876 1820 2007 
4248 508 1866 1821 1907 
4249 540 2043 2008 2082 
4250 843 636 1906 2133 
4251 1985 2035 431 2063 
4252 1153 1753 1854 1973 
4253 483 1835 1819 1963 
4254 1842 2047 1448 2135 
4255 1119 990 1600 2102 
4256 1287 2047 1858 2159 
4257 998 986 1776 2059 
4258 1436 1935 1440 2063 
4259 1563 1990 1715 2052 
4260 759 1940 1829 2110 
4261 1037 684 311 2027 
4262 1935 1988 1440 2063 
4263 683 332 345 1911 
4264 914 1879 1980 2091 
4265 1601 1229 1273 1953 
4266 2093 2098 1698 2123 
4267 724 1831 1868 1882 
4268 2049 2077 386 2095 
4269 759 789 1940 2110 
4270 874 1989 630 2068 
4271 1834 479 1870 2080 
4272 620 293 946 2139 
4273 947 669 1830 1971 
4274 975 1878 1513 2004 
4275 1397 1983 1417 2069 
4276 1036 1563 1047 2052 
4277 602 2096 1572 2138 
4278 1921 2009 1203 2013 
4279 806 570 1900 1925 
4280 785 702 786 1902 
4281 1006 1012 307 1973 
4282 760 1879 925 1998 
4283 1143 297 995 2024 
4284 1936 1979 1409 2076 
4285 980 297 995 2068 
4286 1706 2006 1906 2133 
4287 1320 1923 1890 2092 
4288 687 1987 627 2076 
4289 1100 1105 1099 2112 
4290 1050 1961 709 2103 
4291 1429 1651 1631 1910 
4292 1485 1743 1803 1936 
4293 1749 1133 2098 2142 
4294 457 1874 1835 2075 
4295 1831 1872 1228 2070 
4296 945 426 1920 2129 
4297 604 1864 1845 1977 
4298 1537 1900 980 2068 
4299 427 2109 1942 2161 
4300 971 1861 295 2137 
4301 1035 1041 696 2072 
4302 902 980 972 1900 
4303 544 1873 1969 2051 
4304 862 273 1976 2102 
4305 706 1923 1822 2074 
4306 1242 1577 1903 2088 
4307 1260 2008 1641 2043 
4308 1013 2078 741 2145 
4309 1833 1912 1576 1939 
4310 1176 1835 1874 2075 
4311 1355 1881 1887 2077 
4312 1979 1993 1722 2141 
4313 500 1943 1901 2061 
4314 577 592 875 2155 
4315 1183 1846 1832 2071 
4316 1054 1148 1022 2096 
4317 1715 1990 1971 2052 
4318 1491 1962 2078 2155 
4319 805 532 588 1829 
4320 1485 1743 1936 2087 
4321 1336 1911 1334 1950 
4322 1035 1528 1527 2072 
4323 1853 1912 347 2160 
4324 303 2133 2006 2141 
4325 337 1822 1890 1894 
4326 1262 1998 1879 2128 
4327 790 809 370 2077 
4328 1069 1164 2127 2134 
4329 1759 1900 1711 2098 
4330 1052 1997 867 2107 
4331 1776 1017 999 1015 
4332 788 1836 1820 2007 
4333 429 1906 629 2024 
4334 691 802 1024 2140 
4335 1772 1423 1989 2024 
4336 364 1892 1899 1991 
4337 2016 2031 596 2109 
4338 1109 2047 321 2135 
4339 1229 1868 1831 1882 
4340 819 540 541 2070 
4341 1844 475 1940 2158 
4342 1653 1835 1174 2003 
4343 1001 1013 1583 2078 
4344 449 549 2021 2130 
4345 1830 1873 1567 2046 
4346 438 440 439 2040 
4347 913 311 684 2027 
4348 1617 1494 1895 2151 
4349 1227 1821 1866 1907 
4350 857 1815 915 2144 
4351 1248 1611 1782 2051 
4352 647 1998 645 2140 
4353 1429 1839 1651 1910 
4354 380 1899 378 1920 
4355 1698 2098 2093 2120 
4356 975 994 1152 1878 
4357 1479 1845 1931 2018 
4358 709 1961 1050 2156 
4359 1846 1972 460 2071 
4360 754 1022 1603 2096 
4361 1956 2037 642 2150 
4362 676 1900 2098 2123 
4363 784 575 1918 2058 
4364 1828 682 1934 1950 
4365 1129 283 1010 2101 
4366 769 1844 475 1940 
4367 1836 2000 1697 2007 
4368 506 505 504 1907 
4369 1564 1694 1748 1990 
4370 784 1918 1855 2058 
4371 1313 1926 1833 1939 
4372 1101 883 1104 2105 
4373 344 706 1822 2074 
4374 681 707 766 2025 
4375 615 614 1841 2027 
4376 528 1849 2003 2085 
4377 1771 2144 2037 2150 
4378 797 1922 658 2000 
4379 505 1818 504 1907 
4380 1813 972 1537 1900 
4381 1175 1824 1816 2003 
4382 1183 1972 1846 2071 
4383 1454 1800 1882 1954 
4384 1502 1706 1906 2133 
4385 604 614 1845 1864 
4386 1776 1002 1015 2145 
4387 1479 2018 1158 2027 
4388 990 960 273 1976 
4389 479 670 1834 1870 
4390 606 1830 940 2046 
4391 1576 1939 1912 2160 
4392 1643 1214 1855 1910 
4393 792 1819 483 1874 
4394 1936 1993 585 2087 
4395 684 1037 1019 2027 
4396 797 780 658 1922 
4397 1001 741 1013 2078 
4398 1417 2069 2097 2147 
4399 1781 2041 2077 2095 
4400 564 2059 927 2145 
4401 1185 1832 1937 1944 
4402 769 1940 475 2158 
4403 1581 1870 1834 1927 
4404 1422 1374 1373 2081 
4405 1577 1244 1242 1903 
4406 990 1119 960 1976 
4407 1256 1258 1974 2017 
4408 1007 320 1854 2107 
4409 1534 1907 1866 1918 
4410 1053 1891 274 1983 
4411 1747 1693 1968 1995 
4412 766 1957 1840 2025 
4413 501 2003 1919 2085 
4414 474 1905 1857 2158 
4415 1264 1263 1998 2023 
4416 1105 1138 1099 2112 
4417 474 1857 486 2158 
4418 843 636 428 1906 
4419 865 725 1954 2070 
4420 1153 1589 1753 1973 
4421 287 2098 985 2142 
4422 1188 1937 1839 1959 
4423 1834 1870 1581 2080 
4424 663 2009 1921 2013 
4425 1612 1786 1561 2049 
4426 761 1884 1946 1955 
4427 1449 1795 2109 2161 
4428 998 1776 999 1015 
4429 1303 1822 1301 2104 
4430 1303 1894 1822 2104 
4431 1847 497 1943 2158 
4432 1269 1831 1228 1954 
4433 540 2043 541 2070 
4434 364 1899 377 1991 
4435 377 1899 1837 1991 
4436 1928 1970 443 2136 
4437 654 1913 1836 2000 
4438 833 1039 1034 2096 
4439 1936 1979 556 1993 
4440 652 1998 1836 2128 
4441 1101 2067 883 2105 
4442 1930 2111 876 2132 
4443 1175 1835 1824 2003 
4444 818 1988 1935 2063 
4445 419 2098 2093 2123 
4446 1092 1993 1097 2111 
4447 1206 1203 1921 2009 
4448 1369 1374 1948 2125 
4449 1395 1706 1795 2006 
4450 994 1878 305 2048 
4451 1622 2035 1365 2063 
4452 525 1893 1861 1974 
4453 1960 2090 731 2095 
4454 1335 1334 1336 1911 
4455 1045 802 1896 2140 
4456 905 1877 696 2072 
4457 1589 1010 1129 1973 
4458 957 1861 525 1893 
4459 1395 1394 1906 1942 
4460 1644 1333 1911 2025 
4461 969 993 730 2090 
4462 1533 1828 1934 1950 
4463 652 760 1998 2128 
4464 1188 1839 1192 1959 
4465 370 1887 1881 2077 
4466 912 2064 1011 2101 
4467 1011 2064 1725 2101 
4468 1333 1335 1644 1911 
4469 1884 1955 761 2057 
4470 1124 2054 1074 2153 
4471 1670 1313 1833 1939 
4472 1334 1911 1828 1950 
4473 1392 1837 1899 1991 
4474 654 2000 1836 2007 
4475 1517 1772 1423 1989 
4476 725 865 817 2070 
4477 1671 1578 1875 2088 
4478 507 1918 1872 2043 
4479 1820 1876 788 2007 
4480 627 1979 1936 2076 
4481 670 1834 1870 1927 
4482 1842 1917 1656 2047 
4483 1700 1997 1052 2107 
4484 1392 1899 1892 1991 
4485 1776 2059 1419 2145 
4486 822 1021 314 2089 
4487 606 940 605 2046 
4488 1269 1882 1831 1954 
4489 1099 1445 1149 2105 
4490 1671 1875 1903 2088 
4491 500 1857 533 1901 
4492 1735 1417 1397 1983 
4493 747 2061 1924 2143 
4494 774 1943 500 2061 
4495 1566 1789 1567 2046 
4496 708 426 945 2129 
4497 1303 1890 1822 1894 
4498 342 347 770 1912 
4499 1053 1120 1891 1983 
4500 1454 1800 1635 1882 
4501 1857 1901 500 1943 
4502 1425 1841 1402 2136 
4503 1816 1945 451 1982 
4504 354 347 353 1912 
4505 1586 1835 1653 1963 
4506 1514 1841 1769 2027 
4507 1909 1940 789 2110 
4508 575 1872 1918 2058 
4509 1115 1110 1111 2073 
4510 623 2069 394 2097 
4511 1450 2031 2109 2159 
4512 1066 1154 1880 1924 
4513 862 1976 881 2102 
4514 1617 1895 1851 1949 
4515 1656 1765 1448 1842 
4516 1544 1750 1876 2007 
4517 1943 1966 1223 2061 
4518 775 1901 534 1908 
4519 1839 1937 733 1959 
4520 352 1853 1881 1887 
4521 1129 1692 1787 2101 
4522 1145 2111 1930 2132 
4523 1203 2009 1972 2013 
4524 1579 1881 1853 1887 
4525 957 1861 547 1974 
4526 1504 1907 1919 2085 
4527 471 1863 468 1875 
4528 1482 2070 1641 2124 
4529 1740 1767 1423 1989 
4530 1425 1403 1864 2136 
4531 874 814 1989 2068 
4532 1237 2051 1927 2060 
4533 901 997 963 2116 
4534 578 2100 2032 2102 
4535 1479 1845 1415 1931 
4536 386 2049 369 2077 
4537 1800 1954 1454 1976 
4538 319 955 901 2116 
4539 1152 1878 994 2048 
4540 485 1909 1953 2119 
4541 1831 1882 725 1954 
4542 730 301 731 2090 
4543 496 1847 1943 1966 
4544 1115 2073 1111 2135 
4545 328 1828 1869 1889 
4546 487 925 2023 2117 
4547 791 337 1822 1890 
4548 284 1065 744 1924 
4549 1723 1841 1151 2072 
4550 1061 318 850 2121 
4551 1596 1897 1904 2014 
4552 496 1847 497 1943 
4553 328 1889 1869 2152 
4554 1803 1485 1936 2087 
4555 1371 1955 2055 2114 
4556 744 1066 308 1924 
4557 1652 1902 1850 2025 
4558 1654 1869 1828 1889 
4559 1565 1563 1715 2052 
4560 930 322 1917 2047 
4561 1707 1776 1419 2145 
4562 348 1833 1926 1939 
4563 485 1844 1909 2119 
4564 2093 2098 419 2120 
4565 1063 1497 1068 2153 
4566 1586 1179 1176 1835 
4567 1848 1863 1669 1875 
4568 842 444 1841 2136 
4569 1590 1154 1072 1924 
4570 1186 1937 1863 1944 
4571 1983 2069 623 2097 
4572 1828 1911 680 1950 
4573 1749 1545 1133 2142 
4574 685 686 1978 1998 
4575 608 867 1997 2107 
4576 1461 1924 2061 2143 
4577 1174 1653 1586 1835 
4578 1494 1986 1895 2151 
4579 468 1863 1848 1875 
4580 1100 1104 445 1099 
4581 364 1892 376 1899 
4582 1185 1184 1832 1944 
4583 1863 1937 763 1944 
4584 499 1868 510 1953 
4585 1294 1852 1933 2106 
4586 1445 1451 2105 2112 
4587 1242 1851 1834 2088 
4588 578 1975 2100 2102 
4589 1024 1814 1876 2140 
4590 1685 1901 1857 1943 
4591 1062 1140 2026 2127 
4592 1106 2067 1149 2083 
4593 574 1935 1833 2001 
4594 533 1901 1857 2122 
4595 1822 1890 1319 1923 
4596 706 1890 1822 1923 
4597 1422 2040 1374 2081 
4598 1109 1448 2047 2135 
4599 1482 1641 1664 2124 
4600 1702 2115 963 2116 
4601 518 1826 1992 2017 
4602 1852 1958 621 2016 
4603 1019 1158 1783 2018 
4604 914 1980 721 2091 
4605 1587 1912 1853 2160 
4606 1849 1172 2003 2085 
4607 1919 2003 1172 2085 
4608 1319 1822 1923 2074 
4609 1787 1589 1129 1973 
4610 1721 272 1107 2044 
4611 1677 1953 1909 2119 
4612 556 1993 1979 2141 
4613 1616 1935 1833 2118 
4614 2026 2086 736 2151 
4615 1596 2014 1904 2057 
4616 876 1826 1930 2132 
4617 1829 1847 514 2010 
4618 842 899 444 2136 
4619 594 1994 1929 1995 
4620 1022 1420 1042 2121 
4621 1840 1957 1644 2025 
4622 1185 1937 1186 1944 
4623 496 1943 497 2158 
4624 814 630 874 1989 
4625 1066 1880 308 1924 
4626 272 2044 557 2083 
4627 1097 1443 1096 2111 
4628 1215 1431 1818 1963 
4629 1417 1983 1735 2097 
4630 1614 1360 1962 2049 
4631 1293 1292 1869 1933 
4632 528 2003 501 2085 
4633 906 632 633 2062 
4634 1268 1825 1978 2037 
4635 1839 1192 1959 2119 
4636 957 547 525 1974 
4637 1371 2055 1455 2114 
4638 658 1922 1913 2000 
4639 503 784 1818 1855 
4640 1062 1584 1140 2127 
4641 786 1850 1902 2025 
4642 979 964 1784 2076 
4643 1901 1908 775 2054 
4644 1551 1929 982 1994 
4645 776 1949 1895 2151 
4646 983 1142 1531 2050 
4647 1857 1901 1685 2122 
4648 615 1841 877 2027 
4649 1286 1125 1287 2047 
4650 1294 1933 1852 1958 
4651 1504 1992 1907 2085 
4652 1664 1641 1260 2008 
4653 1776 999 986 998 
4654 521 1883 1831 2058 
4655 857 1825 1815 2144 
4656 672 1036 1047 2052 
4657 1445 1138 1451 2112 
4658 329 328 1869 2152 
4659 450 451 1945 1982 
4660 1901 1943 1223 2061 
4661 518 1992 1821 2017 
4662 337 1890 726 1894 
4663 514 1829 759 1847 
4664 1102 272 557 2083 
4665 1863 1937 1188 1959 
4666 1328 1827 1886 2093 
4667 1583 1163 1708 2145 
4668 1513 1152 1770 1878 
4669 1421 1992 1826 2017 
4670 1616 1833 1935 2001 
4671 1906 1942 1394 1989 
4672 449 447 1945 2021 
4673 530 1932 532 2010 
4674 635 1828 682 1934 
4675 1545 985 1133 2142 
4676 881 1954 1882 1976 
4677 1551 1553 982 1929 
4678 1364 1985 1941 2002 
4679 1958 2016 1344 2031 
4680 1776 986 1419 2059 
4681 1617 1949 1253 2151 
4682 1858 1869 325 2146 
4683 1369 1373 1374 2125 
4684 1050 1729 1961 2103 
4685 576 862 881 2102 
4686 633 868 942 2054 
4687 833 1873 853 2096 
4688 831 820 1819 1963 
4689 1331 1333 1850 1911 
4690 1980 2005 721 2091 
4691 1311 1837 1991 2015 
4692 1107 1411 2044 2083 
4693 614 899 842 1864 
4694 1081 2006 599 2109 
4695 340 1933 1852 2106 
4696 1271 2086 2026 2151 
4697 407 1886 1827 2093 
4698 1642 1981 1961 2103 
4699 487 686 925 2117 
4700 528 1849 527 2003 
4701 1693 1968 1995 2084 
4702 884 2026 736 2151 
4703 1150 2006 2133 2141 
4704 348 1926 1833 2118 
4705 734 1063 1068 2153 
4706 723 1972 2009 2013 
4707 1499 2035 1757 2064 
4708 1217 1918 1872 2058 
4709 1303 1301 1304 2104 
4710 1150 1080 2006 2141 
4711 446 2105 2042 2112 
4712 1446 1795 2006 2109 
4713 1062 2026 848 2127 
4714 769 1909 1844 1940 
4715 354 1856 365 1912 
4716 1861 1893 1731 1974 
4717 1303 1304 1894 2104 
4718 774 1966 1943 2061 
4719 2037 2144 642 2150 
4720 676 806 570 1900 
4721 1421 1821 1992 2017 
4722 1045 1024 802 2140 
4723 1981 2103 1642 2129 
4724 384 383 1985 2001 
4725 466 1910 1819 1938 
4726 1948 2040 437 2125 
4727 712 1934 682 1950 
4728 759 1847 1829 1940 
4729 1214 1819 1213 1855 
4730 1697 1836 1233 2000 
4731 1698 2093 1352 2120 
4732 1332 1298 1889 1914 
4733 471 1905 472 1959 
4734 1771 1518 1956 2037 
4735 1705 2067 1149 2105 
4736 512 507 1872 2043 
4737 1023 1675 1761 1891 
4738 1232 1847 1829 2010 
4739 784 1818 1855 1918 
4740 1087 1085 1080 2141 
4741 1352 2093 1698 2123 
4742 2035 2063 1757 2064 
4743 567 1845 913 1931 
4744 463 1937 1832 1944 
4745 1677 1909 1844 2119 
4746 1143 1772 1517 2068 
4747 1372 1364 1941 2002 
4748 1259 1258 1257 1930 
4749 754 2121 565 2134 
4750 480 1834 1851 2088 
4751 1323 1946 1916 2029 
4752 602 1572 2134 2138 
4753 655 1836 1913 2128 
4754 1622 1757 2035 2063 
4755 565 2121 844 2134 
4756 1585 1869 1889 2152 
4757 1291 1869 1858 2146 
4758 1578 1848 1875 2088 
4759 763 1937 1863 1959 
4760 663 723 2009 2013 
4761 1355 1881 1356 1887 
4762 1044 1761 1131 2103 
4763 1097 1993 1443 2111 
4764 474 1875 1857 1905 
4765 685 925 686 1998 
4766 1829 1847 1232 1940 
4767 1402 1841 1970 2136 
4768 1215 1855 1818 1918 
4769 1945 2021 1745 2130 
4770 1092 1097 1090 2111 
4771 1686 1440 1935 1988 
4772 1343 1946 1351 1955 
4773 846 964 687 2076 
4774 1882 1975 576 2102 
4775 1341 1916 1323 1946 
4776 589 2097 394 2147 
4777 1429 1883 1839 1910 
4778 554 534 775 1901 
4779 1311 1837 1674 1991 
4780 1836 1913 1233 2000 
4781 983 971 1142 2050 
4782 361 2036 1887 2077 
4783 1877 1948 799 2012 
4784 1852 1933 340 1958 
4785 469 1863 471 1959 
4786 414 1871 1925 1947 
4787 1771 1956 1518 2150 
4788 705 1923 706 2074 
4789 492 2051 1895 2060 
4790 1050 1961 1729 2156 
4791 1972 2005 478 2009 
4792 1927 2051 491 2060 
4793 1316 1616 1833 2118 
4794 1041 1035 1527 2072 
4795 449 1945 1816 2130 
4796 941 1825 671 1978 
4797 1858 2047 880 2159 
4798 1819 1855 1214 1910 
4799 1851 1895 1240 2060 
4800 1576 1912 1587 2160 
4801 1916 1946 366 2029 
4802 1743 1410 1936 1993 
4803 446 445 2105 2112 
4804 1671 1875 1857 2122 
4805 849 927 1015 2145 
4806 1968 714 1995 2084 
4807 492 1895 1851 2060 
4808 416 1942 418 1989 
4809 1181 1832 1183 1846 
4810 747 539 2061 2143 
4811 381 1957 379 1964 
4812 1328 1330 1827 2093 
4813 1619 1829 1940 2110 
4814 1392 1899 1837 1957 
4815 1854 1973 1753 2055 
4816 1671 1903 1875 2122 
4817 1026 1052 867 2107 
4818 1818 1907 505 1919 
4819 1871 1900 570 1925 
4820 1363 1867 1985 2001 
4821 1358 1887 1856 2036 
4822 299 876 2111 2132 
4823 1850 1911 1333 2025 
4824 1351 1884 1946 2029 
4825 473 464 2071 2080 
4826 831 1855 1819 1910 
4827 1101 304 2067 2083 
4828 437 1934 436 2125 
4829 1585 1869 1654 1889 
4830 507 575 1872 1918 
4831 1313 1833 1926 2118 
4832 1120 1598 1735 1983 
4833 1811 1467 1550 2012 
4834 1035 696 296 2012 
4835 395 2055 1955 2114 
4836 1004 2064 277 2139 
4837 1396 1892 1392 1899 
4838 1044 708 716 1891 
4839 1619 1940 1909 2110 
4840 522 2038 2010 2143 
4841 910 2038 522 2143 
4842 618 1993 1092 2111 
4843 449 549 447 2021 
4844 733 1839 1959 2119 
4845 1066 1072 1154 1924 
4846 540 2008 699 2082 
4847 1226 2043 1866 2082 
4848 333 1914 1822 2104 
4849 1222 1943 1847 1966 
4850 1533 1934 1828 1999 
4851 1043 1136 1597 2014 
4852 1308 1926 1313 1939 
4853 345 1911 1850 2025 
4854 1868 1909 1677 1953 
4855 1747 1552 1693 1995 
4856 1278 1975 1882 2102 
4857 1576 1912 1833 2001 
4858 480 1851 782 2088 
4859 564 927 849 2145 
4860 1186 1188 1863 1937 
4861 1479 1158 1658 2027 
4862 895 2109 427 2161 
4863 1621 2022 1908 2086 
4864 884 739 736 2026 
4865 983 1531 1530 2050 
4866 1635 1278 1882 2102 
4867 1340 1840 1347 1957 
4868 1061 1069 318 2121 
4869 1299 1914 1822 2074 
4870 1703 1159 1049 2089 
4871 1023 1761 1044 1891 
4872 1442 1908 1901 2054 
4873 594 1995 1929 2154 
4874 344 705 706 2074 
4875 473 829 464 2080 
4876 1019 1037 1158 2027 
4877 1975 1418 2100 2102 
4878 1125 1286 269 2047 
4879 1827 1886 405 2092 
4880 947 665 669 1971 
4881 616 2064 912 2101 
4882 934 303 1085 2141 
4883 380 379 378 1899 
4884 1783 1158 1479 2018 
4885 510 1883 509 1953 
4886 2032 2100 1418 2102 
4887 2030 2059 753 2145 
4888 812 1937 688 1938 
4889 1392 1837 1602 1957 
4890 1299 1822 1914 2104 
4891 1745 2021 1945 2112 
4892 272 1977 557 2044 
4893 364 376 377 1899 
4894 770 1833 787 1939 
4895 1776 1707 1002 2145 
4896 680 1828 830 1911 
4897 1580 1853 1579 1881 
4898 544 1830 606 1873 
4899 473 2071 1870 2080 
4900 1262 1836 1998 2128 
4901 1740 1989 1423 2024 
4902 543 2134 2028 2138 
4903 867 1052 897 1997 
4904 1913 1922 1281 2000 
4905 1038 715 740 2007 
4906 1391 1853 1587 1912 
4907 507 1866 1918 2043 
4908 1828 1889 830 1911 
4909 1062 1140 1070 2026 
4910 1256 1257 1258 2017 
4911 1065 1590 1072 1924 
4912 1344 1958 1519 2016 
4913 1896 1956 642 2150 
4914 796 2057 2014 2147 
4915 563 1852 621 2016 
4916 1596 1897 1714 1904 
4917 1636 1389 1983 2069 
4918 463 763 1937 1944 
4919 1822 1894 337 2104 
4920 1098 1094 1089 1996 
4921 1086 1079 1081 599 
4922 419 816 2098 2123 
4923 1347 1957 1840 1964 
4924 1115 935 1110 2073 
4925 1567 1830 1248 1873 
4926 1522 1980 1879 2091 
4927 498 1909 1868 1953 
4928 631 621 1958 2016 
4929 1771 1424 2037 2144 
4930 1697 2000 1282 2007 
4931 1844 1909 1199 1940 
4932 1857 1875 1197 1905 
4933 1351 1946 1324 2029 
4934 1271 1497 2026 2086 
4935 1291 1293 1292 1869 
4936 1868 1909 498 1975 
4937 532 1829 514 2010 
4938 340 1933 327 1958 
4939 506 1866 508 1907 
4940 615 614 842 1841 
4941 1221 1831 1883 2058 
4942 352 353 1853 1887 
4943 329 1869 1933 2152 
4944 694 905 696 2072 
4945 332 1914 1889 2152 
4946 1436 1867 1935 2063 
4947 554 1901 775 2054 
4948 1502 1395 1394 1906 
4949 345 681 1911 2025 
4950 1212 1819 1910 1938 
4951 1499 2035 2064 2139 
4952 1834 1848 479 2080 
4953 1237 1236 1927 2051 
4954 1208 2013 1927 2099 
4955 1530 2048 974 2050 
4956 1277 1909 1868 1975 
4957 1643 1855 1216 2058 
4958 1221 1883 1643 2058 
4959 1090 1097 1096 2111 
4960 1528 1792 1527 2072 
4961 333 1822 1914 2074 
4962 2030 2145 753 2155 
4963 296 841 1030 2012 
4964 1446 2006 1081 2109 
4965 530 588 532 1932 
4966 1525 1818 1534 1918 
4967 1237 1927 1834 2060 
4968 1241 1895 2051 2060 
4969 982 1929 870 1994 
4970 1241 1240 1895 2060 
4971 578 2032 600 2102 
4972 757 1904 1897 2014 
4973 1038 2007 1548 2126 
4974 1828 1934 635 1999 
4975 1115 935 2073 2135 
4976 1198 1844 1940 2158 
4977 473 1870 829 2080 
4978 908 305 639 1878 
4979 1210 1913 1980 2009 
4980 1880 1924 1754 2038 
4981 1585 1293 1869 2152 
4982 1286 2047 1287 2159 
4983 1450 1737 2031 2159 
4984 930 321 322 2047 
4985 1519 1852 1506 1888 
4986 321 1109 1114 2047 
4987 1576 1833 1672 2001 
4988 1755 2028 2134 2138 
4989 450 1982 1945 2023 
4990 1415 1479 1658 1845 
4991 1266 1956 1274 1978 
4992 462 1832 460 2071 
4993 1686 1935 1862 1988 
4994 1461 2061 1924 2062 
4995 1212 1180 1819 1938 
4996 703 1991 1837 2015 
4997 986 998 564 2059 
4998 341 1838 339 1939 
4999 1223 1943 1222 1966 
5000 1522 2005 1980 2091 
5001 1833 1935 574 2118 
5002 563 1888 1852 2016 
5003 1112 1977 1118 2073 
5004 1746 1344 2016 2031 
5005 1196 1857 1905 2158 
5006 1839 1883 529 1910 
5007 501 528 527 2003 
5008 328 1828 349 1869 
5009 407 405 1827 1886 
5010 1686 1440 1436 1935 
5011 1198 1844 1199 1940 
5012 1681 1993 1817 2111 
5013 1621 1908 2054 2086 
5014 1550 1948 1877 2012 
5015 783 1875 1848 2088 
5016 1534 1818 1526 1907 
5017 1227 1254 1821 1907 
5018 956 1830 764 2051 
5019 1519 1852 1888 2016 
5020 377 1837 1899 1957 
5021 691 1024 1876 2140 
5022 1833 1912 770 2001 
5023 285 708 1044 2103 
5024 1065 1072 744 1924 
5025 1226 1866 1249 2082 
5026 1862 1935 818 1988 
5027 894 317 741 2145 
5028 1617 1253 1494 2151 
5029 872 1861 295 2050 
5030 1847 1940 497 2158 
5031 780 1971 1922 1990 
5032 870 982 889 1929 
5033 1841 444 1970 2136 
5034 1217 1855 1918 2058 
5035 302 1054 1022 2096 
5036 1941 1985 422 2002 
5037 1210 1921 1913 2009 
5038 619 2064 2035 2139 
5039 1204 1847 1943 2158 
5040 901 963 2115 2116 
5041 647 1820 1998 2140 
5042 744 1072 1066 1924 
5043 1147 993 969 2090 
5044 596 893 631 2016 
5045 1384 1759 1900 1925 
5046 482 782 1903 2088 
5047 1435 1867 1363 2001 
5048 1537 972 980 1900 
5049 846 687 627 2076 
5050 1196 1857 1197 1905 
5051 1081 599 1079 2109 
5052 1904 2014 757 2057 
5053 1859 1991 703 2015 
5054 451 1816 449 1945 
5055 1972 1645 2005 2009 
5056 1827 1330 1952 2093 
5057 1840 1957 381 1964 
5058 1654 1828 1869 1999 
5059 1614 1360 1618 1962 
5060 486 1857 1943 2158 
5061 1844 1905 475 2158 
5062 1219 1872 1918 2043 
5063 1201 2013 1972 2071 
5064 791 726 337 1890 
5065 1871 1989 814 2068 
5066 1334 1889 1828 1911 
5067 1540 1900 1759 2098 
5068 299 876 903 2111 
5069 1719 1437 1596 2057 
5070 857 915 648 2144 
5071 1443 1993 1681 2111 
5072 523 1882 1868 1975 
5073 1526 1907 1818 1919 
5074 1596 1904 1807 2057 
5075 690 1819 466 1910 
5076 743 1973 1854 2055 
5077 688 1839 529 1910 
5078 1180 1874 1819 1938 
5079 1594 1932 1898 2113 
5080 493 1851 1895 1949 
5081 1215 1213 1431 1963 
5082 384 1985 1867 2001 
5083 1865 1929 1366 2154 
5084 1281 1922 1748 2000 
5085 848 1070 294 2026 
5086 1580 1853 1881 2011 
5087 395 396 1955 2055 
5088 1858 1958 1290 2031 
5089 432 1867 431 2063 
5090 652 1836 653 2128 
5091 466 1819 1874 1938 
5092 457 1835 1824 2075 
5093 318 844 850 2121 
5094 1311 1991 1628 2015 
5095 776 1895 1986 2151 
5096 1362 1985 1364 2002 
5097 1185 1937 1832 1938 
5098 1688 1437 2057 2094 
5099 1312 2020 1852 2106 
5100 824 933 2019 2101 
5101 745 1924 1880 2038 
5102 1043 2014 1597 2097 
5103 1283 2048 1974 2056 
5104 584 1936 627 1979 
5105 765 348 1833 2118 
5106 1961 1981 390 2103 
5107 576 1882 523 1975 
5108 1670 1308 1313 1939 
5109 1763 1421 1826 2017 
5110 463 812 1832 1937 
5111 1552 1693 1995 2084 
5112 1483 1761 1675 1891 
5113 1050 709 285 2103 
5114 696 1877 885 2012 
5115 638 1824 456 1835 
5116 994 305 692 2048 
5117 848 1062 1070 2026 
5118 707 1957 766 2025 
5119 398 681 1840 1911 
5120 1455 2055 1973 2114 
5121 1815 1825 857 2067 
5122 2014 2057 1437 2147 
5123 1112 566 1977 2073 
5124 1852 1888 772 2020 
5125 1393 1989 1871 2068 
5126 783 1903 1875 2088 
5127 1505 1888 1852 2020 
5128 1065 1924 284 2062 
5129 671 1978 1825 2037 
5130 330 332 1889 2152 
5131 814 1871 416 1989 
5132 793 1958 1858 2031 
5133 1264 1263 1262 1998 
5134 1552 1995 1994 2084 
5135 1204 1847 1222 1943 
5136 1312 1505 1852 2020 
5137 1134 1048 1876 2007 
5138 726 1894 1890 2033 
5139 1255 1821 1421 2017 
5140 306 1841 695 2072 
5141 704 1827 405 2092 
5142 2057 2094 1437 2147 
5143 303 934 2133 2141 
5144 1443 1097 1161 1993 
5145 631 2016 1958 2031 
5146 822 1049 1021 2089 
5147 496 1943 774 1966 
5148 1752 1274 1266 1956 
5149 1520 1945 1816 1982 
5150 663 1921 722 2013 
5151 1889 1914 1298 2152 
5152 1671 1857 1615 2122 
5153 1519 1958 1852 2016 
5154 892 2032 990 2102 
5155 1384 1900 1871 1925 
5156 811 574 1833 2001 
5157 1879 932 2023 2091 
5158 1555 1865 1790 2041 
5159 1540 1759 1711 2098 
5160 1396 1892 1899 2069 
5161 1069 1709 1164 2121 
5162 831 503 820 1963 
5163 383 354 365 1912 
5164 1425 1402 1403 2136 
5165 2010 2038 1252 2143 
5166 1856 1887 359 2036 
5167 496 497 477 2158 
5168 1028 290 756 2014 
5169 942 278 1074 2153 
5170 898 1908 2022 2086 
5171 1497 1798 1068 2153 
5172 1790 1865 1555 2079 
5173 1450 2109 1737 2159 
5174 1673 1839 1883 1953 
5175 330 1889 328 2152 
5176 399 1843 1984 2011 
5177 1746 1450 1737 2031 
5178 1885 1950 679 2157 
5179 509 1839 762 1953 
5180 703 1859 356 1991 
5181 1513 1878 1770 2004 
5182 818 1935 1867 2063 
5183 573 1890 706 1923 
5184 689 1839 688 1937 
5185 460 1972 890 2071 
5186 863 1815 857 2067 
5187 1688 1437 1719 2057 
5188 1434 1901 1908 2122 
5189 1988 2019 1692 2101 
5190 1677 1868 1277 1909 
5191 467 1848 465 1944 
5192 812 1832 1937 1938 
5193 1588 1848 1834 2080 
5194 1411 1721 1107 2044 
5195 509 1883 1839 1953 
5196 1228 1280 1954 2070 
5197 1331 1332 1333 1911 
5198 1386 1947 1942 2161 
5199 519 1821 807 1893 
5200 823 1862 818 1988 
5201 1755 2134 1572 2138 
5202 792 483 457 1874 
5203 796 2094 2057 2147 
5204 769 484 1844 1909 
5205 1404 1877 1732 1970 
5206 661 1971 665 2099 
5207 456 1824 457 1835 
5208 289 976 904 2032 
5209 376 1899 1892 2069 
5210 1966 2061 539 2143 
5211 1022 1042 754 2121 
5212 1328 1886 1827 2092 
5213 352 1881 1853 2011 
5214 384 383 365 1985 
5215 983 295 971 2050 
5216 496 513 1847 1966 
5217 876 1826 674 1930 
5218 1760 1265 1820 2140 
5219 703 1837 702 2015 
5220 1994 1995 714 2084 
5221 555 270 1993 2141 
5222 813 1866 2043 2082 
5223 436 437 634 1934 
5224 1816 1945 1225 2130 
5225 1652 1850 1430 2025 
5226 1434 1685 1901 2122 
5227 623 886 274 1983 
5228 1246 1908 1621 2022 
5229 622 340 1852 2106 
5230 674 1930 1826 2017 
5231 669 940 606 1830 
5232 1735 1983 1598 2097 
5233 652 1820 651 1836 
5234 1820 1836 652 1998 
5235 1705 1149 1445 2105 
5236 1187 1863 1848 1944 
5237 1262 1234 1836 2128 
5238 1302 1319 1822 1890 
5239 974 2048 692 2050 
5240 1123 2064 1004 2139 
5241 1890 2011 371 2033 
5242 1134 1547 1048 2007 
5243 1164 2121 1709 2134 
5244 1875 1903 800 2122 
5245 307 1854 743 1973 
5246 272 1721 1977 2044 
5247 735 2054 1908 2086 
5248 470 479 1834 1848 
5249 1274 1978 1956 2037 
5250 829 1870 479 2080 
5251 1252 2038 2010 2039 
5252 658 1921 1913 1922 
5253 550 520 526 2017 
5254 1283 1878 2048 2056 
5255 1207 1921 1203 2013 
5256 976 1135 1599 2032 
5257 1913 1921 720 2009 
5258 1319 1923 1640 2074 
5259 824 2019 1988 2101 
5260 1852 2020 772 2106 
5261 399 1984 1881 2011 
5262 573 706 732 1923 
5263 376 827 378 1899 
5264 1909 1975 1277 2110 
5265 386 2077 2041 2095 
5266 970 700 286 2008 
5267 1332 1331 1298 1914 
5268 1848 1863 465 1944 
5269 1653 1172 1919 2003 
5270 377 1837 701 1991 
5271 908 1878 639 2004 
5272 733 1937 763 1959 
5273 492 515 1895 2051 
5274 1768 1815 1825 2144 
5275 1142 1861 1532 2050 
5276 1680 1935 1616 2118 
5277 839 521 1831 2058 
5278 1182 1832 1181 1938 
5279 1165 1777 1076 2116 
5280 1239 1834 1242 1851 
5281 822 2018 1049 2089 
5282 1049 1159 1021 2089 
5283 1219 1872 1217 1918 
5284 1176 1874 1178 2075 
5285 983 693 295 2050 
5286 1790 1865 1367 2041 
5287 756 1897 1051 2014 
5288 654 655 1836 1913 
5289 596 2016 631 2031 
5290 597 297 902 2068 
5291 577 1941 794 2002 
5292 401 399 1843 1984 
5293 1201 1623 2013 2071 
5294 1372 1362 1364 2002 
5295 716 274 1053 1891 
5296 318 844 2121 2134 
5297 390 2103 1981 2129 
5298 1922 1971 1564 1990 
5299 1048 288 1876 2007 
5300 974 1530 1152 2048 
5301 1929 1994 1716 1995 
5302 1183 1200 1846 1972 
5303 1923 1967 1640 2074 
5304 773 1881 370 1887 
5305 1023 1044 716 1891 
5306 1585 1293 1654 1869 
5307 870 1929 594 1994 
5308 827 1899 376 2069 
5309 555 270 316 1993 
5310 867 897 608 1997 
5311 1667 1848 1187 1863 
5312 1086 599 1081 2006 
5313 470 1848 1834 2088 
5314 1501 1768 1815 1825 
5315 807 508 506 1866 
5316 1776 1002 1017 1015 
5317 1700 1733 1052 1997 
5318 1442 1466 1465 2054 
5319 1030 2012 841 2156 
5320 1201 1203 1972 2013 
5321 1437 2014 1596 2057 
5322 1754 1880 1154 1924 
5323 480 1834 488 1851 
5324 577 1962 1941 2002 
5325 1043 861 2014 2097 
5326 1673 1839 1953 2119 
5327 407 1827 1952 2093 
5328 477 474 486 2158 
5329 1185 1186 1184 1944 
5330 1665 1839 1429 1883 
5331 304 883 1101 2067 
5332 1451 2042 2105 2112 
5333 1768 1809 1501 1815 
5334 857 648 1825 2144 
5335 1137 2109 1084 2159 
5336 610 1988 818 2063 
5337 1844 1905 1191 1959 
5338 1746 1344 1519 2016 
5339 640 2004 1936 2087 
5340 524 498 1909 1975 
5341 1626 2059 2030 2145 
5342 807 1866 813 2082 
5343 609 2063 2035 2064 
5344 939 2041 1865 2079 
5345 1887 2036 1357 2077 
5346 1636 1453 1891 1920 
5347 363 1991 1859 2108 
5348 1359 1358 1856 2036 
5349 1669 1848 1667 1863 
5350 1393 1387 1385 1871 
5351 1087 934 1085 2141 
5352 1842 1928 1780 2040 
5353 1247 1830 1971 2099 
5354 1973 2055 743 2114 
5355 1353 1352 1698 2123 
5356 1982 2023 932 2091 
5357 391 1885 679 2157 
5358 1272 1834 1588 1848 
5359 1945 2021 447 2112 
5360 1268 1275 1825 2037 
5361 606 544 764 1830 
5362 449 1816 798 2130 
5363 596 2109 2031 2159 
5364 886 1983 623 2097 
5365 668 1927 2013 2099 
5366 655 1913 1980 2128 
5367 1334 1432 1828 1889 
5368 1790 1554 1865 2079 
5369 534 1908 1901 2122 
5370 502 1919 495 1963 
5371 363 1892 1991 2108 
5372 527 2003 1849 2130 
5373 941 801 671 1825 
5374 485 1909 498 1953 
5375 329 330 328 2152 
5376 1240 1851 1617 1895 
5377 321 1114 1109 2135 
5378 1625 1603 1572 2134 
5379 1523 1828 1533 1950 
5380 1647 1816 1175 1982 
5381 573 371 1890 2011 
5382 1311 1674 1628 1991 
5383 1266 1978 1264 1998 
5384 1233 1913 1836 2128 
5385 1533 1934 1885 1950 
5386 1287 1858 1650 2159 
5387 289 1898 976 2032 
5388 415 1871 570 1925 
5389 1043 1028 1136 2014 
5390 445 1099 1104 2105 
5391 1816 1824 1175 1982 
5392 911 747 539 2061 
5393 724 510 499 1868 
5394 1654 1828 1432 1889 
5395 361 1887 370 2077 
5396 536 1893 807 2082 
5397 1673 1839 1665 1883 
5398 1159 1951 1021 2089 
5399 502 1818 505 1919 
5400 594 1929 582 2154 
5401 976 1898 1135 2032 
5402 778 362 2002 2036 
5403 1048 740 288 2007 
5404 1173 1175 1816 2003 
5405 778 2002 1856 2036 
5406 1648 1294 1852 1958 
5407 925 1879 760 2023 
5408 1334 1828 1523 1950 
5409 880 1858 323 2047 
5410 1187 1944 1848 2080 
5411 335 333 1822 2104 
5412 1313 1926 1915 2118 
5413 725 1831 724 1882 
5414 1941 1985 1364 2035 
5415 1913 720 1980 2009 
5416 893 2016 596 2109 
5417 422 1985 1941 2035 
5418 1699 2055 1456 2066 
5419 502 1818 1919 1963 
5420 1251 1966 2010 2143 
5421 1701 2038 2115 2116 
5422 1026 1700 1052 2107 
5423 1461 1924 1788 2062 
5424 1021 1951 314 2089 
5425 1229 1831 1269 1882 
5426 585 1993 851 2087 
5427 546 1975 578 2102 
5428 1626 2145 2030 2155 
5429 349 1869 1828 1999 
5430 1692 1988 1690 2019 
5431 1239 1834 1851 2060 
5432 1228 1872 1831 2058 
5433 813 1866 511 2043 
5434 745 308 1880 1924 
5435 1061 1709 1069 2121 
5436 743 1854 920 2055 
5437 1527 1723 1151 2072 
5438 1305 1838 1939 2160 
5439 678 1907 517 1992 
5440 524 1975 1909 2110 
5441 1303 1890 1894 2033 
5442 900 478 2005 2009 
5443 1826 1930 1779 2017 
5444 1770 2004 1878 2087 
5445 982 1553 981 1929 
5446 815 1935 574 2001 
5447 474 471 1875 1905 
5448 1383 1947 1888 2149 
5449 348 1926 1838 1939 
5450 631 563 621 2016 
5451 521 510 1831 1883 
5452 1316 1680 1616 2118 
5453 909 1932 530 2039 
5454 488 1851 1834 2060 
5455 518 1826 538 1992 
5456 467 1848 1944 2080 
5457 1971 2099 661 2131 
5458 352 1881 773 1887 
5459 1084 2109 1079 2159 
5460 638 1816 453 1824 
5461 1626 2030 1756 2155 
5462 345 707 681 2025 
5463 1038 1547 1548 2007 
5464 1834 1848 1272 2088 
5465 598 1849 2085 2148 
5466 1283 1878 1724 2048 
5467 1229 1270 1868 1882 
5468 1415 1931 1845 2044 
5469 567 1931 561 2044 
5470 1497 2086 1500 2153 
5471 1653 1919 1818 1963 
5472 707 421 1957 2025 
5473 1243 1851 1244 1949 
5474 534 1901 533 2122 
5475 1831 1872 817 2058 
5476 1581 1834 1237 1927 
5477 723 1972 2013 2071 
5478 1303 1302 1822 1890 
5479 1988 2064 616 2101 
5480 1834 1927 481 2060 
5481 1868 1882 1278 1975 
5482 515 1969 1895 2051 
5483 1944 2071 464 2080 
5484 562 1852 563 1888 
5485 1955 2055 396 2066 
5486 798 1816 527 2130 
5487 1282 1697 1233 2000 
5488 1671 1903 1577 2088 
5489 328 830 1828 1889 
5490 747 1924 2061 2062 
5491 474 767 1857 1875 
5492 286 988 2008 2124 
5493 1170 1172 1849 2085 
5494 1279 1975 1418 2100 
5495 395 580 396 2055 
5496 1095 2111 1091 2132 
5497 1109 1448 1765 2047 
5498 527 1849 896 2130 
5499 1195 1844 1198 2158 
5500 1095 299 2111 2132 
5501 627 1860 626 1979 
5502 1305 1894 1838 2160 
5503 788 651 1820 1836 
5504 287 985 973 2142 
5505 1671 1577 1578 2088 
5506 1118 1977 1162 2073 
5507 1932 2010 530 2039 
5508 1637 1870 2071 2080 
5509 1355 1887 1357 2077 
5510 1743 1722 1410 1993 
5511 813 2043 540 2082 
5512 924 1897 1904 1997 
5513 1313 1915 1315 2118 
5514 1444 1116 1118 2073 
5515 1251 2010 1252 2143 
5516 1260 1470 2008 2082 
5517 1204 1205 1847 2158 
5518 522 2010 1966 2143 
5519 565 754 1042 2121 
5520 762 1953 1839 2119 
5521 1091 2111 1145 2132 
5522 1654 1524 1828 1999 
5523 1929 1995 1716 2154 
5524 336 1894 1902 2104 
5525 796 2014 888 2147 
5526 481 1927 491 2060 
5527 761 1946 1884 2029 
5528 287 973 856 2142 
5529 1636 1920 1891 1983 
5530 1683 1909 1277 2110 
5531 1809 1501 1815 2067 
5532 1283 1285 1974 2048 
5533 1913 1921 1629 1922 
5534 1281 1913 1629 1922 
5535 465 1863 763 1944 
5536 700 970 697 2008 
5537 735 1908 898 2086 
5538 1089 1093 1098 1996 
5539 983 1530 974 2050 
5540 363 356 1859 1991 
5541 1371 1455 1370 2114 
5542 1870 473 2013 2071 
5543 722 2013 1921 2131 
5544 336 337 1894 2104 
5545 1616 1935 1867 2001 
5546 1501 1825 1815 2067 
5547 1533 1885 1339 1950 
5548 1744 1845 1977 2044 
5549 1251 1847 1224 2010 
5550 380 381 379 1964 
5551 1846 1972 1645 2005 
5552 367 366 1946 2029 
5553 1197 1875 1194 1905 
5554 1956 1978 649 2037 
5555 1202 1972 1203 2009 
5556 1045 1896 1541 2140 
5557 567 1845 1931 2044 
5558 855 1826 876 2132 
5559 791 1822 706 1890 
5560 1609 1223 1966 2061 
5561 568 434 2065 2156 
5562 981 889 982 1929 
5563 1383 1925 1947 2149 
5564 1942 1947 417 2161 
5565 1211 1980 1913 2128 
5566 1870 1927 1208 2013 
5567 1677 1844 1627 2119 
5568 1286 269 2047 2159 
5569 880 2047 269 2159 
5570 956 764 491 2051 
5571 545 1986 1895 2028 
5572 769 789 1909 1940 
5573 305 1878 928 2048 
5574 1581 1582 1870 1927 
5575 1353 2093 1352 2123 
5576 635 682 712 1934 
5577 472 1905 1844 1959 
5578 1208 1870 1582 1927 
5579 1107 272 1102 2083 
5580 931 597 902 1900 
5581 1642 1634 1981 2129 
5582 1579 1356 1881 1887 
5583 1533 1828 1524 1999 
5584 1443 1161 1681 1993 
5585 1588 1834 1581 2080 
5586 1688 2057 1884 2094 
5587 1643 1883 1429 1910 
5588 1293 1933 1869 2152 
5589 582 1929 1865 2154 
5590 1130 1590 1065 1924 
5591 598 2085 1996 2148 
5592 431 1867 384 1985 
5593 1851 1244 1949 2022 
5594 1221 1831 1601 1883 
5595 782 808 1903 2022 
5596 1945 1982 1520 2023 
5597 567 561 559 2044 
5598 1044 1025 285 2103 
5599 1206 1203 1207 1921 
5600 769 475 477 2158 
5601 1820 1265 1998 2140 
5602 589 623 394 2097 
5603 1196 1679 1857 2158 
5604 472 1844 476 1959 
5605 1813 1537 1539 1900 
5606 1374 1375 1948 2040 
5607 1685 1223 1901 1943 
5608 1434 1901 1442 1908 
5609 1555 1865 2041 2079 
5610 939 1865 919 2079 
5611 1844 1959 1191 2119 
5612 1754 2038 1924 2143 
5613 350 1859 703 2015 
5614 787 1833 348 1939 
5615 1209 1210 1980 2009 
5616 483 1819 820 1963 
5617 618 1092 1090 2111 
5618 1191 1844 1195 1905 
5619 398 680 681 1911 
5620 893 2016 2109 2161 
5621 1255 1421 1763 2017 
5622 485 1844 484 1909 
5623 1716 1929 1551 1994 
5624 1861 1974 1731 2050 
5625 1736 1119 1600 2102 
5626 1177 2075 1428 2091 
5627 861 290 1028 2014 
5628 1182 1185 1832 1938 
5629 733 1839 689 1937 
5630 1368 1948 1550 2065 
5631 1177 1824 2075 2091 
5632 1262 1836 1712 1998 
5633 415 414 1871 1925 
5634 776 493 1895 1949 
5635 1260 2043 1226 2082 
5636 1777 1165 1702 2116 
5637 1996 2085 1169 2148 
5638 712 1885 1934 1950 
5639 1954 2034 845 2070 
5640 1538 1751 1384 1871 
5641 1453 1799 1636 1891 
5642 1228 1218 1872 2058 
5643 895 599 2006 2109 
5644 1199 1909 1619 1940 
5645 754 302 1022 2096 
5646 1637 2071 1944 2080 
5647 974 1152 994 2048 
5648 430 1860 629 1906 
5649 1678 1859 1991 2108 
5650 772 1852 562 1888 
5651 1725 2064 1463 2101 
5652 889 966 281 1929 
5653 619 277 2064 2139 
5654 357 1916 366 2029 
5655 1172 1171 1849 2003 
5656 656 1913 654 2000 
5657 705 1967 1923 2074 
5658 546 578 600 2102 
5659 1043 861 1028 2014 
5660 1212 1910 1631 1938 
5661 1205 1940 1847 2158 
5662 1617 1851 1243 1949 
5663 707 421 766 1957 
5664 391 1981 1885 2157 
5665 1300 1299 1822 2074 
5666 831 1819 690 1910 
5667 1613 1895 1494 2028 
5668 1545 973 985 2142 
5669 849 1015 1002 2145 
5670 1232 1829 1605 2010 
5671 1628 1991 1859 2015 
5672 1035 1141 1528 2012 
5673 828 714 1994 1995 
5674 974 692 693 2050 
5675 476 1959 1844 2119 
5676 1233 1211 1913 2128 
5677 1098 591 1094 1996 
5678 1359 2002 1618 2036 
5679 879 1928 1842 2040 
5680 1816 2003 527 2130 
5681 1895 1986 1494 2028 
5682 1324 1946 1323 2029 
5683 1461 1691 2061 2062 
5684 1600 990 2032 2102 
5685 813 540 699 2082 
5686 609 2035 619 2064 
5687 1195 1905 1844 2158 
5688 1578 1848 1669 1875 
5689 1051 1897 1595 2014 
5690 1242 1834 1272 2088 
5691 593 2030 753 2155 
5692 1812 1861 1142 2137 
5693 1137 1081 1084 2109 
5694 839 1831 817 2058 
5695 1849 1169 2085 2148 
5696 1220 1534 1866 1918 
5697 658 657 1913 1921 
5698 704 1923 1827 2092 
5699 1251 1966 1847 2010 
5700 1653 1818 1431 1963 
5701 468 1848 783 1875 
5702 898 2022 737 2086 
5703 810 2048 1878 2056 
5704 1215 1818 1525 1918 
5705 1980 2005 1645 2009 
5706 594 425 1995 2154 
5707 1377 1376 1378 1970 
5708 429 630 1989 2024 
5709 1621 1245 2022 2086 
5710 1146 1111 2073 2135 
5711 1011 1725 1695 2101 
5712 1368 1550 1467 2065 
5713 1328 1886 1329 2093 
5714 835 634 2040 2081 
5715 668 2099 2013 2131 
5716 1428 2075 2005 2091 
5717 1093 1098 1996 2148 
5718 1192 1191 1959 2119 
5719 996 313 1987 2024 
5720 721 900 2005 2009 
5721 1237 1238 2051 2060 
5722 703 701 1837 1991 
5723 788 654 1836 2007 
5724 1116 1110 1118 2073 
5725 1761 1483 1131 2103 
5726 1278 1868 1270 1882 
5727 529 1883 537 1910 
5728 1915 2029 355 2108 
5729 828 1994 594 1995 
5730 511 1866 507 2043 
5731 1615 1857 1685 2122 
5732 1258 1283 1974 2056 
5733 372 369 386 2049 
5734 1176 1824 1835 2075 
5735 1484 1642 2103 2129 
5736 1038 1548 1032 2126 
5737 1596 1714 1807 1904 
5738 1616 1672 1833 2001 
5739 579 321 930 1842 
5740 1208 2013 2099 2131 
5741 737 2022 1949 2086 
5742 788 1820 650 1876 
5743 1550 1877 1529 2012 
5744 721 2005 1980 2009 
5745 1678 1991 1892 2108 
5746 1146 2073 1928 2135 
5747 793 340 327 1958 
5748 1668 1305 1939 2160 
5749 1526 1504 1907 1919 
5750 572 1931 913 2018 
5751 1359 1856 2002 2036 
5752 779 1968 714 1995 
5753 848 2026 954 2127 
5754 1081 1079 1084 2109 
5755 810 1974 2048 2056 
5756 462 460 890 2071 
5757 1619 1829 1232 1940 
5758 1701 2038 2039 2115 
5759 377 421 1837 1957 
5760 1258 1259 1283 2056 
5761 296 1030 1055 2012 
5762 760 925 652 1998 
5763 1765 1656 1917 2047 
5764 479 829 670 1870 
5765 1143 995 1515 2024 
5766 1679 1685 1857 1943 
5767 1190 1919 1172 2085 
5768 547 1974 1861 2050 
5769 755 962 289 2113 
5770 1318 1859 1678 2108 
5771 348 1838 341 1939 
5772 1856 422 1985 2002 
5773 1225 1816 1520 1945 
5774 811 1833 770 2001 
5775 754 565 844 2134 
5776 654 662 2000 2007 
5777 1731 1893 1256 1974 
5778 466 1819 792 1874 
5779 395 743 2055 2114 
5780 900 1972 478 2009 
5781 1858 2031 1650 2159 
5782 1506 1852 1505 1888 
5783 1048 1547 1038 2007 
5784 1986 2028 601 2134 
5785 1722 1993 270 2141 
5786 358 1935 1916 2118 
5787 431 432 384 1867 
5788 1865 1929 919 2079 
5789 1188 1192 1191 1959 
5790 656 658 1913 2000 
5791 1490 1941 1962 2002 
5792 1044 1131 1025 2103 
5793 1895 1969 1241 2051 
5794 1921 2013 1207 2131 
5795 518 517 1821 1992 
5796 1308 1838 1926 1939 
5797 922 1970 441 2072 
5798 1051 1028 756 2014 
5799 1176 1179 1178 1874 
5800 1446 1449 1795 2109 
5801 1262 1234 1712 1836 
5802 688 1910 466 1938 
5803 1392 1892 1678 1991 
5804 1259 1930 1817 2056 
5805 333 1914 1823 2074 
5806 941 1978 489 2042 
5807 1304 1902 1894 2104 
5808 358 574 1935 2118 
5809 467 479 1848 2080 
5810 1111 1116 1444 2073 
5811 1461 1788 1691 2062 
5812 1928 2073 935 2135 
5813 1304 1838 1305 1894 
5814 1227 1866 1534 1907 
5815 478 1972 1846 2005 
5816 1366 1929 1716 2154 
5817 1051 1595 1136 2014 
5818 1712 1836 1820 1998 
5819 976 1599 959 2032 
5820 1035 296 1055 2012 
5821 1321 1328 1827 2092 
5822 1366 1865 1554 1929 
5823 269 880 279 2047 
5824 1771 1424 1518 2037 
5825 1838 1894 1304 1902 
5826 1371 2055 1955 2066 
5827 830 1889 683 1911 
5828 1606 1955 1351 2057 
5829 412 414 1925 1947 
5830 1110 1112 1118 2073 
5831 678 505 1907 1919 
5832 1141 2012 1055 2156 
5833 412 1888 413 1947 
5834 453 1824 1816 1982 
5835 1703 1049 2018 2089 
5836 1455 1973 1457 2114 
5837 571 1864 604 1977 
5838 1624 1660 2011 2033 
5839 772 2020 834 2106 
5840 1538 1871 1384 1900 
5841 763 1863 469 1959 
5842 1089 1766 1093 1996 
5843 950 822 314 2089 
5844 1518 1956 1896 2150 
5845 1679 1943 1857 2158 
5846 1862 1988 824 2019 
5847 1640 1923 1646 1967 
5848 697 2008 970 2137 
5849 1730 2008 988 2124 
5850 471 469 468 1863 
5851 907 2005 455 2091 
5852 406 1886 407 2093 
5853 1181 1874 1846 2075 
5854 1616 1867 1435 2001 
5855 517 1907 1821 1992 
5856 725 1882 826 1954 
5857 1580 1660 1853 2011 
5858 666 1971 780 1990 
5859 1496 2028 1986 2134 
5860 733 1959 476 2119 
5861 703 350 356 1859 
5862 1701 1880 2038 2116 
5863 1160 1987 1806 2024 
5864 338 336 1894 1902 
5865 1644 1840 1340 1957 
5866 720 1913 657 1921 
5867 413 1947 1888 2016 
5868 452 1982 932 2091 
5869 1392 1674 1837 1991 
5870 1135 145 1593 2113 
5871 640 1936 585 2087 
5872 1134 1876 1750 2007 
5873 613 1845 614 2027 
5874 759 514 532 1829 
5875 1908 2022 1433 2122 
5876 1205 1232 1847 1940 
5877 726 1890 371 2033 
5878 512 507 575 1872 
5879 1729 1961 1468 2156 
5880 1633 1228 1872 2070 
5881 1218 1217 1872 2058 
5882 1300 1822 1319 2074 
5883 1870 2013 1623 2071 
5884 1089 1996 1094 2132 
5885 413 1888 563 2016 
5886 1120 1799 1891 1983 
5887 1636 1891 1799 1983 
5888 896 1849 921 2130 
5889 723 2013 473 2071 
5890 1877 1970 1404 2072 
5891 761 1946 375 1955 
5892 840 965 297 2024 
5893 1324 1341 1323 1946 
5894 441 1970 1877 2072 
5895 1462 2010 1932 2039 
5896 924 1997 1904 2066 
5897 845 1954 719 2034 
5898 568 869 434 2156 
5899 363 2094 1892 2108 
5900 350 1915 1859 1926 
5901 459 1846 1874 2075 
5902 1659 1870 1637 2080 
5903 610 616 1988 2063 
5904 1181 1874 1180 1938 
5905 1217 1855 1215 1918 
5906 351 1926 348 2118 
5907 783 800 1875 1903 
5908 1259 1793 1817 1930 
5909 1321 1827 1923 2092 
5910 1680 1916 1686 1935 
5911 782 1851 860 2022 
5912 561 2044 1931 2045 
5913 1160 996 1987 2024 
5914 1050 285 1025 2103 
5915 1314 1915 1313 1926 
5916 1686 1916 1862 1935 
5917 1312 1427 2020 2106 
5918 1310 1628 1859 2015 
5919 1280 1269 1228 1954 
5920 1751 1871 1538 2068 
5921 733 762 1839 2119 
5922 1596 1595 1897 2014 
5923 796 757 2014 2057 
5924 336 337 338 1894 
5925 1849 2003 1171 2130 
5926 545 776 1895 1986 
5927 1417 1398 2069 2147 
5928 557 1977 923 2044 
5929 1842 2040 1422 2081 
5930 351 1915 350 1926 
5931 1581 1870 1659 2080 
5932 1490 1491 1492 1962 
5933 1948 2065 1368 2125 
5934 680 830 683 1911 
5935 1491 1492 1962 2155 
5936 1224 1847 1232 2010 
5937 653 1836 655 2128 
5938 1662 1928 1146 2073 
5939 363 795 2094 2108 
5940 373 1892 363 2094 
5941 622 1852 772 2106 
5942 422 1856 778 2002 
5943 1670 1833 1576 1939 
5944 1614 1786 1360 2049 
5945 496 477 1943 2158 
5946 1342 1323 1341 1916 
5947 882 1860 627 1987 
5948 1602 1644 1957 2025 
5949 834 2020 1967 2106 
5950 824 617 933 2101 
5951 618 1817 1993 2111 
5952 1319 1890 1320 1923 
5953 1299 1914 1850 2104 
5954 1394 1942 1387 1989 
5955 1461 2061 1966 2143 
5956 679 680 398 1950 
5957 1367 2041 1865 2077 
5958 1646 1640 1319 1923 
5959 1225 1945 1745 2130 
5960 1310 1859 1926 2015 
5961 492 1851 488 2060 
5962 1351 1343 1324 1946 
5963 745 1924 2038 2143 
5964 1704 1476 1475 1987 
5965 1135 1898 976 2113 
5966 642 1896 643 1956 
5967 2008 2082 1470 2137 
5968 851 1993 1817 2087 
5969 1878 2004 908 2087 
5970 1827 1923 705 1967 
5971 302 754 602 2096 
5972 491 2051 490 2060 
5973 331 1914 332 2152 
5974 1543 1876 1814 2140 
5975 1519 1506 1507 1888 
5976 358 368 1916 1935 
5977 1682 1162 1977 2073 
5978 543 602 2134 2138 
5979 1903 1433 2022 2122 
5980 1504 1919 1190 2085 
5981 715 662 2007 2126 
5982 1265 1542 1752 2140 
5983 1377 1404 1732 1970 
5984 509 529 1839 1883 
5985 1636 1397 1389 2069 
5986 939 768 1865 2041 
5987 512 511 507 2043 
5988 924 1897 758 1904 
5989 1519 1888 1507 2016 
5990 315 1112 566 1977 
5991 1782 1567 1248 1873 
5992 289 976 1898 2113 
5993 1837 1957 421 2025 
5994 1529 1877 1528 2012 
5995 1768 1825 1275 2037 
5996 1602 1957 1837 2025 
5997 1727 1854 1753 2055 
5998 1554 1929 1865 2079 
5999 801 941 489 2042 
6000 1867 1935 815 2001 
6001 1343 1370 1946 2114 
6002 1430 1850 1333 2025 
6003 373 363 795 2094 
6004 1801 1904 1897 1997 
6005 570 1900 1871 2068 
6006 1621 2054 1758 2086 
6007 361 369 2036 2077 
6008 845 2070 2034 2124 
6009 1316 1833 1313 2118 
6010 1200 1645 1846 1972 
6011 498 523 1868 1975 
6012 1463 2064 1988 2101 
6013 1314 1315 1313 1915 
6014 503 831 784 1855 
6015 500 533 534 1901 
6016 826 1882 881 1954 
6017 1338 1339 1885 2157 
6018 1624 1638 1660 2033 
6019 537 1855 831 1910 
6020 949 692 2048 2050 
6021 1548 2007 2000 2126 
6022 785 703 702 2015 
6023 437 1948 438 2040 
6024 1962 1492 2049 2155 
6025 498 1868 499 1953 
6026 1964 1981 1634 2129 
6027 330 331 332 2152 
6028 1208 1927 1231 2099 
6029 1642 1961 1663 2103 
6030 321 1842 579 2135 
6031 924 1904 951 2066 
6032 286 988 970 2008 
6033 1343 1955 1370 2114 
6034 1762 961 2034 2124 
6035 1065 1130 1924 2062 
6036 727 281 966 2079 
6037 596 2031 917 2159 
6038 358 574 368 1935 
6039 1299 1301 1822 2104 
6040 1379 1961 1642 1981 
6041 1317 1915 1859 2108 
6042 798 527 896 2130 
6043 864 1992 1996 2085 
6044 307 920 743 1854 
6045 853 833 586 1873 
6046 1323 1916 1915 2029 
6047 895 1079 599 2109 
6048 371 2011 1853 2033 
6049 1949 2022 1245 2086 
6050 996 840 313 2024 
6051 1886 1968 1329 2093 
6052 835 2040 1842 2081 
6053 1961 1981 1379 2065 
6054 1622 1365 1439 2063 
6055 1744 1416 1845 2044 
6056 573 371 726 1890 
6057 1713 1965 1932 2113 
6058 860 1851 1949 2022 
6059 1481 2034 2070 2124 
6060 1538 1871 1900 2068 
6061 813 807 511 1866 
6062 1497 1500 1798 2153 
6063 1178 1874 1181 2075 
6064 959 904 976 2032 
6065 1769 1841 1487 2027 
6066 1288 1858 1287 2047 
6067 1576 1391 1587 1912 
6068 1542 1956 1752 2140 
6069 1709 2121 1625 2134 
6070 1499 2064 1123 2139 
6071 1023 716 1053 1891 
6072 568 2065 1961 2156 
6073 780 660 1922 1971 
6074 1396 1899 1389 2069 
6075 1406 2006 1706 2133 
6076 452 932 1982 2023 
6077 1689 1901 1223 2061 
6078 1384 1711 1759 1925 
6079 473 878 1870 2013 
6080 616 912 825 2101 
6081 804 333 1823 2074 
6082 694 306 695 2072 
6083 648 2037 1825 2144 
6084 459 458 1846 2075 
6085 1450 2109 2016 2161 
6086 1452 1745 1945 2112 
6087 1256 1821 1255 2017 
6088 781 355 2029 2108 
6089 529 762 509 1839 
6090 1256 1893 1821 2017 
6091 1340 1347 1348 1957 
6092 1826 1996 1473 2132 
6093 705 1827 704 1923 
6094 355 1859 350 1915 
6095 524 578 1975 2110 
6096 1262 1879 1261 2128 
6097 961 711 2034 2124 
6098 907 455 2005 2075 
6099 1211 1210 1913 1980 
6100 1339 1950 1885 2157 
6101 2000 2007 662 2126 
6102 1252 2010 1462 2039 
6103 933 858 824 2019 
6104 749 2115 2038 2116 
6105 281 1929 966 2079 
6106 1773 1597 2014 2097 
6107 351 355 350 1915 
6108 2044 2045 558 2083 
6109 578 2100 1975 2110 
6110 1127 966 1929 2079 
6111 1402 1970 1841 2072 
6112 1728 1880 1754 2038 
6113 1496 1986 2127 2134 
6114 1510 1509 2023 2091 
6115 1722 1407 1410 1979 
6116 786 1902 1850 2104 
6117 906 1071 1065 2062 
6118 380 378 916 1920 
6119 901 1000 963 997 
6120 1435 1363 1575 2001 
6121 1421 1821 1907 1992 
6122 1467 1961 2065 2156 
6123 1481 2034 1954 2070 
6124 1291 1858 1289 2146 
6125 1237 1834 1239 2060 
6126 1299 1850 1632 2104 
6127 1509 1879 2023 2091 
6128 788 1876 288 2007 
6129 1328 1329 1330 2093 
6130 1288 1917 1858 2047 
6131 567 913 572 1931 
6132 1343 1946 1955 2114 
6133 1551 1553 172 982 
6134 1621 1908 1441 2054 
6135 363 1892 364 1991 
6136 786 336 1902 2104 
6137 808 2022 535 2122 
6138 1362 1856 1985 2002 
6139 1488 1936 2004 2087 
6140 2069 2094 394 2147 
6141 906 1065 284 2062 
6142 490 2051 492 2060 
6143 1415 1413 1931 2044 
6144 772 1888 411 2020 
6145 1483 1891 1453 1920 
6146 1354 1984 1865 2154 
6147 1230 2099 1971 2131 
6148 645 647 685 1998 
6149 1766 1093 1996 2148 
6150 954 2026 1986 2127 
6151 1393 1517 1989 2068 
6152 1307 1305 1304 1838 
6153 921 625 2021 2148 
6154 1460 1701 2038 2039 
6155 1699 1854 1727 2055 
6156 1376 1780 1928 2040 
6157 1433 1903 1671 2122 
6158 740 1048 1038 2007 
6159 1632 1850 1652 1902 
6160 1768 1825 2037 2144 
6161 339 342 1939 2160 
6162 1307 1838 1304 1902 
6163 1553 1127 981 1929 
6164 1954 1976 719 2034 
6165 824 1862 823 1988 
6166 859 708 2103 2129 
6167 1755 1574 2028 2138 
6168 848 318 1062 2127 
6169 1737 1137 1084 2159 
6170 297 965 995 2024 
6171 1535 1169 1996 2085 
6172 881 719 1954 1976 
6173 331 1823 333 1914 
6174 1095 299 903 2111 
6175 1201 1623 1203 2013 
6176 409 2020 411 2149 
6177 569 570 1871 2068 
6178 398 679 1950 2157 
6179 461 1832 812 1938 
6180 1254 1421 1821 1907 
6181 1150 1083 1080 2141 
6182 463 465 763 1944 
6183 1383 1888 1382 2149 
6184 434 2065 1948 2125 
6185 406 1968 1886 2093 
6186 493 1851 492 1895 
6187 1580 1579 1356 1881 
6188 1988 2063 616 2064 
6189 604 1977 1845 2044 
6190 609 431 2035 2063 
6191 1657 1936 1409 2076 
6192 1259 1817 1284 2056 
6193 1312 1427 1505 2020 
6194 1416 1415 1845 2044 
6195 481 1834 670 1927 
6196 586 1873 833 2096 
6197 387 1962 2049 2155 
6198 1809 1815 2045 2067 
6199 652 653 760 2128 
6200 1858 1917 323 2047 
6201 1214 1213 1215 1855 
6202 1084 1079 1088 2159 
6203 535 2022 1908 2122 
6204 858 283 742 1973 
6205 1526 1534 1525 1818 
6206 522 1847 1966 2010 
6207 1371 1370 1955 2114 
6208 1803 1936 1488 2087 
6209 580 396 2055 2066 
6210 422 794 1941 2002 
6211 864 1996 598 2085 
6212 793 1858 385 2031 
6213 363 364 356 1991 
6214 483 792 820 1819 
6215 1184 1944 1637 2071 
6216 996 1160 1515 2024 
6217 1510 2023 1982 2091 
6218 388 1981 1964 2129 
6219 1418 2032 1774 2100 
6220 1433 1671 1615 2122 
6221 749 2038 1880 2116 
6222 974 994 692 2048 
6223 1367 1865 1354 2077 
6224 1284 1259 1793 1817 
6225 286 711 988 2124 
6226 1661 1930 1145 2111 
6227 604 571 614 1864 
6228 1446 1081 1137 2109 
6229 1184 1832 1944 2071 
6230 1317 1859 1318 2108 
6231 1236 1231 1927 2099 
6232 271 2021 625 2148 
6233 1653 1526 1818 1919 
6234 1245 1246 1621 2022 
6235 976 145 1135 2113 
6236 1643 1214 1216 1855 
6237 1307 1902 1652 2015 
6238 1402 1841 1723 2072 
6239 749 2039 2038 2115 
6240 1117 269 279 2047 
6241 1536 1917 2081 2146 
6242 663 722 723 2013 
6243 983 974 693 2050 
6244 1515 995 965 2024 
6245 1359 1358 1361 1856 
6246 1444 1118 1162 2073 
6247 20 755 309 2113 
6248 1246 1433 1908 2022 
6249 1687 1829 1619 2110 
6250 1155 1965 1713 2113 
6251 824 1988 617 2101 
6252 757 1897 756 2014 
6253 1740 1160 1806 2024 
6254 811 815 574 2001 
6255 1565 1047 226 1563 
6256 1801 1904 1997 2066 
6257 344 1822 333 2074 
6258 954 1986 611 2127 
6259 422 1941 433 2035 
6260 1236 1248 1830 2051 
6261 347 352 353 1853 
6262 838 1968 406 2093 
6263 848 294 954 2026 
6264 1181 1183 1200 1846 
6265 1731 1861 1549 1893 
6266 1345 1379 1981 2065 
6267 470 467 479 1848 
6268 1764 1842 1780 2040 
6269 1915 1916 357 2029 
6270 939 728 2041 2079 
6271 873 2059 2030 2090 
6272 1066 308 121 744 
6273 1176 1177 1824 2075 
6274 284 1065 120 744 
6275 1849 2021 921 2130 
6276 1560 2030 2059 2090 
6277 1748 1281 1629 1922 
6278 1888 411 2020 2149 
6279 1531 1142 1532 2050 
6280 784 575 507 1918 
6281 515 544 1969 2051 
6282 1455 1753 1973 2055 
6283 2030 2090 1559 2095 
6284 362 369 372 2036 
6285 792 466 690 1819 
6286 531 2010 522 2038 
6287 1888 2020 1505 2149 
6288 624 1933 340 2106 
6289 1645 1209 1980 2009 
6290 508 1821 517 1907 
6291 1398 1397 1417 2069 
6292 1643 1429 1214 1910 
6293 576 1975 546 2102 
6294 1636 1983 1397 2069 
6295 500 486 1857 1943 
6296 1535 1996 1992 2085 
6297 1431 1653 1526 1818 
6298 1223 1222 1609 1966 
6299 640 585 891 2087 
6300 1690 1988 1862 2019 
6301 1986 601 2127 2134 
6302 1212 1819 1214 1910 
6303 585 1936 556 1993 
6304 1142 971 984 2137 
6305 1765 1917 1288 2047 
6306 1655 1473 1826 1996 
6307 1055 2012 1030 2156 
6308 841 709 1030 2156 
6309 349 1828 635 1999 
6310 1780 1378 1376 1928 
6311 1023 1120 1675 1891 
6312 661 660 1971 2131 
6313 1294 1312 1852 2106 
6314 1680 1916 1935 2118 
6315 1268 1978 1274 2037 
6316 932 760 1879 2023 
6317 474 472 471 1905 
6318 472 475 1844 1905 
6319 1609 1966 1461 2061 
6320 531 522 910 2038 
6321 1385 1386 1383 1947 
6322 1645 1972 1202 2009 
6323 1062 318 1069 2127 
6324 1206 1921 1210 2009 
6325 1872 2043 1633 2070 
6326 518 674 1826 2017 
6327 399 1881 352 2011 
6328 889 981 966 1929 
6329 1398 2094 2069 2147 
6330 1321 1923 1320 2092 
6331 341 339 342 1939 
6332 449 451 798 1816 
6333 371 352 1853 2011 
6334 1648 1294 1312 1852 
6335 1375 1369 1374 1948 
6336 1536 2081 1999 2146 
6337 289 755 21 962 
6338 796 423 2094 2147 
6339 791 344 706 1822 
6340 1282 2000 1548 2007 
6341 1111 1110 1116 2073 
6342 863 2045 1815 2067 
6343 403 1984 401 2053 
6344 1303 1638 1890 2033 
6345 1859 1915 355 2108 
6346 1197 1857 1671 1875 
6347 528 598 628 1849 
6348 784 504 1818 1918 
6349 1762 1132 961 2124 
6350 710 1961 390 2103 
6351 1520 1816 1647 1982 
6352 598 628 1849 2148 
6353 495 1835 483 1963 
6354 289 962 976 2113 
6355 296 1035 85 696 
6356 330 332 683 1889 
6357 601 1986 545 2028 
6358 1279 1418 1438 2100 
6359 770 787 342 1939 
6360 2030 2049 1492 2155 
6361 531 2010 2038 2039 
6362 1649 1745 2021 2130 
6363 1400 1329 1968 2093 
6364 1660 1853 2011 2033 
6365 877 1037 311 2027 
6366 1596 1595 1714 1897 
6367 566 571 1977 2073 
6368 561 559 2044 2045 
6369 1393 1871 1751 2068 
6370 321 1114 1117 2047 
6371 1460 2038 1252 2039 
6372 349 328 830 1828 
6373 721 454 914 2091 
6374 1307 1652 1311 2015 
6375 1288 1765 1656 1917 
6376 1355 1356 1357 1887 
6377 385 1858 880 2031 
6378 769 759 789 1940 
6379 839 836 521 2058 
6380 1279 1975 2100 2110 
6381 721 900 478 2005 
6382 465 1848 468 1863 
6383 885 1877 799 2012 
6384 854 1936 640 2004 
6385 855 674 876 1826 
6386 477 486 1943 2158 
6387 1273 1868 1677 1953 
6388 335 1822 337 2104 
6389 1952 2093 1353 2123 
6390 229 1570 1039 1568 
6391 434 1948 435 2125 
6392 879 439 1928 2040 
6393 557 2044 558 2083 
6394 1884 2057 796 2094 
6395 861 2014 2097 2147 
6396 1134 1750 1547 2007 
6397 352 773 353 1887 
6398 505 517 678 1907 
6399 1237 1238 1236 2051 
6400 642 2144 1951 2150 
6401 617 1988 616 2101 
6402 1252 2038 1459 2143 
6403 1683 1619 1909 2110 
6404 1522 1261 1879 2128 
6405 996 965 840 2024 
6406 988 1730 970 2008 
6407 761 367 1946 2029 
6408 638 1835 494 2003 
6409 1216 1855 1217 2058 
6410 1633 2043 1641 2070 
6411 305 928 692 2048 
6412 1189 1863 1188 1959 
6413 1427 1967 1827 2020 
6414 1785 1969 1895 2028 
6415 1606 1343 1351 1955 
6416 1080 1083 1087 2141 
6417 1142 1812 1532 1861 
6418 558 557 559 2044 
6419 1717 1978 2042 2117 
6420 464 1944 462 2071 
6421 808 1903 2022 2122 
6422 497 1940 477 2158 
6423 603 810 1878 2056 
6424 1677 1199 1844 1909 
6425 1488 2004 1770 2087 
6426 640 908 2004 2087 
6427 1186 1185 1188 1937 
6428 1637 1870 1623 2071 
6429 437 835 634 2040 
6430 1396 1678 1392 1892 
6431 518 674 538 1826 
6432 602 771 2096 2138 
6433 1490 1372 1941 2002 
6434 461 463 812 1832 
6435 1779 1145 1661 1930 
6436 560 863 857 2067 
6437 1790 1555 1554 2079 
6438 1345 1379 1642 1981 
6439 467 468 465 1848 
6440 661 660 665 1971 
6441 880 2031 1858 2159 
6442 936 318 2127 2134 
6443 1441 1908 1442 2054 
6444 528 598 1849 2085 
6445 407 406 405 1886 
6446 1195 1199 1198 1844 
6447 1338 1885 1981 2157 
6448 401 1984 1843 2053 
6449 462 1944 1832 2071 
6450 705 420 1827 1967 
6451 1425 1487 1769 1841 
6452 1344 1290 1958 2031 
6453 387 2049 2030 2155 
6454 350 1926 1859 2015 
6455 482 782 808 1903 
6456 1222 1224 1251 1847 
6457 1422 1842 1764 2040 
6458 1297 1914 1299 2074 
6459 1657 2004 1936 2076 
6460 1296 1823 1640 1967 
6461 1174 1835 1175 2003 
6462 1317 2029 1915 2108 
6463 1637 1944 1187 2080 
6464 1359 1856 1362 2002 
6465 1028 1051 1136 2014 
6466 1758 2086 2054 2153 
6467 1154 245 1590 1072 
6468 1648 1852 1519 1958 
6469 765 351 348 2118 
6470 1112 1110 566 2073 
6471 1622 1439 1757 2063 
6472 1780 1764 1474 1842 
6473 1260 1469 1470 2082 
6474 797 276 780 1990 
6475 272 315 557 1977 
6476 1904 1955 951 2066 
6477 348 343 1838 1926 
6478 1804 1744 1416 1845 
6479 779 714 828 1995 
6480 1330 1521 1827 1952 
6481 1635 1736 1278 2102 
6482 334 1914 333 2104 
6483 545 1895 516 2028 
6484 1701 1880 1728 2038 
6485 714 2084 1968 2120 
6486 783 1848 470 2088 
6487 861 888 2014 2147 
6488 716 79 1053 274 
6489 1205 1222 1204 1847 
6490 1615 1671 1197 1857 
6491 331 804 333 1823 
6492 925 760 487 2023 
6493 1197 1196 1679 1857 
6494 542 516 1969 2028 
6495 1550 1529 1811 2012 
6496 1283 1724 1285 2048 
6497 1248 1567 1789 1830 
6498 1188 1651 1839 1937 
6499 1532 1861 1731 2050 
6500 1292 1933 1294 1958 
6501 1407 1979 1722 2141 
6502 429 629 630 2024 
6503 367 357 366 2029 
6504 1493 1271 2026 2151 
6505 1275 1276 1268 1825 
6506 1079 895 291 2109 
6507 1742 1730 1470 2008 
6508 635 1999 1934 2081 
6509 591 1996 1098 2148 
6510 785 1902 1838 2015 
6511 1103 2021 1108 2112 
6512 1631 1937 1185 1938 
6513 510 724 725 1831 
6514 384 1867 815 2001 
6515 758 1897 757 1904 
6516 582 919 1865 1929 
6517 1349 2053 1984 2154 
6518 1035 1055 1141 2012 
6519 1499 1123 1797 2139 
6520 601 2028 543 2134 
6521 1615 1685 1434 2122 
6522 1931 2044 1413 2045 
6523 404 1886 406 1968 
6524 388 389 1964 1981 
6525 1454 1976 1954 2034 
6526 1627 1844 1191 2119 
6527 1173 1171 2003 2130 
6528 1155 1593 144 2113 
6529 1389 1396 1392 1899 
6530 1142 984 1742 2137 
6531 814 569 1871 2068 
6532 1773 2097 2014 2147 
6533 1522 1879 1980 2128 
6534 1191 1905 1194 1959 
6535 904 959 892 2032 
6536 451 449 450 1945 
6537 688 689 529 1839 
6538 1802 1932 1713 1965 
6539 655 1913 720 1980 
6540 1693 1968 2084 2120 
6541 1260 1226 1249 2082 
6542 765 348 787 1833 
6543 757 888 796 2014 
6544 610 823 818 1988 
6545 549 896 921 2130 
6546 1150 2006 1406 2133 
6547 1618 1359 1362 2002 
6548 1010 283 1005 2101 
6549 818 1867 432 2063 
6550 1136 1597 200 1043 
6551 768 1865 2041 2077 
6552 407 405 704 1827 
6553 966 981 1127 1929 
6554 541 2043 1872 2070 
6555 1444 1146 1111 2073 
6556 521 509 510 1883 
6557 621 1852 340 1958 
6558 984 697 970 2137 
6559 400 1843 399 2011 
6560 1276 1796 1717 2105 
6561 402 1886 2053 2092 
6562 1569 1873 1571 2096 
6563 1640 1967 1823 2074 
6564 1063 739 294 2026 
6565 1533 1503 1934 1999 
6566 962 1593 145 2113 
6567 1642 1484 1634 2129 
6568 1084 1088 1737 2159 
6569 644 1956 649 2037 
6570 1614 1962 1492 2049 
6571 1810 1860 1408 2133 
6572 885 696 905 1877 
6573 425 594 582 2154 
6574 787 770 811 1833 
6575 1229 1228 1269 1831 
6576 420 1967 834 2020 
6577 1399 1920 1347 1964 
6578 812 688 466 1938 
6579 399 400 401 1843 
6580 1645 1980 1522 2005 
6581 622 624 340 2106 
6582 1480 1931 1815 2089 
6583 635 349 682 1828 
6584 1754 1154 1590 1924 
6585 357 355 1915 2029 
6586 1179 1819 1180 1874 
6587 420 704 705 1827 
6588 949 693 692 2050 
6589 1170 1172 1171 1849 
6590 719 845 865 1954 
6591 1674 1602 1392 1837 
6592 1562 1492 2030 2049 
6593 1521 1427 1827 2020 
6594 1722 1161 270 1993 
6595 1555 1790 1367 2041 
6596 1005 1011 1695 2101 
6597 1462 1605 1932 2010 
6598 22 904 289 976 
6599 296 84 1030 841 
6600 1560 2030 1626 2059 
6601 477 1905 474 2158 
6602 971 295 697 2137 
6603 1543 1760 1544 1820 
6604 629 1987 313 2024 
6605 316 1092 618 1993 
6606 1579 1587 1391 1853 
6607 649 1978 671 2037 
6608 607 320 608 2107 
6609 854 627 584 1936 
6610 1541 1543 1814 2140 
6611 834 1967 1823 2106 
6612 923 557 315 1977 
6613 673 915 1815 2144 
6614 1722 270 1083 2141 
6615 309 1965 978 2113 
6616 512 1872 541 2043 
6617 1843 1984 1326 2053 
6618 1294 1933 1823 2106 
6619 1654 1869 1309 1999 
6620 1502 1406 1706 2133 
6621 845 865 1954 2070 
6622 765 1833 574 2118 
6623 472 475 476 1844 
6624 1037 1514 1158 2027 
6625 907 2005 458 2075 
6626 475 769 484 1844 
6627 448 1945 447 2042 
6628 629 1860 882 1987 
6629 1741 1141 1055 2156 
6630 1763 1826 1779 2017 
6631 1810 1906 1860 2133 
6632 834 804 1823 1967 
6633 1005 283 825 2101 
6634 1984 2053 403 2154 
6635 515 764 544 2051 
6636 1936 2004 854 2076 
6637 1221 1643 1216 2058 
6638 922 440 441 1970 
6639 327 329 1869 1933 
6640 409 407 1827 1952 
6641 1652 1430 1666 2025 
6642 961 988 711 2124 
6643 409 1952 2020 2149 
6644 382 778 362 2002 
6645 1464 1988 1692 2101 
6646 601 611 1986 2127 
6647 1477 1860 1810 1906 
6648 1222 1847 1251 1966 
6649 1226 1227 1249 1866 
6650 838 404 406 1968 
6651 807 519 508 1821 
6652 1296 1294 1823 2106 
6653 1164 1709 1625 2134 
6654 915 590 673 1815 
6655 380 1964 1920 2129 
6656 1165 1076 1067 2116 
6657 497 1847 759 1940 
6658 383 384 815 2001 
6659 924 758 951 1904 
6660 1495 2026 1140 2127 
6661 518 517 508 1821 
6662 1530 157 974 1152 
6663 1173 2003 1816 2130 
6664 669 606 947 1830 
6665 411 1888 412 2149 
6666 1470 1742 2008 2137 
6667 668 661 2099 2131 
6668 556 555 1993 2141 
6669 422 365 1856 1985 
6670 930 360 1842 1917 
6671 785 1838 343 2015 
6672 753 2030 873 2059 
6673 445 292 1100 2112 
6674 339 1838 338 1894 
6675 1179 1212 1180 1819 
6676 735 775 1908 2054 
6677 1590 244 1065 1072 
6678 481 491 490 2060 
6679 633 554 868 2054 
6680 1666 1644 1602 2025 
6681 326 1869 349 1999 
6682 1436 1867 1616 1935 
6683 371 1853 346 2033 
6684 1612 1357 2036 2077 
6685 1673 1883 1601 1953 
6686 745 1880 746 2038 
6687 1915 1926 351 2118 
6688 1666 1602 1837 2025 
6689 496 774 513 1966 
6690 1139 184 1008 1003 
6691 639 305 34 975 
6692 797 276 1990 2126 
6693 1212 1213 1214 1819 
6694 1656 1917 1842 2081 
6695 669 1971 666 2052 
6696 1413 2045 2044 2083 
6697 1627 1677 1199 1844 
6698 450 2023 1945 2117 
6699 1349 1984 1354 2154 
6700 769 477 1940 2158 
6701 329 1933 1823 2152 
6702 1366 1354 1865 2154 
6703 1738 2021 1745 2112 
6704 647 645 646 2140 
6705 500 774 496 1943 
6706 1509 1522 1879 2091 
6707 1312 1505 1506 1852 
6708 1209 1206 1210 2009 
6709 1488 1936 1657 2004 
6710 1262 1263 1261 1879 
6711 258 1099 1105 1138 
6712 1579 1580 1660 1853 
6713 1350 1356 1355 1881 
6714 377 421 701 1837 
6715 498 524 523 1975 
6716 1206 1202 1203 2009 
6717 1299 1331 1850 1914 
6718 409 1952 1827 2020 
6719 469 471 472 1959 
6720 1498 1941 1390 2139 
6721 1423 1393 1517 1989 
6722 1340 1337 1347 1840 
6723 500 486 533 1857 
6724 285 1050 82 709 
6725 475 1905 477 2158 
6726 1499 1622 1757 2035 
6727 335 333 344 1822 
6728 1796 2042 1717 2105 
6729 1724 1878 1152 2048 
6730 483 456 457 1835 
6731 1140 1584 1062 237 
6732 1288 1289 1858 1917 
6733 1733 1700 1472 1997 
6734 709 1961 710 2103 
6735 1115 300 935 2135 
6736 1514 1037 1056 2027 
6737 1241 2051 1238 2060 
6738 1235 1830 1247 2099 
6739 581 607 608 2066 
6740 682 1828 680 1950 
6741 721 2005 454 2091 
6742 1309 1536 1999 2146 
6743 1414 1815 1480 1931 
6744 1571 1569 1573 1873 
6745 536 519 807 1893 
6746 549 449 798 2130 
6747 1967 2020 1427 2106 
6748 605 853 1873 2046 
6749 391 679 389 2157 
6750 1289 1291 1290 1858 
6751 1316 1616 1672 1833 
6752 1125 269 1113 2047 
6753 1343 1371 1370 1955 
6754 996 1515 965 2024 
6755 733 763 469 1959 
6756 810 928 1878 2048 
6757 701 702 703 1837 
6758 638 456 494 1835 
6759 1646 1827 1427 1967 
6760 20 309 962 2113 
6761 581 2055 607 2066 
6762 534 535 1908 2122 
6763 1773 1597 1136 2014 
6764 329 1823 331 2152 
6765 1644 1335 1340 1840 
6766 503 784 504 1818 
6767 921 280 625 2148 
6768 338 339 341 1838 
6769 504 505 502 1818 
6770 677 2098 287 2142 
6771 1218 1217 1219 1872 
6772 452 1982 450 2023 
6773 323 1858 324 1917 
6774 809 939 768 1865 
6775 1097 270 1161 1993 
6776 1310 1859 1314 1926 
6777 408 2093 1952 2123 
6778 727 966 992 2079 
6779 450 452 451 1982 
6780 793 325 385 1858 
6781 1599 1600 990 2032 
6782 293 832 875 2078 
6783 1864 1977 571 2073 
6784 1714 1897 1801 1904 
6785 489 2042 1978 2117 
6786 1334 1332 1889 1911 
6787 1317 1323 1915 2029 
6788 1756 1626 1560 2030 
6789 848 113 294 1070 
6790 1842 1928 879 2135 
6791 584 627 626 1979 
6792 1530 983 156 1531 
6793 1717 1267 1978 2117 
6794 485 476 1844 2119 
6795 524 803 578 2110 
6796 1030 709 1050 2156 
6797 538 1826 948 1992 
6798 783 482 1903 2088 
6799 1682 1977 1864 2073 
6800 558 2044 559 2045 
6801 1406 1150 1706 2006 
6802 1295 1823 1294 1933 
6803 619 887 277 2139 
6804 756 1028 75 290 
6805 627 1936 854 2076 
6806 591 1094 1996 2132 
6807 398 1840 381 2157 
6808 1321 1827 1646 1923 
6809 482 480 782 2088 
6810 341 348 343 1838 
6811 1299 1301 1300 1822 
6812 575 817 1872 2058 
6813 870 982 48 889 
6814 1688 1884 1684 2094 
6815 1382 1888 1505 2149 
6816 1523 1524 1533 1828 
6817 1673 1953 1677 2119 
6818 485 498 499 1953 
6819 1175 1647 1173 1816 
6820 724 1868 523 1882 
6821 668 2013 722 2131 
6822 560 2045 863 2067 
6823 1932 1965 943 2113 
6824 1296 1294 1295 1823 
6825 1330 1521 1328 1827 
6826 921 2021 1849 2148 
6827 828 870 594 1994 
6828 1884 1684 2094 2108 
6829 1640 1296 1297 1823 
6830 1302 1319 1300 1822 
6831 424 1865 809 1984 
6832 1310 1308 1838 1926 
6833 1190 1653 1172 1919 
6834 1039 1034 1570 229 
6835 1301 1303 1302 1822 
6836 1760 1820 1543 2140 
6837 1753 1727 1153 1854 
6838 1710 1496 2127 2134 
6839 622 340 621 1852 
6840 1668 1939 1576 2160 
6841 1302 1320 1319 1890 
6842 365 778 422 1856 
6843 1325 1886 1328 2092 
6844 1635 1269 1454 1882 
6845 749 746 1880 2038 
6846 1393 1394 1387 1989 
6847 1353 1952 1330 2093 
6848 1538 1384 1759 1900 
6849 976 962 145 2113 
6850 1469 1470 2082 2137 
6851 673 1815 2089 2144 
6852 415 412 414 1925 
6853 361 359 1887 2036 
6854 821 1917 324 2146 
6855 1220 1525 1534 1918 
6856 395 743 580 2055 
6857 891 585 851 2087 
6858 1945 2023 1511 2117 
6859 1208 2099 1230 2131 
6860 786 1850 334 2104 
6861 575 839 817 2058 
6862 1960 2041 728 2079 
6863 1182 1181 1180 1938 
6864 1337 1347 1840 1964 
6865 1229 1270 1273 1868 
6866 1651 1429 1665 1839 
6867 1297 1823 1914 2074 
6868 894 753 2145 2155 
6869 1895 1969 516 2028 
6870 1373 1934 1503 2081 
6871 1682 1444 1162 2073 
6872 1363 1867 1365 1985 
6873 1715 1564 1971 1990 
6874 1624 1320 1638 1890 
6875 1321 1328 1646 1827 
6876 727 1960 728 2079 
6877 419 2098 677 2120 
6878 773 790 370 1881 
6879 1143 1515 1772 2024 
6880 1314 1859 1317 1915 
6881 336 786 334 2104 
6882 1212 1631 1180 1938 
6883 357 781 355 2029 
6884 513 522 1847 1966 
6885 803 2100 578 2110 
6886 1788 1590 1130 1924 
6887 676 1900 675 2098 
6888 364 377 701 1991 
6889 1667 1588 1187 1848 
6890 860 1949 737 2022 
6891 1640 1823 1297 2074 
6892 139 1079 1086 599 
6893 1922 1971 660 2131 
6894 1272 1242 1239 1834 
6895 307 743 742 1973 
6896 509 499 510 1953 
6897 818 1862 368 1935 
6898 1556 2041 1960 2079 
6899 1454 1882 1269 1954 
6900 435 1948 437 2125 
6901 1438 1418 1774 2100 
6902 280 271 625 2148 
6903 1817 1930 1793 2111 
6904 1239 1237 1581 1834 
6905 1182 1183 1181 1832 
6906 338 1838 785 1902 
6907 894 593 753 2155 
6908 1520 1982 1510 2023 
6909 802 691 646 2140 
6910 1639 1181 1846 2075 
6911 1430 1652 1632 1850 
6912 1069 1584 1062 2127 
6913 877 1056 1037 2027 
6914 1011 1004 1725 2064 
6915 1182 1185 1184 1832 
6916 390 1981 388 2129 
6917 744 121 1066 1072 
6918 744 1065 120 1072 
6919 1524 1432 1654 1828 
6920 316 270 1092 1993 
6921 1718 1386 1942 2161 
6922 459 1874 457 2075 
6923 1327 1881 1350 1984 
6924 397 761 1955 2057 
6925 184 1139 1498 1003 
6926 516 1895 515 1969 
6927 1588 1187 1848 2080 
6928 1117 1114 1109 2047 
6929 1227 1534 1254 1907 
6930 914 1879 664 1980 
6931 366 368 1862 1916 
6932 521 510 839 1831 
6933 1596 1807 1719 2057 
6934 1730 988 1132 2124 
6935 1432 1523 1334 1828 
6936 451 453 638 1816 
6937 1580 1881 1327 2011 
6938 455 457 1824 2075 
6939 403 2053 1995 2154 
6940 1430 1331 1333 1850 
6941 1754 1728 1154 1880 
6942 1239 1242 1240 1851 
6943 878 670 1870 1927 
6944 1734 142 1702 2115 
6945 1235 1236 1830 2099 
6946 428 1906 429 1989 
6947 637 417 1947 2161 
6948 727 50 966 281 
6949 1242 1244 1243 1851 
6950 1247 1971 1230 2099 
6951 403 779 1995 2053 
6952 599 427 895 2006 
6953 1949 2086 1271 2151 
6954 1140 1062 1070 237 
6955 459 457 458 2075 
6956 1175 1176 1824 1835 
6957 731 2090 2030 2095 
6958 423 394 2094 2147 
6959 1632 1299 1331 1850 
6960 1511 1945 1520 2023 
6961 715 740 99 1038 
6962 883 445 1104 2105 
6963 789 524 1909 2110 
6964 492 490 515 2051 
6965 546 576 523 1975 
6966 693 872 295 2050 
6967 444 695 1841 1970 
6968 1221 1228 1831 2058 
6969 332 334 1850 1914 
6970 1476 1657 1409 2076 
6971 463 1832 462 1944 
6972 1689 1466 1901 2061 
6973 1588 1272 1581 1834 
6974 1726 1124 1465 2054 
6975 1070 238 1063 2026 
6976 1553 981 172 982 
6977 1628 1314 1310 1859 
6978 1850 1902 1632 2104 
6979 309 978 962 2113 
6980 733 476 762 2119 
6981 707 1837 421 2025 
6982 834 1823 624 2106 
6983 948 1992 1826 1996 
6984 1186 1863 1187 1944 
6985 1272 1848 1578 2088 
6986 1047 1036 226 1563 
6987 28 970 700 286 
6988 550 1930 674 2017 
6989 1536 1917 1656 2081 
6990 405 1886 402 2092 
6991 624 1823 329 1933 
6992 368 818 823 1862 
6993 1743 1410 1803 1936 
6994 1023 1053 1120 1891 
6995 1646 1923 1827 1967 
6996 898 735 775 1908 
6997 1677 1277 1683 1909 
6998 1173 1174 1175 2003 
6999 1314 1318 1317 1859 
7000 1310 1926 1838 2015 
7001 1189 1669 1667 1863 
7002 1188 1651 1192 1839 
7003 689 688 812 1937 
7004 1227 1254 1250 1821 
7005 1313 1316 1670 1833 
7006 211 1527 1151 1041 
7007 1359 1618 1360 2036 
7008 1647 1175 1193 1982 
7009 1556 1555 2041 2079 
7010 1463 2063 1988 2064 
7011 519 520 518 1821 
7012 1221 1218 1228 2058 
7013 655 653 654 1836 
7014 1917 821 2081 2146 
7015 1529 1792 1528 1877 
7016 1599 990 959 2032 
7017 1684 1688 1620 1884 
7018 780 666 660 1971 
7019 738 737 1949 2086 
7020 1665 1673 1192 1839 
7021 723 1972 900 2009 
7022 727 992 1960 2079 
7023 573 400 371 2011 
7024 1366 1554 1716 1929 
7025 1456 2055 1371 2066 
7026 772 420 834 2020 
7027 603 810 928 1878 
7028 1297 1295 1298 2152 
7029 777 2019 442 2114 
7030 1639 1178 1181 2075 
7031 741 592 894 2155 
7032 1241 1895 1785 1969 
7033 971 697 984 2137 
7034 772 562 411 1888 
7035 1673 1192 1839 2119 
7036 1175 1824 1193 1982 
7037 1581 1582 1659 1870 
7038 1154 1066 245 1072 
7039 1521 1427 1646 1827 
7040 1401 2098 1698 2120 
7041 1220 1866 1226 2043 
7042 1617 1240 1243 1851 
7043 1755 2028 1496 2134 
7044 1363 1362 1856 1985 
7045 498 789 524 1909 
7046 453 1816 451 1982 
7047 473 723 878 2013 
7048 455 457 456 1824 
7049 1760 1542 1265 2140 
7050 1771 1951 2144 2150 
7051 892 600 2032 2102 
7052 1315 1915 1323 1916 
7053 402 2053 1843 2092 
7054 1577 1242 1272 2088 
7055 1280 1481 1954 2070 
7056 704 405 732 2092 
7057 769 789 484 1909 
7058 1535 1992 1504 2085 
7059 1447 1473 1996 2132 
7060 468 783 471 1875 
7061 932 487 760 2023 
7062 1435 1365 1363 1867 
7063 322 323 1917 2047 
7064 1483 1920 1399 2129 
7065 1188 1189 1186 1863 
7066 1692 1464 1690 1988 
7067 879 1842 835 2040 
7068 625 2021 1103 2112 
7069 815 1867 818 1935 
7070 1817 1930 552 2056 
7071 1241 1240 1617 1895 
7072 433 2035 1941 2139 
7073 1891 1920 717 1983 
7074 677 287 856 2142 
7075 1578 1272 1588 1848 
7076 409 1827 420 2020 
7077 21 289 962 976 
7078 777 1862 824 2019 
7079 1688 1719 1884 2057 
7080 1659 1623 1637 1870 
7081 1433 1434 1908 2122 
7082 1335 1336 1337 1840 
7083 518 1821 520 2017 
7084 1667 1187 1186 1863 
7085 622 772 834 2106 
7086 1578 1669 1671 1875 
7087 474 471 767 1875 
7088 1422 1764 1374 2040 
7089 1802 1713 1155 1965 
7090 763 733 689 1937 
7091 695 1841 1970 2072 
7092 1653 1174 1172 2003 
7093 1667 1669 1578 1848 
7094 1140 238 1070 2026 
7095 1194 1191 1195 1905 
7096 605 544 606 1873 
7097 1729 1050 1025 2103 
7098 1582 1208 1623 1870 
7099 1533 1346 1885 1934 
7100 1589 190 1010 1006 
7101 458 2005 1846 2075 
7102 1239 1851 1240 2060 
7103 1334 1332 1432 1889 
7104 1620 1684 1884 2108 
7105 887 62 277 1004 
7106 783 800 767 1875 
7107 309 943 1965 2113 
7108 799 1877 441 1948 
7109 1547 1048 222 1134 
7110 1297 1823 1295 2152 
7111 1643 1665 1429 1883 
7112 1616 1436 1435 1867 
7113 560 558 863 2045 
7114 918 1898 289 2032 
7115 978 1965 1155 2113 
7116 690 466 688 1910 
7117 590 673 1815 2089 
7118 918 289 904 2032 
7119 1170 1849 1169 2085 
7120 1741 1030 207 2156 
7121 644 642 1956 2037 
7122 959 990 892 2032 
7123 895 427 587 2161 
7124 549 921 2021 2130 
7125 1673 1665 1601 1883 
7126 389 398 381 2157 
7127 1805 2089 1480 2144 
7128 1478 1931 1480 2089 
7129 1332 1298 1585 1889 
7130 1639 2005 1428 2075 
7131 324 1917 1858 2146 
7132 1670 1672 1576 1833 
7133 659 722 663 1921 
7134 912 1004 1011 2064 
7135 696 885 296 2012 
7136 408 407 1952 2093 
7137 463 462 464 1944 
7138 1774 1135 1898 2032 
7139 339 2033 346 2160 
7140 1634 1981 1964 2157 
7141 1325 2053 1886 2092 
7142 1849 2021 1168 2148 
7143 343 785 338 1838 
7144 480 488 782 1851 
7145 570 415 569 1871 
7146 1503 1934 1999 2081 
7147 357 1915 358 1916 
7148 643 1956 1896 2140 
7149 366 368 777 1862 
7150 1678 1859 1628 1991 
7151 1491 2078 1708 2155 
7152 1157 1784 160 2076 
7153 1346 1339 1533 1885 
7154 456 638 453 1824 
7155 295 31 693 983 
7156 1009 62 887 1004 
7157 722 1921 659 2131 
7158 396 951 1955 2066 
7159 547 957 872 1861 
7160 392 390 1961 1981 
7161 624 331 329 1823 
7162 1428 2005 1522 2091 
7163 238 1497 1063 2026 
7164 1607 1230 1971 2131 
7165 1739 1771 1951 2144 
7166 704 732 1923 2092 
7167 20 962 755 2113 
7168 1366 1349 1354 2154 
7169 1840 1964 381 2157 
7170 1467 1961 1379 2065 
7171 1232 1720 1605 1829 
7172 1713 1932 1594 2113 
7173 436 712 1885 1934 
7174 1480 2089 1815 2144 
7175 707 702 1837 2025 
7176 1167 2021 271 2148 
7177 1346 1368 1885 2125 
7178 1273 1277 1677 1868 
7179 537 831 690 1910 
7180 921 1849 628 2148 
7181 1734 987 142 2115 
7182 495 494 483 1835 
7183 1219 1220 1226 2043 
7184 1326 1984 1349 2053 
7185 1762 2034 1481 2124 
7186 1949 738 2086 2151 
7187 1065 1071 1130 2062 
7188 966 49 889 281 
7189 392 1981 1961 2065 
7190 1585 1889 1298 2152 
7191 1278 1270 1635 1882 
7192 272 1721 1162 1977 
7193 786 345 1850 2025 
7194 1079 2109 291 2159 
7195 1070 1063 294 2026 
7196 768 2041 386 2077 
7197 576 724 523 1882 
7198 1802 1932 1965 2039 
7199 1643 1221 1601 1883 
7200 402 401 1843 2053 
7201 1968 2093 838 2120 
7202 643 1896 646 2140 
7203 655 1980 664 2128 
7204 624 834 804 1823 
7205 551 552 1930 2056 
7206 1349 1608 2053 2154 
7207 1623 1870 1208 2013 
7208 391 389 1981 2157 
7209 273 881 862 1976 
7210 361 370 369 2077 
7211 890 1972 723 2071 
7212 1231 1208 1582 1927 
7213 1594 1713 1808 1932 
7214 516 545 776 1895 
7215 24 273 892 990 
7216 1452 1738 1745 2112 
7217 1566 1715 1971 2052 
7218 1489 1390 1498 1941 
7219 643 646 1956 2140 
7220 1243 1244 1245 1949 
7221 895 1079 291 599 
7222 1888 1947 1507 2016 
7223 584 556 1936 1979 
7224 429 430 629 1906 
7225 1584 1495 1140 2127 
7226 1556 1557 1960 2041 
7227 1079 291 1082 2159 
7228 1168 2021 1849 2130 
7229 1455 1457 1370 2114 
7230 1043 200 1136 1028 
7231 562 621 563 1852 
7232 667 665 947 2099 
7233 474 767 486 1857 
7234 1601 1221 1229 1831 
7235 497 514 759 1847 
7236 702 421 707 1837 
7237 354 359 365 1856 
7238 795 1884 796 2094 
7239 1725 1463 1695 2101 
7240 415 570 806 1925 
7241 1585 1654 1432 1889 
7242 811 574 765 1833 
7243 1198 1199 1619 1940 
7244 1217 1215 1525 1918 
7245 716 708 945 1891 
7246 1581 1237 1582 1927 
7247 1747 1968 1608 1995 
7248 1271 1949 1245 2086 
7249 1405 1083 1150 2141 
7250 420 409 407 1827 
7251 1150 2133 1406 2141 
7252 1289 1287 1288 1858 
7253 561 1815 863 2045 
7254 1337 1840 1336 2157 
7255 301 53 752 2090 
7256 1444 1662 1146 2073 
7257 653 652 651 1836 
7258 1271 1497 1493 2026 
7259 893 2109 587 2161 
7260 1387 1718 1386 1942 
7261 1712 1697 1820 1836 
7262 1354 1367 1790 1865 
7263 1986 2026 1495 2127 
7264 654 656 655 1913 
7265 1488 1803 1657 1936 
7266 413 412 411 1888 
7267 1636 1388 1453 1920 
7268 1415 1413 1414 1931 
7269 417 418 416 1942 
7270 484 485 476 1844 
7271 596 631 917 2031 
7272 1630 1329 1886 1968 
7273 838 714 1968 2120 
7274 907 458 455 2075 
7275 1613 1494 1496 2028 
7276 530 2010 531 2039 
7277 1678 1318 1628 1859 
7278 650 788 651 1820 
7279 238 1140 1497 2026 
7280 436 1934 1885 2125 
7281 402 403 401 2053 
7282 717 1920 916 1983 
7283 1684 1678 1892 2108 
7284 277 1004 912 2064 
7285 1669 1194 1197 1875 
7286 1793 1681 1817 2111 
7287 1090 1095 903 2111 
7288 450 937 2023 2117 
7289 1336 1334 1523 1950 
7290 578 918 2032 2100 
7291 533 1857 767 2122 
7292 915 857 863 1815 
7293 1193 1824 1177 2091 
7294 447 2042 1945 2112 
7295 1201 1972 1183 2071 
7296 1127 1556 992 2079 
7297 1663 1961 1729 2103 
7298 1679 1223 1685 1943 
7299 1860 958 1979 2133 
7300 664 1980 1879 2128 
7301 1219 1217 1220 1918 
7302 647 651 652 1820 
7303 1100 1103 1108 2112 
7304 1613 1785 1895 2028 
7305 361 773 370 1887 
7306 1159 1703 1805 2089 
7307 735 898 737 2086 
7308 994 974 157 1152 
7309 1610 1690 1862 2019 
7310 725 817 839 1831 
7311 331 1823 1914 2152 
7312 840 39 996 313 
7313 657 656 658 1913 
7314 1683 1277 1279 2110 
7315 485 484 498 1909 
7316 1621 1441 1758 2054 
7317 1556 1555 1557 2041 
7318 1842 1917 360 2081 
7319 688 529 537 1910 
7320 1244 1245 1949 2022 
7321 339 1894 2033 2160 
7322 1234 1233 1836 2128 
7323 800 533 767 2122 
7324 1113 1109 1765 2047 
7325 1250 1255 1256 1821 
7326 841 83 1030 709 
7327 1654 1309 1524 1999 
7328 411 410 409 2149 
7329 335 791 337 1822 
7330 633 118 906 1071 
7331 1162 1118 272 1977 
7332 326 328 349 1869 
7333 513 497 496 1847 
7334 1345 1338 1339 1885 
7335 1737 2109 1137 2159 
7336 1277 1975 1279 2110 
7337 814 569 416 1871 
7338 1401 2098 2120 2142 
7339 1031 211 1151 1041 
7340 1573 1571 1873 2138 
7341 393 436 712 1885 
7342 1559 1558 1557 1960 
7343 403 1995 425 2154 
7344 335 334 333 2104 
7345 1755 1572 1574 2138 
7346 809 1865 768 2077 
7347 877 1037 89 311 
7348 745 308 746 1880 
7349 1251 1252 1459 2143 
7350 1614 1492 1562 2049 
7351 1229 1269 1270 1882 
7352 1050 207 1030 2156 
7353 989 846 312 2076 
7354 1553 1551 1716 1929 
7355 555 316 556 1993 
7356 1246 1433 1434 1908 
7357 203 1120 1675 1023 
7358 1484 1642 1663 2103 
7359 454 452 932 2091 
7360 1434 1685 1442 1901 
7361 673 1951 642 2144 
7362 360 324 821 1917 
7363 712 679 1885 1950 
7364 720 721 1980 2009 
7365 1522 1645 1209 1980 
7366 329 328 327 1869 
7367 1526 1190 1504 1919 
7368 542 2028 1969 2138 
7369 1684 1318 1678 2108 
7370 1241 1238 1240 2060 
7371 1655 1447 1473 1996 
7372 1523 1533 1339 1950 
7373 1409 1408 1860 1979 
7374 1873 1571 2096 2138 
7375 626 1860 958 1979 
7376 536 1861 957 1893 
7377 1267 1264 1978 2117 
7378 418 814 416 1989 
7379 191 1589 1153 1012 
7380 1211 1209 1210 1980 
7381 345 332 334 1850 
7382 634 635 1934 2081 
7383 1396 1398 1892 2069 
7384 1440 1988 1463 2063 
7385 802 646 1896 2140 
7386 1257 1779 1930 2017 
7387 1467 2012 1811 2156 
7388 1079 139 291 599 
7389 1438 1594 1720 2100 
7390 1774 2032 1898 2100 
7391 1608 1995 1968 2053 
7392 1307 1310 1838 2015 
7393 842 444 695 1841 
7394 1069 1164 1584 2127 
7395 1774 1599 1135 2032 
7396 1494 1986 1496 2028 
7397 1130 1071 1696 2062 
7398 1382 1383 1507 1888 
7399 306 953 695 1841 
7400 799 435 434 1948 
7401 821 1999 635 2081 
7402 1630 1608 1747 1968 
7403 459 466 1874 1938 
7404 733 762 689 1839 
7405 1478 1414 1480 1931 
7406 1408 1860 1979 2133 
7407 667 956 491 2099 
7408 470 1834 480 2088 
7409 1564 1922 1607 1971 
7410 507 1866 506 1918 
7411 424 1984 403 2154 
7412 1225 1647 1520 1816 
7413 1196 1197 1194 1905 
7414 677 2120 2098 2142 
7415 1507 1888 1383 1947 
7416 971 31 295 983 
7417 1303 1638 1302 1890 
7418 1884 2094 795 2108 
7419 561 1931 1815 2045 
7420 952 560 857 1825 
7421 1885 1981 391 2065 
7422 1611 1241 1969 2051 
7423 608 1997 924 2066 
7424 1175 1176 1177 1824 
7425 338 1894 1838 1902 
7426 283 65 1005 825 
7427 826 725 724 1882 
7428 1784 964 160 2076 
7429 334 1850 1914 2104 
7430 314 822 92 1021 
7431 312 989 36 846 
7432 1627 1195 1191 1844 
7433 1619 1232 1205 1940 
7434 1414 1931 1413 2045 
7435 1450 2016 1508 2161 
7436 882 627 687 1987 
7437 1053 1023 79 716 
7438 1228 1218 1633 1872 
7439 961 1132 988 2124 
7440 380 388 1964 2129 
7441 1215 1431 1525 1818 
7442 878 668 670 1927 
7443 1311 1666 1674 1837 
7444 470 479 480 1834 
7445 917 385 880 2031 
7446 326 325 1869 2146 
7447 1633 1872 1219 2043 
7448 436 1885 393 2125 
7449 288 691 97 1876 
7450 1224 1232 1605 2010 
7451 582 919 939 1865 
7452 1380 1505 2020 2149 
7453 412 1925 410 2149 
7454 375 1955 1946 2114 
7455 102 672 847 1036 
7456 1633 1280 1228 2070 
7457 1384 1871 1385 1925 
7458 658 659 1921 1922 
7459 2054 2086 735 2153 
7460 1314 1859 1915 1926 
7461 1535 1655 1992 1996 
7462 1511 2023 1264 2117 
7463 1204 1222 1223 1943 
7464 1129 1010 1005 2101 
7465 1167 271 1126 2148 
7466 1689 1685 1223 1901 
7467 1529 1528 1141 2012 
7468 1325 1326 2053 2092 
7469 647 1820 652 1998 
7470 614 613 604 1845 
7471 1344 1290 1292 1958 
7472 1115 127 1110 935 
7473 1968 1995 779 2053 
7474 485 1953 762 2119 
7475 638 527 798 1816 
7476 470 783 468 1848 
7477 668 722 661 2131 
7478 433 422 794 1941 
7479 1673 1677 1627 2119 
7480 885 799 869 2012 
7481 981 48 982 889 
7482 670 481 479 1834 
7483 802 646 643 1896 
7484 831 820 690 1819 
7485 1796 1451 1717 2042 
7486 467 1944 464 2080 
7487 530 532 514 2010 
7488 747 2061 911 2062 
7489 864 1992 948 1996 
7490 389 381 1964 2157 
7491 1661 1793 1930 2111 
7492 954 611 848 2127 
7493 790 1881 399 1984 
7494 1428 1193 1177 2091 
7495 645 1956 646 2140 
7496 1346 1934 1373 2125 
7497 410 1952 409 2149 
7498 1915 1916 1315 2118 
7499 1537 1143 1517 2068 
7500 696 1041 86 694 
7501 1534 1526 1504 1907 
7502 374 777 442 2114 
7503 1827 1967 420 2020 
7504 1400 2093 1968 2120 
7505 711 988 27 286 
7506 1232 1619 1687 1829 
7507 1413 2044 1411 2083 
7508 1593 962 144 2113 
7509 433 1941 620 2139 
7510 1650 1858 1290 2031 
7511 1699 1456 1472 2066 
7512 1300 1297 1299 2074 
7513 1619 1199 1683 1909 
7514 1155 144 978 2113 
7515 1569 1567 1873 2046 
7516 1468 1961 1467 2156 
7517 824 777 823 1862 
7518 1639 1846 1645 2005 
7519 1613 1617 1494 1895 
7520 1253 1949 1271 2151 
7521 604 1845 567 2044 
7522 1096 1443 1091 2111 
7523 463 763 812 1937 
7524 1499 1757 1123 2064 
7525 85 1055 1035 296 
7526 678 1992 864 2085 
7527 1779 1763 1473 1826 
7528 1617 1243 1253 1949 
7529 1481 2070 1482 2124 
7530 1177 1639 1428 2075 
7531 1027 310 897 1997 
7532 480 481 488 1834 
7533 750 1965 1932 2039 
7534 389 1964 1981 2157 
7535 1116 1444 262 1111 
7536 1443 1096 1091 254 
7537 907 455 454 2091 
7538 1338 1885 1345 1981 
7539 840 40 297 965 
7540 30 971 295 697 
7541 113 848 1062 1070 
7542 388 390 389 1981 
7543 1457 1973 1787 2019 
7544 1368 1345 1346 1885 
7545 1514 1158 213 1037 
7546 1210 1629 1913 1921 
7547 321 300 1114 2135 
7548 1805 1480 1739 2144 
7549 315 566 571 1977 
7550 1130 244 1065 1590 
7551 786 707 345 2025 
7552 1843 2053 1326 2092 
7553 1022 1603 1148 231 
7554 1201 1203 1202 1972 
7555 1615 1679 1685 1857 
7556 678 502 505 1919 
7557 745 744 308 1924 
7558 580 581 396 2066 
7559 539 522 1966 2143 
7560 656 654 662 2000 
7561 1183 1201 1200 1972 
7562 1920 1964 1399 2129 
7563 1533 1524 1503 1999 
7564 1434 1442 1441 1908 
7565 870 889 594 1929 
7566 650 1820 647 2140 
7567 358 1916 1915 2118 
7568 1250 1821 1256 1893 
7569 904 22 959 976 
7570 1321 1320 1322 2092 
7571 377 1899 379 1957 
7572 715 662 740 2007 
7573 601 611 545 1986 
7574 1725 1004 1123 2064 
7575 1316 1313 1315 2118 
7576 1291 1309 1869 2146 
7577 1082 880 269 2159 
7578 481 488 1834 2060 
7579 422 431 1985 2035 
7580 605 853 586 1873 
7581 1447 1766 1089 1996 
7582 1170 1190 1172 2085 
7583 1368 2065 1885 2125 
7584 1104 130 883 1101 
7585 1610 1341 1370 2114 
7586 848 318 112 1062 
7587 514 1847 522 2010 
7588 1030 1055 84 296 
7589 292 625 1103 2112 
7590 527 1816 638 2003 
7591 529 521 537 1883 
7592 518 538 517 1992 
7593 1451 1796 1445 2105 
7594 1398 1892 2069 2094 
7595 1357 1360 1612 2036 
7596 1408 1979 1407 2133 
7597 542 1969 1873 2138 
7598 76 1028 861 290 
7599 667 661 665 2099 
7600 1807 1904 1606 2057 
7601 1268 1274 1275 2037 
7602 459 461 466 1938 
7603 1504 1421 1907 1992 
7604 859 426 708 2129 
7605 1543 1820 1544 1876 
7606 1317 1620 2029 2108 
7607 581 608 924 2066 
7608 622 562 772 1852 
7609 738 736 2086 2151 
7610 380 1920 426 2129 
7611 796 888 423 2147 
7612 326 325 327 1869 
7613 562 563 413 1888 
7614 416 415 414 1871 
7615 536 1861 1893 2082 
7616 1753 1457 1455 1973 
7617 1741 1055 1030 2156 
7618 560 857 1825 2067 
7619 46 275 713 2084 
7620 1708 1491 1583 2078 
7621 593 387 2030 2155 
7622 1244 1903 1433 2022 
7623 788 654 651 1836 
7624 1247 1235 1789 1830 
7625 1648 1292 1294 1958 
7626 455 1824 454 2091 
7627 464 467 465 1944 
7628 547 1861 872 2050 
7629 604 923 1977 2044 
7630 1788 1924 1130 2062 
7631 1347 1399 1388 1920 
7632 258 1445 1099 1138 
7633 302 602 771 2096 
7634 401 790 399 1984 
7635 1791 1530 1531 2050 
7636 1200 1202 1645 1972 
7637 1633 1219 1641 2043 
7638 1745 1225 1520 1945 
7639 568 1961 709 2156 
7640 1460 1252 1462 2039 
7641 403 779 425 1995 
7642 1436 1439 1365 1867 
7643 114 739 294 1063 
7644 1945 2042 1452 2112 
7645 1353 1380 1952 2149 
7646 713 856 45 991 
7647 1306 1894 1305 2160 
7648 1632 1902 1304 2104 
7649 1064 118 633 1071 
7650 1634 1338 1981 2157 
7651 1083 1722 14 270 
7652 558 2045 560 2067 
7653 788 662 654 2007 
7654 1185 1631 1651 1937 
7655 1032 715 99 1038 
7656 346 371 352 1853 
7657 1263 1509 1879 2023 
7658 403 424 401 1984 
7659 1351 1884 1719 2057 
7660 1182 1631 1185 1938 
7661 1108 2021 1738 2112 
7662 1544 1712 1697 1820 
7663 1369 1948 1368 2125 
7664 1310 1308 1307 1838 
7665 1663 1468 1729 1961 
7666 1658 1804 1845 2027 
7667 1364 1390 1941 2035 
7668 579 1842 879 2135 
7669 943 1932 750 1965 
7670 1824 1982 453 2091 
7671 931 675 597 1900 
7672 898 1908 535 2022 
7673 559 604 567 2044 
7674 360 1917 821 2081 
7675 742 66 1006 283 
7676 1404 1970 1402 2072 
7677 738 1949 776 2151 
7678 663 720 1921 2009 
7679 832 794 577 1941 
7680 402 1886 404 2053 
7681 802 96 691 1024 
7682 750 1932 909 2039 
7683 1038 1048 222 1547 
7684 719 1976 718 2034 
7685 1536 1289 1917 2146 
7686 1404 1402 1723 2072 
7687 663 723 900 2009 
7688 75 1051 1028 756 
7689 1639 1200 1645 1846 
7690 1287 1290 1650 1858 
7691 1365 1867 1439 2063 
7692 1289 1858 1917 2146 
7693 1631 1212 1429 1910 
7694 414 412 413 1947 
7695 984 154 971 1142 
7696 1704 1160 162 1987 
7697 1606 1904 1955 2057 
7698 339 346 342 2160 
7699 642 298 1896 2150 
7700 428 429 418 1989 
7701 1362 1361 1363 1856 
7702 1535 1504 1190 2085 
7703 590 1815 561 1931 
7704 968 170 1121 2084 
7705 1502 1906 1810 2133 
7706 943 588 1932 2113 
7707 656 797 658 2000 
7708 1266 1264 1265 1998 
7709 1127 981 173 1553 
7710 1767 1477 1810 1906 
7711 1862 1916 368 1935 
7712 578 918 600 2032 
7713 394 2069 373 2094 
7714 1215 1217 1216 1855 
7715 1609 1461 1691 2061 
7716 1703 216 1049 1159 
7717 658 659 657 1921 
7718 1224 1205 1232 1847 
7719 1271 1500 1497 2086 
7720 1809 2045 1412 2067 
7721 612 776 1986 2151 
7722 840 996 39 965 
7723 1546 1121 170 2084 
7724 1351 1688 1719 1884 
7725 1283 1426 1878 2056 
7726 1315 1916 1680 2118 
7727 1307 1838 1902 2015 
7728 279 880 323 2047 
7729 968 275 46 2084 
7730 744 747 284 1924 
7731 507 506 504 1918 
7732 1025 1050 82 285 
7733 1388 1389 1348 1899 
7734 502 501 495 1919 
7735 983 156 974 1530 
7736 542 543 516 2028 
7737 851 1817 553 2087 
7738 1608 1968 1630 2053 
7739 1716 1994 1552 1995 
7740 1495 1496 1986 2127 
7741 1108 1738 1105 2112 
7742 1265 1712 1760 1820 
7743 826 576 881 1882 
7744 1562 2049 2030 2095 
7745 1656 1842 1422 2081 
7746 198 1156 1595 1897 
7747 446 448 447 2042 
7748 808 898 535 2022 
7749 790 424 809 1984 
7750 485 509 762 1953 
7751 1036 102 672 1047 
7752 1416 1413 1415 2044 
7753 1720 1687 1438 1829 
7754 460 462 461 1832 
7755 1299 1632 1301 2104 
7756 642 1951 641 2150 
7757 1287 1650 1286 2159 
7758 1127 992 966 2079 
7759 804 1823 1967 2074 
7760 1142 984 154 1742 
7761 1005 1010 65 283 
7762 187 1725 1011 1004 
7763 326 1869 1999 2146 
7764 1796 1451 2042 2105 
7765 1278 1277 1868 1975 
7766 1025 1131 1729 2103 
7767 1559 1960 1557 2095 
7768 5 269 1082 880 
7769 1027 1897 310 1997 
7770 1536 1309 1289 2146 
7771 612 1986 954 2026 
7772 497 769 477 1940 
7773 1405 1722 1083 2141 
7774 285 81 1044 708 
7775 739 115 734 1063 
7776 289 1898 929 2113 
7777 1309 1999 1869 2146 
7778 1616 1435 1672 2001 
7779 726 339 1894 2033 
7780 454 1824 453 2091 
7781 353 361 359 1887 
7782 1486 1425 1403 1864 
7783 1439 1867 1436 2063 
7784 943 929 588 2113 
7785 1528 1527 210 1035 
7786 474 477 475 1905 
7787 1659 1637 1187 2080 
7788 1556 1960 992 2079 
7789 1559 1562 2030 2095 
7790 880 917 2031 2159 
7791 913 1845 613 2027 
7792 750 943 909 1932 
7793 1027 1733 1156 1997 
7794 1268 1266 1274 1978 
7795 392 391 1981 2065 
7796 872 698 295 1861 
7797 952 560 1825 2067 
7798 856 991 713 2142 
7799 1540 1749 1133 2098 
7800 1694 1281 1748 2000 
7801 1459 2038 1754 2143 
7802 1168 1649 2021 2130 
7803 1749 1698 1401 2098 
7804 1251 1224 1252 2010 
7805 1468 1379 1467 1961 
7806 443 879 439 1928 
7807 454 721 907 2005 
7808 1082 291 595 2159 
7809 939 919 728 2079 
7810 1820 1876 1543 2140 
7811 355 363 1859 2108 
7812 813 536 807 2082 
7813 1270 1278 1277 1868 
7814 1345 1885 1368 2065 
7815 412 806 410 1925 
7816 1534 1227 1220 1866 
7817 1823 1933 624 2106 
7818 1801 1458 1904 2066 
7819 1522 1211 1261 2128 
7820 1147 969 176 1558 
7821 383 770 1912 2001 
7822 1462 1605 1808 1932 
7823 125 1117 321 1114 
7824 1550 1732 1877 1948 
7825 190 1129 1589 1010 
7826 506 508 505 1907 
7827 1254 1504 1421 1907 
7828 438 799 441 1948 
7829 1458 1955 1904 2066 
7830 720 900 721 2009 
7831 1561 2049 1562 2095 
7832 66 1010 1006 283 
7833 1853 2033 1660 2160 
7834 395 1955 375 2114 
7835 1595 1136 199 1051 
7836 1535 1169 1655 1996 
7837 390 859 2103 2129 
7838 760 664 914 1879 
7839 1521 1827 1952 2020 
7840 1545 1546 169 2142 
7841 1258 1731 1256 1974 
7842 643 642 298 1896 
7843 280 591 1098 2148 
7844 542 544 1873 1969 
7845 1237 1236 1231 1927 
7846 1749 2098 1401 2142 
7847 1246 1441 1621 1908 
7848 663 720 657 1921 
7849 716 1044 80 708 
7850 881 718 719 1976 
7851 733 472 476 1959 
7852 1236 1611 1248 2051 
7853 310 1897 924 1997 
7854 398 681 766 1840 
7855 309 20 962 978 
7856 1699 1592 1727 1854 
7857 321 1117 279 2047 
7858 1033 1039 104 2046 
7859 755 289 929 2113 
7860 282 1033 104 2046 
7861 994 34 305 975 
7862 1233 1211 1210 1913 
7863 1454 1676 1976 2034 
7864 632 911 548 2061 
7865 1693 1400 1968 2120 
7866 867 1052 72 897 
7867 679 391 712 1885 
7868 1438 1720 1829 2100 
7869 1291 1289 1309 2146 
7870 1770 1878 1426 2087 
7871 1536 1503 1999 2081 
7872 151 961 1762 1132 
7873 1108 1105 1100 2112 
7874 454 455 453 1824 
7875 1414 1809 1815 2045 
7876 992 50 966 727 
7877 1536 1656 1422 2081 
7878 825 64 1005 912 
7879 1630 1400 1329 1968 
7880 1746 1737 1650 2031 
7881 1457 1787 1692 2019 
7882 1306 1660 2033 2160 
7883 1399 1483 1453 1920 
7884 450 937 487 2023 
7885 1141 1528 209 1035 
7886 1367 1354 1355 2077 
7887 951 1904 397 1955 
7888 1738 1649 1745 2021 
7889 1510 1193 1509 2091 
7890 801 2042 446 2105 
7891 1097 1096 1443 253 
7892 1116 261 1444 1118 
7893 1767 1906 1394 1989 
7894 1701 1591 1880 2116 
7895 454 453 1982 2091 
7896 1695 1129 1005 2101 
7897 1510 1982 1193 2091 
7898 1838 1926 343 2015 
7899 393 1885 391 2065 
7900 1705 1276 1825 2105 
7901 795 781 1884 2108 
7902 1296 1823 1967 2106 
7903 367 366 374 1946 
7904 40 995 297 965 
7905 788 650 288 1876 
7906 454 1982 452 2091 
7907 699 2082 2008 2137 
7908 590 863 561 1815 
7909 1546 991 169 2142 
7910 1974 2048 1791 2050 
7911 615 842 953 1841 
7912 1690 1342 1610 1862 
7913 528 864 598 2085 
7914 907 454 2005 2091 
7915 1607 1971 1922 2131 
7916 748 749 1880 2116 
7917 808 800 1903 2122 
7918 227 1565 1128 2052 
7919 703 356 701 1991 
7920 405 404 402 1886 
7921 1253 1245 1271 1949 
7922 745 2038 910 2143 
7923 909 530 531 2039 
7924 1263 1510 1509 2023 
7925 473 890 723 2071 
7926 1501 1705 1276 1825 
7927 30 971 697 984 
7928 1766 1126 1093 2148 
7929 1698 2098 1711 2123 
7930 1580 1350 1327 1881 
7931 1133 1545 168 985 
7932 625 271 1103 2021 
7933 1341 1946 1370 2114 
7934 371 399 352 2011 
7935 686 489 1978 2117 
7936 1999 2081 821 2146 
7937 377 379 421 1957 
7938 1173 1816 1225 2130 
7939 1611 1241 1785 1969 
7940 274 1891 717 1983 
7941 645 643 646 1956 
7942 1037 684 90 311 
7943 271 1093 1126 2148 
7944 637 417 414 1947 
7945 1626 1756 1708 2155 
7946 1728 1701 1591 1880 
7947 934 636 303 2133 
7948 1606 1904 1458 1955 
7949 1103 1100 292 2112 
7950 941 671 649 1978 
7951 1089 1447 1996 2132 
7952 1380 1521 1952 2020 
7953 1234 1211 1233 2128 
7954 646 650 647 2140 
7955 958 1860 430 2133 
7956 1689 1223 1609 2061 
7957 772 411 409 2020 
7958 1547 1282 1548 2007 
7959 277 63 912 1004 
7960 52 993 301 730 
7961 1115 1114 300 2135 
7962 1682 1744 1864 1977 
7963 350 343 1926 2015 
7964 1747 1693 1400 1968 
7965 538 948 864 1992 
7966 603 1878 908 2087 
7967 626 627 882 1860 
7968 1973 2019 1457 2114 
7969 1588 1581 1659 2080 
7970 580 2055 581 2066 
7971 1345 1981 1885 2065 
7972 603 553 2056 2087 
7973 874 297 597 2068 
7974 920 1854 607 2055 
7975 1056 1037 89 877 
7976 1610 1457 2019 2114 
7977 987 1734 1965 2115 
7978 1791 1974 1285 2048 
7979 1364 1390 1372 1941 
7980 648 642 2037 2144 
7981 1538 1900 1537 2068 
7982 104 1039 853 2046 
7983 163 1160 1515 996 
7984 487 2023 937 2117 
7985 515 516 492 1895 
7986 1925 2123 410 2149 
7987 1079 1082 1088 2159 
7988 783 482 800 1903 
7989 1054 1022 1148 231 
7990 292 445 446 2112 
7991 1421 1655 1826 1992 
7992 1797 186 1009 1004 
7993 442 1973 743 2114 
7994 1438 1829 1687 2100 
7995 424 1865 1984 2154 
7996 375 397 761 1955 
7997 444 443 1970 2136 
7998 966 49 981 889 
7999 513 522 514 1847 
8000 1793 1443 1681 2111 
8001 399 773 352 1881 
8002 844 602 754 2134 
8003 1449 1446 1137 2109 
8004 680 682 830 1828 
8005 1153 1592 192 1854 
8006 740 288 98 1048 
8007 1103 271 1108 2021 
8008 1448 1474 1842 2135 
8009 1629 1922 1921 2131 
8010 215 1783 1703 2018 
8011 16 1107 1721 272 
8012 1724 1283 1426 1878 
8013 1716 1995 1608 2154 
8014 1676 1762 150 2034 
8015 828 594 425 1995 
8016 1387 1394 1395 1942 
8017 1700 1166 1699 2107 
8018 649 685 686 1978 
8019 242 1064 1726 1696 
8020 1336 1950 1339 2157 
8021 1573 1969 1785 2138 
8022 664 1879 760 2128 
8023 1522 1980 1211 2128 
8024 439 437 438 2040 
8025 735 868 2054 2153 
8026 189 1129 1010 1005 
8027 655 657 720 1913 
8028 269 5 279 880 
8029 1028 1043 76 861 
8030 1438 1898 1594 2100 
8031 328 330 830 1889 
8032 550 876 674 1930 
8033 650 646 691 2140 
8034 1495 1710 1496 2127 
8035 1896 1956 1542 2140 
8036 1459 1728 1754 2038 
8037 711 845 2034 2124 
8038 279 1117 5 269 
8039 893 596 587 2109 
8040 756 757 758 1897 
8041 861 589 888 2147 
8042 1047 1565 227 2052 
8043 891 851 553 2087 
8044 695 1970 922 2072 
8045 1559 2030 1560 2090 
8046 1490 1962 1618 2002 
8047 460 459 458 1846 
8048 671 801 952 1825 
8049 33 994 305 692 
8050 889 281 919 1929 
8051 1799 1675 1120 1891 
8052 438 437 435 1948 
8053 1353 1952 2123 2149 
8054 372 387 1962 2049 
8055 864 678 517 1992 
8056 676 675 287 2098 
8057 1599 1600 147 990 
8058 191 1589 1012 1006 
8059 1892 2094 1684 2108 
8060 1112 315 272 1977 
8061 1501 1275 1768 1825 
8062 527 528 896 1849 
8063 1791 2048 1530 2050 
8064 666 780 847 1990 
8065 833 853 105 1039 
8066 1037 213 1514 1056 
8067 1259 1661 1793 1930 
8068 1167 1168 2021 2148 
8069 1829 1687 2100 2110 
8070 851 618 1817 1993 
8071 496 477 486 1943 
8072 653 655 664 2128 
8073 818 432 610 2063 
8074 539 910 522 2143 
8075 1656 1448 1474 1842 
8076 1662 1928 2073 2136 
8077 642 643 644 1956 
8078 831 537 836 1855 
8079 1382 1506 1505 1888 
8080 787 348 341 1939 
8081 1458 1371 1955 2066 
8082 1303 1894 1306 2033 
8083 1235 1231 1236 2099 
8084 610 616 617 1988 
8085 1092 270 1097 1993 
8086 1309 1536 1503 1999 
8087 1380 2020 1952 2149 
8088 987 1965 944 2115 
8089 228 1568 1039 2046 
8090 1300 1319 1640 2074 
8091 861 888 290 2014 
8092 804 1967 705 2074 
8093 355 363 356 1859 
8094 1556 992 174 1127 
8095 1171 1173 1225 2130 
8096 397 1904 757 2057 
8097 791 706 573 1890 
8098 970 28 988 286 
8099 1034 833 105 1039 
8100 1587 1853 1660 2160 
8101 465 469 763 1863 
8102 1157 160 989 2076 
8103 1279 2100 1438 2110 
8104 387 837 2030 2049 
8105 1063 294 114 1070 
8106 1684 1396 1398 1892 
8107 1475 1409 1408 1860 
8108 1515 1143 164 995 
8109 270 316 8 555 
8110 843 427 599 2006 
8111 1322 1843 1326 2092 
8112 1281 1210 1629 1913 
8113 1664 1260 1470 2008 
8114 307 67 1006 742 
8115 1694 1990 1122 2126 
8116 1384 1385 1383 1925 
8117 848 936 318 2127 
8118 819 286 700 2008 
8119 707 786 702 2025 
8120 203 1120 1023 1053 
8121 1648 1519 1344 1958 
8122 1508 2016 1947 2161 
8123 1502 1810 1406 2133 
8124 935 566 1110 2073 
8125 802 298 95 1896 
8126 578 546 524 1975 
8127 382 372 387 1962 
8128 478 458 907 2005 
8129 1546 2084 991 2142 
8130 921 896 628 1849 
8131 444 922 695 1970 
8132 217 1159 1516 1951 
8133 956 667 947 1830 
8134 543 2028 542 2138 
8135 1634 1399 1964 2129 
8136 1001 1008 59 2078 
8137 865 725 826 1954 
8138 619 609 431 2035 
8139 408 406 407 2093 
8140 282 104 853 2046 
8141 711 27 988 961 
8142 1456 1699 1727 2055 
8143 806 410 1925 2123 
8144 861 2097 589 2147 
8145 1573 1873 1782 1969 
8146 1468 1741 1729 2156 
8147 227 1128 1033 2052 
8148 1409 1936 1410 1979 
8149 63 1011 912 1004 
8150 64 1011 1005 912 
8151 1670 1576 1668 1939 
8152 1781 2041 1367 2077 
8153 1570 1569 1571 2096 
8154 1705 1825 1501 2067 
8155 752 2059 873 2090 
8156 598 1996 591 2148 
8157 1391 1575 1361 1912 
8158 491 1927 668 2099 
8159 312 639 35 2004 
8160 950 314 1951 2089 
8161 80 1023 1044 716 
8162 1898 2032 918 2100 
8163 919 1929 281 2079 
8164 1283 1285 1258 1974 
8165 295 1861 698 2137 
8166 1544 1750 1134 1876 
8167 1508 1947 1386 2161 
8168 1531 983 155 1142 
8169 358 1915 351 2118 
8170 1352 1353 1330 2093 
8171 1013 317 57 2145 
8172 634 821 635 2081 
8173 276 101 847 1990 
8174 1338 1336 1339 2157 
8175 1033 1128 228 2046 
8176 1062 318 112 1069 
8177 1315 1317 1323 1915 
8178 1439 1436 1440 2063 
8179 1255 1254 1421 1821 
8180 1725 187 1123 1004 
8181 1587 1660 1306 2160 
8182 83 1050 1030 709 
8183 284 1924 747 2062 
8184 1119 148 1600 990 
8185 147 959 1599 990 
8186 276 1046 101 1990 
8187 719 826 881 1954 
8188 990 24 273 960 
8189 648 671 857 1825 
8190 439 879 835 2040 
8191 495 483 820 1963 
8192 32 974 692 693 
8193 324 1858 325 2146 
8194 300 879 1928 2135 
8195 1825 2067 1705 2105 
8196 607 581 580 2055 
8197 351 358 357 1915 
8198 1860 1906 430 2133 
8199 1026 1052 72 867 
8200 383 811 770 2001 
8201 987 944 751 2115 
8202 1184 1187 1637 1944 
8203 891 908 640 2087 
8204 1128 1568 228 2046 
8205 946 1003 887 2139 
8206 818 815 432 1867 
8207 323 325 324 1858 
8208 650 691 1876 2140 
8209 1369 1346 1373 2125 
8210 478 1846 458 2005 
8211 1662 2073 1794 2136 
8212 1549 1731 1532 1861 
8213 967 752 53 2090 
8214 934 137 1087 1085 
8215 761 367 375 1946 
8216 808 535 800 2122 
8217 1514 1769 1487 2027 
8218 1506 1519 1648 1852 
8219 873 753 593 2030 
8220 404 1968 779 2053 
8221 293 59 1008 2078 
8222 1483 1484 2103 2129 
8223 454 932 1879 2091 
8224 376 1892 373 2069 
8225 1178 1180 1181 1874 
8226 57 317 849 2145 
8227 903 135 1095 1090 
8228 553 1817 552 2056 
8229 667 1830 956 2099 
8230 1405 1150 1406 2141 
8231 801 952 1825 2105 
8232 287 44 856 973 
8233 1768 1275 1424 2037 
8234 1169 1849 1168 2148 
8235 1460 1471 1701 2039 
8236 427 1942 587 2161 
8237 1684 1892 1398 2094 
8238 1357 1887 1358 2036 
8239 388 380 426 2129 
8240 86 1035 1041 696 
8241 835 1842 360 2081 
8242 1414 1815 1931 2045 
8243 854 640 312 2004 
8244 1608 1995 2053 2154 
8245 615 613 614 2027 
8246 860 782 493 1851 
8247 558 2067 304 2083 
8248 1121 1994 968 2084 
8249 1552 1716 1551 1994 
8250 855 876 299 2132 
8251 1301 1632 1304 2104 
8252 1516 1739 1771 1951 
8253 1108 271 1167 2021 
8254 1759 1540 1539 1900 
8255 1044 1025 81 285 
8256 1695 188 1725 1011 
8257 957 536 698 1861 
8258 296 869 841 2012 
8259 1762 1481 1132 2124 
8260 714 275 828 1994 
8261 795 363 781 2108 
8262 860 1851 493 1949 
8263 1602 1644 1340 1957 
8264 1325 1322 1326 2092 
8265 1550 1368 1369 1948 
8266 1122 1694 1564 1990 
8267 337 726 339 1894 
8268 1039 1033 228 2046 
8269 1048 288 97 1876 
8270 641 642 673 1951 
8271 1281 1233 1913 2000 
8272 314 93 641 1951 
8273 558 2045 2067 2083 
8274 1244 1433 1246 2022 
8275 493 492 776 1895 
8276 29 970 697 700 
8277 788 288 740 2007 
8278 208 1741 1141 1055 
8279 1756 1562 1492 2030 
8280 1548 2000 1694 2126 
8281 712 682 679 1950 
8282 962 978 144 2113 
8283 728 1960 729 2041 
8284 1455 1727 1753 2055 
8285 411 412 410 2149 
8286 490 492 488 2060 
8287 961 150 1762 2034 
8288 895 587 2109 2161 
8289 1373 1503 1422 2081 
8290 216 1021 1049 1159 
8291 422 433 431 2035 
8292 629 430 882 1860 
8293 1826 1992 1655 1996 
8294 323 324 322 1917 
8295 330 329 331 2152 
8296 375 1946 374 2114 
8297 275 1994 714 2084 
8298 225 1122 1563 1990 
8299 1462 1252 1605 2010 
8300 558 560 304 2067 
8301 946 293 60 1003 
8302 987 751 963 2115 
8303 1128 2046 1033 2052 
8304 1274 1956 1518 2037 
8305 1120 1735 1799 1983 
8306 1343 1370 1341 1946 
8307 467 829 479 2080 
8308 1176 1178 1177 2075 
8309 1035 1527 210 1041 
8310 728 727 729 1960 
8311 793 631 1958 2031 
8312 738 736 737 2086 
8313 197 1733 1156 1027 
8314 1319 1320 1321 1923 
8315 312 854 2004 2076 
8316 1315 1323 1680 1916 
8317 1814 1134 221 1876 
8318 1802 1462 1932 2039 
8319 667 491 668 2099 
8320 447 446 2042 2112 
8321 1545 169 973 2142 
8322 1069 1061 235 1709 
8323 586 542 1873 2138 
8324 1550 1732 1529 1877 
8325 1490 1618 1372 2002 
8326 949 2048 1974 2050 
8327 1317 1324 1323 2029 
8328 1392 1678 1674 1991 
8329 1737 249 1088 1084 
8330 1731 1974 1791 2050 
8331 1261 1509 1522 1879 
8332 217 1516 1040 1951 
8333 540 819 699 2008 
8334 1068 1497 239 1798 
8335 933 825 283 2101 
8336 1325 1329 1328 1886 
8337 1191 1194 1189 1959 
8338 1478 1479 1931 2018 
8339 1600 2032 1418 2102 
8340 87 1041 306 694 
8341 859 710 390 2103 
8342 991 46 713 2084 
8343 1198 1940 1205 2158 
8344 601 543 602 2134 
8345 489 941 686 1978 
8346 1653 1431 1586 1963 
8347 272 6 557 315 
8348 1195 1196 1905 2158 
8349 1310 1311 1628 2015 
8350 1941 2035 1390 2139 
8351 422 778 794 2002 
8352 753 2059 564 2145 
8353 748 749 746 1880 
8354 448 1945 2042 2117 
8355 648 671 1825 2037 
8356 1732 1404 1792 1877 
8357 1438 2100 1687 2110 
8358 274 78 1029 886 
8359 454 932 914 1879 
8360 991 2084 713 2142 
8361 160 964 989 2076 
8362 1321 1325 1328 2092 
8363 1407 2133 1979 2141 
8364 1795 1718 1395 1942 
8365 1294 1292 1293 1933 
8366 1024 802 96 1045 
8367 1683 1687 1619 2110 
8368 1645 1202 1209 2009 
8369 26 711 718 2034 
8370 186 1797 1123 1004 
8371 235 1164 1069 1709 
8372 667 947 1830 2099 
8373 574 815 818 1935 
8374 1513 975 158 1152 
8375 1090 1091 1095 2111 
8376 1629 1207 1922 2131 
8377 493 488 492 1851 
8378 732 405 402 2092 
8379 53 301 993 2090 
8380 892 904 23 959 
8381 813 511 540 2043 
8382 1304 1632 1652 1902 
8383 673 2089 1951 2144 
8384 950 572 2018 2089 
8385 61 887 946 1003 
8386 677 866 2120 2142 
8387 1129 189 1695 1005 
8388 1637 1623 1201 2071 
8389 924 310 758 1897 
8390 1130 1065 243 1071 
8391 1173 1171 1172 2003 
8392 1573 1873 1969 2138 
8393 1800 1454 1676 1976 
8394 1218 1216 1217 2058 
8395 672 1047 103 2052 
8396 968 1994 275 2084 
8397 1644 1430 1333 2025 
8398 1160 996 162 1987 
8399 1325 1630 1886 2053 
8400 1817 2056 553 2087 
8401 749 531 2038 2039 
8402 270 555 1087 2141 
8403 227 1033 1047 2052 
8404 1592 1166 193 1014 
8405 989 964 846 2076 
8406 782 860 808 2022 
8407 644 649 671 2037 
8408 1580 1624 1660 2011 
8409 443 440 444 1970 
8410 450 1945 937 2117 
8411 1668 1576 1587 2160 
8412 452 454 453 1982 
8413 1516 1951 1771 2150 
8414 1091 1145 1447 2132 
8415 824 823 617 1988 
8416 1091 1447 255 2132 
8417 419 677 866 2120 
8418 1021 822 92 1049 
8419 709 710 285 2103 
8420 985 44 287 973 
8421 639 975 35 2004 
8422 448 937 1945 2117 
8423 761 1884 781 2029 
8424 1406 2133 1407 2141 
8425 448 489 937 2117 
8426 394 373 423 2094 
8427 764 956 606 1830 
8428 1664 2008 1730 2124 
8429 1353 1698 1711 2123 
8430 995 1143 165 980 
8431 1127 173 981 966 
8432 355 781 363 2108 
8433 1626 1708 2145 2155 
8434 1033 282 103 2052 
8435 376 364 373 1892 
8436 454 1879 914 2091 
8437 183 1001 1583 2078 
8438 590 1815 1931 2089 
8439 534 533 535 2122 
8440 968 46 991 2084 
8441 1366 1790 1554 1865 
8442 1479 1415 1478 1931 
8443 1634 1964 1337 2157 
8444 1380 1382 1505 2149 
8445 985 1545 168 973 
8446 1143 1537 165 980 
8447 170 991 1546 2084 
8448 950 1951 673 2089 
8449 318 850 111 1061 
8450 950 2018 822 2089 
8451 543 601 545 2028 
8452 1127 992 174 966 
8453 1558 175 1556 1960 
8454 236 1062 1069 1584 
8455 691 1024 97 1876 
8456 1716 1608 1366 2154 
8457 781 2029 1884 2108 
8458 1288 1287 1125 2047 
8459 1758 1500 2086 2153 
8460 1507 1947 1508 2016 
8461 1204 1198 1205 2158 
8462 816 677 419 2098 
8463 225 1563 1036 1990 
8464 846 989 36 964 
8465 1169 1170 1168 1849 
8466 1986 2026 612 2151 
8467 1162 16 1721 272 
8468 1722 1161 14 270 
8469 1051 1136 199 1028 
8470 1440 1463 1439 2063 
8471 603 2056 1878 2087 
8472 1756 2030 1492 2155 
8473 1138 1105 1738 2112 
8474 1566 1715 1247 1971 
8475 1758 2054 1124 2153 
8476 996 1515 163 965 
8477 1846 2005 1639 2075 
8478 93 1040 641 1951 
8479 1265 1712 1820 1998 
8480 512 541 540 2043 
8481 1151 1723 1769 1841 
8482 1509 1428 1522 2091 
8483 1027 1156 1897 1997 
8484 1657 1157 2004 2076 
8485 499 498 523 1868 
8486 1548 1038 223 1547 
8487 373 2069 1892 2094 
8488 817 541 1872 2070 
8489 1033 103 1047 2052 
8490 169 991 973 2142 
8491 32 974 693 983 
8492 726 346 339 2033 
8493 669 666 672 2052 
8494 1559 1561 1562 2095 
8495 1267 1264 1266 1978 
8496 952 2067 1825 2105 
8497 357 358 366 1916 
8498 710 392 390 1961 
8499 1701 1728 1460 2038 
8500 441 1877 905 2072 
8501 556 1979 583 2141 
8502 922 441 905 2072 
8503 893 637 2016 2161 
8504 1579 1358 1356 1887 
8505 735 278 868 2153 
8506 1027 897 1052 1997 
8507 952 560 2067 2105 
8508 995 164 1515 965 
8509 1033 2046 282 2052 
8510 1204 1943 1679 2158 
8511 1569 1568 1567 2046 
8512 314 1021 93 1951 
8513 225 1046 1122 1990 
8514 1008 1001 183 2078 
8515 1693 2084 1401 2120 
8516 586 1873 2096 2138 
8517 282 672 103 2052 
8518 1373 1533 1503 1934 
8519 286 2008 819 2124 
8520 1021 1159 217 1951 
8521 1689 1466 1442 1901 
8522 1532 1731 1791 2050 
8523 1768 2037 1424 2144 
8524 1458 1714 1801 1904 
8525 1036 847 101 1990 
8526 660 659 1922 2131 
8527 1195 1198 1196 2158 
8528 221 1024 1814 1876 
8529 277 609 619 2064 
8530 948 1826 855 2132 
8531 979 1704 162 1987 
8532 1399 1347 1634 1964 
8533 1089 1091 255 2132 
8534 346 2033 1853 2160 
8535 404 779 403 2053 
8536 1610 1370 1457 2114 
8537 1478 1703 2018 2089 
8538 1763 1421 1655 1826 
8539 1408 1407 1406 2133 
8540 973 45 856 991 
8541 1797 1009 185 2139 
8542 711 26 961 2034 
8543 968 991 170 2084 
8544 1251 1461 1609 1966 
8545 585 640 854 1936 
8546 1757 2063 1439 2064 
8547 1393 1751 1517 2068 
8548 1139 1008 183 2078 
8549 698 1861 536 2082 
8550 1663 1642 1379 1961 
8551 1438 1774 1594 1898 
8552 1596 1136 1595 2014 
8553 1309 1654 1291 1869 
8554 392 1961 568 2065 
8555 1171 1168 1849 2130 
8556 859 708 285 2103 
8557 280 7 625 271 
8558 1701 2039 1471 2115 
8559 449 447 448 1945 
8560 551 553 552 2056 
8561 1438 1774 1898 2100 
8562 298 1020 95 1896 
8563 1019 684 90 1037 
8564 398 389 679 2157 
8565 1006 1012 67 307 
8566 287 931 43 972 
8567 1267 1268 1717 1978 
8568 1256 1731 1549 1893 
8569 869 841 2012 2156 
8570 590 1931 572 2089 
8571 115 734 1063 1068 
8572 1359 1357 1358 2036 
8573 1282 1694 1548 2000 
8574 786 336 785 1902 
8575 511 506 507 1866 
8576 1573 1785 1574 2138 
8577 1560 2059 1604 2090 
8578 726 371 346 2033 
8579 686 487 937 2117 
8580 1566 2046 1128 2052 
8581 666 669 665 1971 
8582 1724 1152 1530 2048 
8583 1257 1779 1259 1930 
8584 1557 2041 1781 2095 
8585 609 432 431 2063 
8586 619 2035 433 2139 
8587 466 792 459 1874 
8588 1483 1675 1453 1891 
8589 1477 1408 1810 1860 
8590 434 435 393 2125 
8591 1310 1313 1308 1926 
8592 393 391 392 2065 
8593 344 804 705 2074 
8594 448 2042 489 2117 
8595 603 908 891 2087 
8596 95 1045 802 1896 
8597 899 1864 871 2136 
8598 1650 1290 1344 2031 
8599 1478 2018 1931 2089 
8600 541 512 817 1872 
8601 1296 1967 1427 2106 
8602 98 740 1048 1038 
8603 198 1027 1156 1897 
8604 1551 171 1121 1994 
8605 1480 1815 1768 2144 
8606 879 579 835 1842 
8607 1710 1755 1496 2134 
8608 1113 1125 13 269 
8609 271 1093 15 1126 
8610 1020 1144 219 1896 
8611 1730 988 152 1132 
8612 610 609 616 2063 
8613 1316 1315 1680 2118 
8614 989 312 2004 2076 
8615 752 753 873 2059 
8616 593 387 837 2030 
8617 485 762 476 2119 
8618 1148 230 1570 2096 
8619 1303 1306 1638 2033 
8620 1118 1112 272 1977 
8621 948 1996 1826 2132 
8622 571 871 1864 2073 
8623 1493 1495 1986 2026 
8624 631 621 793 1958 
8625 1620 1884 2029 2108 
8626 1707 181 1002 2145 
8627 804 344 333 2074 
8628 1696 242 1064 1071 
8629 682 680 679 1950 
8630 290 757 756 2014 
8631 1512 1945 1511 2117 
8632 1947 2016 637 2161 
8633 423 795 796 2094 
8634 1306 2033 1894 2160 
8635 880 385 323 1858 
8636 1147 176 969 993 
8637 1286 13 1125 269 
8638 271 15 1167 1126 
8639 350 703 343 2015 
8640 587 1942 417 2161 
8641 601 936 611 2127 
8642 1280 1482 1481 2070 
8643 423 589 394 2147 
8644 1702 141 1777 997 
8645 1456 1455 1371 2055 
8646 1621 1758 1500 2086 
8647 805 803 532 1829 
8648 284 119 1065 906 
8649 780 660 658 1922 
8650 1298 1299 1297 1914 
8651 1273 1673 1601 1953 
8652 1104 445 131 1100 
8653 396 951 397 1955 
8654 1549 1893 1861 2082 
8655 856 973 991 2142 
8656 1707 1163 181 2145 
8657 1607 1230 1247 1971 
8658 118 1064 633 942 
8659 983 971 155 1142 
8660 1650 2031 1737 2159 
8661 243 1696 1130 1071 
8662 287 43 985 972 
8663 1174 1586 1176 1835 
8664 1676 150 977 2034 
8665 994 158 975 1152 
8666 428 418 427 1942 
8667 873 2030 731 2090 
8668 1317 1318 1620 2108 
8669 775 534 535 1908 
8670 1207 1607 1922 2131 
8671 298 641 94 2150 
8672 1278 1418 1975 2102 
8673 557 923 559 2044 
8674 805 803 1829 2100 
8675 700 697 699 2008 
8676 1196 1204 1679 2158 
8677 198 1595 1051 1897 
8678 1606 1351 1719 2057 
8679 1029 1053 78 274 
8680 251 1080 1081 2006 
8681 1717 2042 1512 2117 
8682 1380 1505 1521 2020 
8683 904 892 600 2032 
8684 1335 1333 1334 1911 
8685 1577 1433 1244 1903 
8686 1230 1208 1231 2099 
8687 1001 59 741 2078 
8688 2030 2049 837 2095 
8689 1450 1746 1508 2016 
8690 1629 1207 1607 1922 
8691 1549 1249 1893 2082 
8692 632 911 2061 2062 
8693 1807 1458 1606 1904 
8694 1415 1658 1416 1845 
8695 681 683 345 1911 
8696 1443 1145 1091 2111 
8697 1668 1306 1305 2160 
8698 1157 989 2004 2076 
8699 481 670 491 1927 
8700 16 1162 1118 272 
8701 1161 1097 14 270 
8702 866 2084 714 2120 
8703 1038 223 1032 1548 
8704 1404 1792 1877 2072 
8705 1401 2120 2084 2142 
8706 1551 982 171 1994 
8707 1591 246 1154 1880 
8708 1424 1274 1518 2037 
8709 1036 101 1046 1990 
8710 1326 1349 1608 2053 
8711 879 935 300 1928 
8712 547 526 525 1974 
8713 810 1974 949 2048 
8714 897 1027 73 310 
8715 1055 208 1741 1030 
8716 397 1955 1904 2057 
8717 314 673 950 1951 
8718 1717 1512 1267 2117 
8719 1583 182 1013 1001 
8720 408 1952 410 2123 
8721 1624 1580 1327 2011 
8722 1489 1490 1372 1941 
8723 1444 1146 262 1111 
8724 1145 1443 1091 254 
8725 361 362 359 2036 
8726 961 151 988 1132 
8727 825 617 616 2101 
8728 442 2019 1973 2114 
8729 1127 1929 1554 2079 
8730 1346 1885 1934 2125 
8731 645 649 644 1956 
8732 183 1583 1139 2078 
8733 849 753 564 2145 
8734 612 954 884 2026 
8735 1055 1141 209 1035 
8736 1284 2056 1817 2087 
8737 1740 1515 1160 2024 
8738 395 442 743 2114 
8739 1251 1461 1966 2143 
8740 783 470 482 2088 
8741 1763 1779 1257 2017 
8742 1155 1713 1593 2113 
8743 751 901 963 2115 
8744 309 944 19 1965 
8745 603 891 553 2087 
8746 69 1014 1007 852 
8747 434 392 568 2065 
8748 434 393 2065 2125 
8749 993 52 969 730 
8750 1433 1615 1434 2122 
8751 936 844 318 2134 
8752 650 1876 1820 2140 
8753 347 354 770 1912 
8754 738 884 736 2151 
8755 1159 1805 1951 2089 
8756 1376 1764 1780 2040 
8757 898 860 737 2022 
8758 14 1405 1722 1083 
8759 595 880 1082 2159 
8760 1931 2018 572 2089 
8761 1167 1126 1168 2148 
8762 990 1119 148 960 
8763 1117 125 321 279 
8764 545 612 776 1986 
8765 1702 1165 1701 2116 
8766 1520 1647 1510 1982 
8767 590 572 950 2089 
8768 1507 1386 1508 1947 
8769 1041 1031 87 306 
8770 335 337 336 2104 
8771 232 1420 1022 1603 
8772 977 1976 1676 2034 
8773 1715 1563 1564 1990 
8774 1486 1682 1744 1864 
8775 1338 1634 1337 2157 
8776 1675 1761 204 1023 
8777 1733 1027 1052 1997 
8778 714 779 838 1968 
8779 914 664 721 1980 
8780 276 1046 1990 2126 
8781 776 738 493 1949 
8782 805 1898 918 2100 
8783 814 874 569 2068 
8784 568 710 709 1961 
8785 1378 1928 1662 2136 
8786 1794 2073 1864 2136 
8787 735 2086 736 2153 
8788 930 360 835 1842 
8789 1454 1954 1481 2034 
8790 215 1019 1783 2018 
8791 1040 1021 217 1951 
8792 1189 1188 1191 1959 
8793 375 374 395 2114 
8794 801 446 445 2105 
8795 1147 177 993 2090 
8796 1466 2061 1691 2062 
8797 949 1974 547 2050 
8798 1780 1146 1928 2135 
8799 435 437 436 2125 
8800 1493 2026 1986 2151 
8801 1475 1860 1806 1987 
8802 1175 1174 1176 1835 
8803 561 558 559 2045 
8804 1488 1770 1426 2087 
8805 1469 1549 1861 2082 
8806 1081 250 1137 1084 
8807 1485 1284 1817 2087 
8808 1611 1573 1782 1969 
8809 1570 230 1034 2096 
8810 756 310 74 1897 
8811 1192 1627 1191 2119 
8812 1673 1273 1677 1953 
8813 1801 1897 1156 1997 
8814 761 781 367 2029 
8815 1641 1226 1260 2043 
8816 1634 1338 1642 1981 
8817 1147 1604 177 2090 
8818 549 798 896 2130 
8819 1566 1567 1128 2046 
8820 1304 1305 1303 1894 
8821 803 524 789 2110 
8822 563 631 893 2016 
8823 1511 1520 1510 2023 
8824 447 2021 625 2112 
8825 852 1007 69 320 
8826 1393 1385 1751 1871 
8827 1497 1063 1068 239 
8828 1153 192 1012 1854 
8829 1011 1695 188 1005 
8830 1682 1864 1794 2073 
8831 1165 247 1591 2116 
8832 455 458 457 2075 
8833 1127 1553 1554 1929 
8834 1773 1417 1597 2097 
8835 554 548 534 1901 
8836 1584 1069 236 1164 
8837 309 755 943 2113 
8838 1401 1693 1546 2084 
8839 1021 1040 93 1951 
8840 1263 1264 1511 2023 
8841 892 862 600 2102 
8842 1401 2084 1546 2142 
8843 923 571 604 1977 
8844 1014 192 1592 1854 
8845 1700 1733 196 1052 
8846 1600 1599 1418 2032 
8847 246 1066 1154 1880 
8848 327 340 329 1933 
8849 928 305 908 1878 
8850 304 883 130 1101 
8851 1607 1564 1748 1922 
8852 300 1928 935 2135 
8853 1402 1425 1723 1841 
8854 542 516 515 1969 
8855 697 970 29 984 
8856 1597 201 1043 2097 
8857 1429 1212 1214 1910 
8858 1009 1003 185 2139 
8859 1770 1152 1724 1878 
8860 1122 1990 1046 2126 
8861 1237 1239 1238 2060 
8862 1207 2013 1208 2131 
8863 461 812 466 1938 
8864 1363 1364 1362 1985 
8865 582 594 919 1929 
8866 429 630 814 1989 
8867 1164 1710 2127 2134 
8868 1046 225 1036 1990 
8869 1511 1512 1520 1945 
8870 1463 1988 1464 2101 
8871 1049 215 1703 2018 
8872 1773 1596 1437 2014 
8873 1577 1272 1578 2088 
8874 500 496 486 1943 
8875 784 507 504 1918 
8876 1829 2100 803 2110 
8877 293 741 59 2078 
8878 185 1498 1797 2139 
8879 441 799 885 1877 
8880 845 719 711 2034 
8881 1426 1878 2056 2087 
8882 576 546 862 2102 
8883 585 584 556 1936 
8884 255 1091 1145 1447 
8885 1109 1114 1115 2135 
8886 1350 1354 1349 1984 
8887 580 743 920 2055 
8888 473 464 462 2071 
8889 705 704 706 1923 
8890 322 279 323 2047 
8891 1279 1438 1687 2110 
8892 582 1865 424 2154 
8893 1750 1697 1282 2007 
8894 1780 1474 1146 2135 
8895 409 408 407 1952 
8896 1541 220 1045 1814 
8897 1383 1381 1925 2149 
8898 968 1121 171 1994 
8899 1459 1252 1460 2038 
8900 1417 2097 1773 2147 
8901 1188 1185 1651 1937 
8902 1402 1970 1378 2136 
8903 1046 224 1122 2126 
8904 378 377 376 1899 
8905 1132 1664 1730 2124 
8906 1113 1117 1109 2047 
8907 769 497 759 1940 
8908 839 575 836 2058 
8909 419 838 2093 2120 
8910 586 542 544 1873 
8911 648 673 642 2144 
8912 1780 1146 1662 1928 
8913 871 2073 1928 2136 
8914 297 630 840 2024 
8915 100 1046 276 2126 
8916 379 377 378 1899 
8917 348 351 350 1926 
8918 730 731 729 1960 
8919 1051 756 74 1897 
8920 221 1134 1048 1876 
8921 508 517 505 1907 
8922 687 979 38 1987 
8923 1645 1522 1428 2005 
8924 552 1930 1817 2111 
8925 74 310 1027 1897 
8926 1171 1649 1168 2130 
8927 827 717 916 1983 
8928 1569 1567 1782 1873 
8929 752 54 564 2059 
8930 620 433 832 1941 
8931 1758 1465 1124 2054 
8932 280 598 591 2148 
8933 501 527 494 2003 
8934 308 1066 122 1880 
8935 603 551 810 2056 
8936 1108 1167 1738 2021 
8937 1278 1418 1279 1975 
8938 1502 1394 1767 1906 
8939 1518 1542 1896 1956 
8940 761 796 1884 2057 
8941 1371 1606 1458 1955 
8942 550 551 552 1930 
8943 1086 1085 303 2006 
8944 1022 1042 1420 232 
8945 1293 1295 1933 2152 
8946 583 1979 958 2133 
8947 1349 1327 1350 1984 
8948 1293 1291 1654 1869 
8949 1604 967 177 2090 
8950 687 38 313 1987 
8951 1572 2096 1571 2138 
8952 1073 1880 1591 2116 
8953 609 616 2063 2064 
8954 1296 1640 1427 1967 
8955 249 1737 1137 1084 
8956 404 1886 1968 2053 
8957 559 923 604 2044 
8958 1812 1469 1861 2137 
8959 298 94 1020 2150 
8960 930 322 360 1917 
8961 748 308 122 1880 
8962 1807 1606 1719 2057 
8963 996 313 38 1987 
8964 595 5 1082 880 
8965 871 1928 443 2136 
8966 1629 1921 1207 2131 
8967 822 950 572 2018 
8968 1794 1864 1403 2136 
8969 1742 1812 1142 2137 
8970 661 667 668 2099 
8971 490 491 764 2051 
8972 321 279 322 2047 
8973 1317 1620 1324 2029 
8974 1330 1380 1521 1952 
8975 982 870 47 1994 
8976 1401 1698 1352 2120 
8977 1259 1284 1283 2056 
8978 805 929 918 1898 
8979 1426 2056 1284 2087 
8980 597 1900 570 2068 
8981 961 977 150 2034 
8982 1052 196 1700 1026 
8983 424 582 809 1865 
8984 699 2008 697 2137 
8985 629 313 840 2024 
8986 1306 1303 1305 1894 
8987 660 661 659 2131 
8988 520 550 674 2017 
8989 47 275 968 1994 
8990 937 450 448 1945 
8991 282 2046 940 2052 
8992 1417 1735 1598 2097 
8993 1437 1773 2014 2147 
8994 417 587 427 1942 
8995 619 433 620 2139 
8996 1658 1487 1804 2027 
8997 1485 1284 1681 1817 
8998 1775 1057 1420 2121 
8999 26 718 977 2034 
9000 838 406 419 2093 
9001 1680 1686 1616 1935 
9002 871 1864 2073 2136 
9003 531 530 522 2010 
9004 1488 1657 1157 2004 
9005 1061 111 318 1069 
9006 1766 1089 1093 256 
9007 1109 1765 264 1113 
9008 1612 1355 1357 2077 
9009 467 464 829 2080 
9010 57 849 1002 2145 
9011 1452 1945 1512 2042 
9012 161 1784 1704 979 
9013 1353 1380 1330 1952 
9014 1572 1755 1625 2134 
9015 300 321 579 2135 
9016 1469 2082 1861 2137 
9017 1353 1381 1380 2149 
9018 1463 1439 2063 2064 
9019 906 119 1065 1071 
9020 653 664 760 2128 
9021 1396 1389 1397 2069 
9022 430 958 626 1860 
9023 1597 1598 201 2097 
9024 1368 1467 1379 2065 
9025 887 1003 1009 2139 
9026 655 720 664 1980 
9027 963 18 751 987 
9028 1559 1560 1147 2090 
9029 584 583 556 1979 
9030 348 350 343 1926 
9031 1572 1148 1571 2096 
9032 181 1013 1002 2145 
9033 1139 1491 1489 2078 
9034 312 35 989 2004 
9035 220 1024 1045 1814 
9036 745 746 910 2038 
9037 834 705 804 1967 
9038 181 1163 1013 2145 
9039 598 864 948 1996 
9040 1478 1805 1703 2089 
9041 706 704 732 1923 
9042 1262 1261 1234 2128 
9043 585 556 851 1993 
9044 1562 1561 1786 2049 
9045 261 1162 1444 1118 
9046 1161 1097 1443 253 
9047 185 1003 1498 2139 
9048 731 2030 837 2095 
9049 1108 1105 1738 257 
9050 332 333 334 1914 
9051 641 1040 94 2150 
9052 1482 1633 1641 2070 
9053 319 124 955 1078 
9054 275 47 870 1994 
9055 569 597 570 2068 
9056 1558 969 175 1960 
9057 1657 1410 1409 1936 
9058 935 1115 127 300 
9059 293 1008 60 1003 
9060 1436 1616 1686 1935 
9061 431 384 422 1985 
9062 994 33 974 692 
9063 1013 57 1002 2145 
9064 1618 1490 1614 1962 
9065 829 473 878 1870 
9066 1281 1282 1233 2000 
9067 457 459 792 1874 
9068 1334 1333 1332 1911 
9069 1604 2059 967 2090 
9070 472 474 475 1905 
9071 1014 1166 193 1007 
9072 1630 1968 1886 2053 
9073 1613 1574 1785 2028 
9074 686 937 489 2117 
9075 909 588 530 1932 
9076 1473 1447 1145 2132 
9077 1170 1169 1535 2085 
9078 1166 1778 1016 2107 
9079 531 746 749 2038 
9080 861 1043 77 2097 
9081 791 573 726 1890 
9082 979 162 996 1987 
9083 770 354 383 1912 
9084 612 2026 884 2151 
9085 1772 1740 1423 2024 
9086 251 1150 1080 2006 
9087 1014 852 68 1854 
9088 1040 641 1951 2150 
9089 838 866 714 2120 
9090 830 330 683 1889 
9091 1423 1767 1394 1989 
9092 1557 1960 2041 2095 
9093 723 890 900 1972 
9094 1045 1020 219 1896 
9095 1299 1298 1331 1914 
9096 684 572 913 2018 
9097 676 816 806 2123 
9098 1092 316 8 270 
9099 37 687 846 964 
9100 583 1979 2133 2141 
9101 1454 1280 1481 1954 
9102 970 988 152 1730 
9103 986 564 54 2059 
9104 748 1880 1073 2116 
9105 622 834 624 2106 
9106 1020 1045 95 1896 
9107 727 51 730 1960 
9108 1560 1626 1604 2059 
9109 835 360 634 2081 
9110 934 303 137 1085 
9111 396 581 951 2066 
9112 53 993 967 2090 
9113 1027 197 1733 1052 
9114 841 568 709 2156 
9115 1163 182 1013 1583 
9116 465 468 469 1863 
9117 1048 97 1024 1876 
9118 1809 1412 1501 2067 
9119 1598 1029 201 2097 
9120 883 304 560 2067 
9121 887 61 1009 1003 
9122 1020 1896 298 2150 
9123 992 1556 175 1960 
9124 902 42 931 972 
9125 952 883 560 2105 
9126 511 807 506 1866 
9127 331 333 332 1914 
9128 263 1109 1111 2135 
9129 765 574 358 2118 
9130 276 715 100 2126 
9131 247 1073 1591 2116 
9132 499 523 724 1868 
9133 1157 989 159 2004 
9134 1043 201 1029 2097 
9135 1921 1922 659 2131 
9136 1668 1308 1670 1939 
9137 1089 255 1447 2132 
9138 1337 1964 1840 2157 
9139 410 2123 1952 2149 
9140 1409 1407 1408 1979 
9141 1540 1711 1698 2098 
9142 1798 240 1068 2153 
9143 1098 271 280 2148 
9144 251 1081 1446 2006 
9145 1778 195 1058 2107 
9146 1406 1810 1408 2133 
9147 935 127 1110 566 
9148 1676 977 149 1976 
9149 1541 1896 1542 2140 
9150 676 2098 816 2123 
9151 1480 1809 1768 1815 
9152 1203 1208 1207 2013 
9153 1702 1701 2115 2116 
9154 1155 143 1734 1965 
9155 513 539 522 1966 
9156 1213 1586 1431 1963 
9157 761 796 795 1884 
9158 1295 1823 1933 2152 
9159 495 820 503 1963 
9160 300 1115 126 1114 
9161 1414 1412 1809 2045 
9162 1640 1646 1427 1967 
9163 1023 1761 204 1044 
9164 1484 1131 1483 2103 
9165 1113 1765 1125 2047 
9166 729 386 2041 2095 
9167 1744 1977 1721 2044 
9168 1405 1406 1407 2141 
9169 1285 1791 1731 1974 
9170 1712 1234 1697 1836 
9171 1521 1505 1427 2020 
9172 1458 1456 1371 2066 
9173 590 950 673 2089 
9174 718 1976 977 2034 
9175 1449 2109 1450 2161 
9176 748 1073 123 2116 
9177 1536 1288 1656 1917 
9178 1210 1206 1629 1921 
9179 309 19 978 1965 
9180 785 343 703 2015 
9181 1610 1692 1690 2019 
9182 1689 1691 1466 2061 
9183 1494 1493 1986 2151 
9184 1671 1433 1577 1903 
9185 821 326 1999 2146 
9186 595 596 917 2159 
9187 1374 1376 1375 2040 
9188 959 23 892 990 
9189 1184 1186 1187 1944 
9190 717 274 716 1891 
9191 618 552 1817 2111 
9192 47 968 982 1994 
9193 1593 1713 1594 2113 
9194 1591 1073 246 1880 
9195 1353 2123 1381 2149 
9196 1678 1628 1674 1991 
9197 1541 219 1144 1896 
9198 673 648 915 2144 
9199 1236 1248 1235 1830 
9200 494 527 638 2003 
9201 858 1973 442 2019 
9202 1715 1564 1607 1971 
9203 1042 1420 1057 2121 
9204 729 1960 731 2095 
9205 713 2084 866 2142 
9206 969 730 51 1960 
9207 509 521 529 1883 
9208 866 2084 2120 2142 
9209 1755 1574 1496 2028 
9210 1677 1683 1199 1909 
9211 1400 1352 1329 2093 
9212 1557 1781 1561 2095 
9213 171 982 968 1994 
9214 292 447 625 2112 
9215 1653 1190 1526 1919 
9216 1193 1982 1824 2091 
9217 195 1778 1700 2107 
9218 1378 1402 1377 1970 
9219 1735 1397 1636 1983 
9220 851 316 618 1993 
9221 758 757 397 1904 
9222 221 1048 1024 1876 
9223 735 736 734 2153 
9224 303 1086 138 1085 
9225 727 992 51 1960 
9226 571 566 871 2073 
9227 1709 1420 1625 2121 
9228 581 924 951 2066 
9229 1313 1310 1314 1926 
9230 369 768 386 2077 
9231 570 675 676 1900 
9232 361 369 362 2036 
9233 674 518 520 2017 
9234 1419 2059 1626 2145 
9235 122 1073 748 1880 
9236 1256 1255 1257 2017 
9237 321 300 126 1114 
9238 766 421 379 1957 
9239 977 961 26 2034 
9240 1207 1208 1230 2131 
9241 642 641 298 2150 
9242 35 975 989 2004 
9243 1739 1424 1771 2144 
9244 313 629 882 1987 
9245 307 68 852 1854 
9246 1029 77 1043 2097 
9247 1179 1180 1178 1874 
9248 967 2059 752 2090 
9249 1122 224 1548 2126 
9250 91 1049 822 2018 
9251 636 430 1906 2133 
9252 711 286 845 2124 
9253 539 745 910 2143 
9254 1103 625 7 271 
9255 1516 1040 1951 2150 
9256 1652 1307 1304 1902 
9257 705 834 420 1967 
9258 1575 1672 1435 2001 
9259 963 141 1702 997 
9260 338 785 336 1902 
9261 687 37 979 964 
9262 292 625 132 1103 
9263 528 678 864 2085 
9264 993 177 967 2090 
9265 1469 1549 1812 1861 
9266 1288 1536 1289 1917 
9267 1669 1197 1671 1875 
9268 1064 1074 241 1726 
9269 821 326 349 1999 
9270 1107 16 1721 1411 
9271 143 987 1734 1965 
9272 1538 1539 1537 1900 
9273 373 364 363 1892 
9274 1106 260 1107 2083 
9275 632 906 284 2062 
9276 936 2127 601 2134 
9277 878 722 668 2013 
9278 792 690 820 1819 
9279 1783 1019 214 1158 
9280 350 355 356 1859 
9281 1094 133 591 1098 
9282 1307 1311 1310 2015 
9283 1383 1382 1381 2149 
9284 572 561 567 1931 
9285 1463 1757 1439 2064 
9286 575 817 512 1872 
9287 1148 1054 230 2096 
9288 366 358 368 1916 
9289 901 2115 749 2116 
9290 803 759 532 1829 
9291 422 384 365 1985 
9292 567 613 913 1845 
9293 727 728 281 2079 
9294 1437 2094 1398 2147 
9295 1525 1431 1526 1818 
9296 307 1012 68 1854 
9297 1305 1307 1308 1838 
9298 899 571 871 1864 
9299 907 721 478 2005 
9300 1364 1363 1365 1985 
9301 684 1019 91 2018 
9302 1325 1326 1630 2053 
9303 762 529 689 1839 
9304 1378 1662 1794 2136 
9305 432 815 384 1867 
9306 1166 1016 1007 2107 
9307 614 571 899 1864 
9308 278 117 942 1074 
9309 855 538 674 1826 
9310 1067 247 1165 2116 
9311 1533 1373 1346 1934 
9312 1477 1806 1475 1860 
9313 1315 1314 1317 1915 
9314 1341 1324 1343 1946 
9315 1119 1676 149 1976 
9316 852 607 920 1854 
9317 91 822 684 2018 
9318 1362 1372 1618 2002 
9319 738 737 860 1949 
9320 1611 1238 1241 2051 
9321 640 908 639 2004 
9322 680 683 681 1911 
9323 334 786 345 1850 
9324 304 1102 557 2083 
9325 337 339 338 1894 
9326 1113 269 1117 2047 
9327 658 660 659 1922 
9328 1020 1144 1896 2150 
9329 1785 1241 1613 1895 
9330 954 612 611 1986 
9331 999 986 179 1776 
9332 1051 1027 198 1897 
9333 975 1513 159 2004 
9334 386 837 2049 2095 
9335 1378 1780 1662 1928 
9336 1566 1565 1715 2052 
9337 1421 1535 1655 1992 
9338 996 38 979 1987 
9339 340 624 329 1933 
9340 1215 1216 1214 1855 
9341 861 77 886 2097 
9342 975 159 989 2004 
9343 939 728 768 2041 
9344 1409 1410 1407 1979 
9345 451 638 798 1816 
9346 1295 1294 1293 1933 
9347 467 470 468 1848 
9348 1766 1996 1169 2148 
9349 240 1798 1124 2153 
9350 1052 1027 73 897 
9351 836 784 831 1855 
9352 1381 1711 1925 2123 
9353 1230 1235 1247 2099 
9354 445 292 131 1100 
9355 980 42 902 972 
9356 1293 1585 1295 2152 
9357 347 346 352 1853 
9358 1029 886 77 2097 
9359 1639 1181 1200 1846 
9360 1396 1397 1398 2069 
9361 1802 1965 1471 2039 
9362 773 399 790 1881 
9363 1323 1342 1680 1916 
9364 1361 1362 1359 1856 
9365 1271 1245 1621 2086 
9366 1414 1809 1480 1815 
9367 395 396 375 1955 
9368 1483 1399 1484 2129 
9369 1082 1079 140 291 
9370 436 634 635 1934 
9371 1454 1269 1280 1954 
9372 1419 1626 1707 2145 
9373 1193 1175 1177 1824 
9374 821 349 635 1999 
9375 1764 1422 1656 1842 
9376 883 2067 560 2105 
9377 1321 1646 1319 1923 
9378 587 417 637 2161 
9379 715 1032 100 2126 
9380 1356 1350 1580 1881 
9381 1562 1560 1559 2030 
9382 1212 1179 1213 1819 
9383 1637 1201 1183 2071 
9384 393 1885 2065 2125 
9385 1167 1168 1649 2021 
9386 519 518 508 1821 
9387 1312 1296 1427 2106 
9388 1249 1250 1549 1893 
9389 1342 1690 1686 1862 
9390 1461 1754 1788 1924 
9391 893 587 637 2161 
9392 903 618 1090 2111 
9393 1244 1246 1245 2022 
9394 811 765 787 1833 
9395 502 503 504 1818 
9396 1532 1791 1531 2050 
9397 1649 1225 1745 2130 
9398 1229 1221 1228 1831 
9399 1627 1199 1195 1844 
9400 574 818 368 1935 
9401 810 547 949 1974 
9402 1382 1507 1506 1888 
9403 1083 270 1087 2141 
9404 1352 2093 1400 2120 
9405 1794 1682 1403 1864 
9406 402 404 403 2053 
9407 6 557 1102 272 
9408 420 407 704 1827 
9409 1461 1754 1924 2143 
9410 534 548 500 1901 
9411 478 900 890 1972 
9412 376 373 394 2069 
9413 1345 1368 1379 2065 
9414 1504 1535 1421 1992 
9415 335 344 791 1822 
9416 1225 1173 1647 1816 
9417 1157 159 1513 2004 
9418 357 355 351 1915 
9419 1506 1648 1312 1852 
9420 410 408 409 1952 
9421 1490 1492 1614 1962 
9422 1296 1295 1297 1823 
9423 1615 1197 1679 1857 
9424 536 957 525 1893 
9425 772 409 420 2020 
9426 400 402 401 1843 
9427 621 340 793 1958 
9428 542 515 544 1969 
9429 70 1007 1018 938 
9430 1398 1437 1688 2094 
9431 1124 241 1074 1726 
9432 1576 1575 1391 1912 
9433 1301 1302 1300 1822 
9434 1634 1484 1399 2129 
9435 1226 1220 1227 1866 
9436 1205 1224 1222 1847 
9437 1087 270 8 555 
9438 1267 1511 1264 2117 
9439 1602 1340 1348 1957 
9440 484 476 475 1844 
9441 1358 1357 1356 1887 
9442 100 1032 1046 2126 
9443 1714 1156 1801 1897 
9444 263 1111 1146 2135 
9445 381 398 766 1840 
9446 309 943 750 1965 
9447 1337 1340 1335 1840 
9448 56 1015 849 927 
9449 436 635 712 1934 
9450 483 494 456 1835 
9451 1602 1674 1666 1837 
9452 462 463 461 1832 
9453 1493 1495 1494 1986 
9454 1541 1045 219 1896 
9455 215 1049 1019 2018 
9456 1781 1367 1612 2077 
9457 1046 1032 224 2126 
9458 773 361 353 1887 
9459 1328 1521 1646 1827 
9460 1287 1289 1290 1858 
9461 463 464 465 1944 
9462 1087 555 934 2141 
9463 1066 1073 122 1880 
9464 1448 1109 263 2135 
9465 701 421 702 1837 
9466 920 607 580 2055 
9467 1032 1548 224 2126 
9468 1296 1312 1294 2106 
9469 1462 1713 1802 1932 
9470 1263 1509 1261 1879 
9471 365 359 778 1856 
9472 1349 1366 1608 2154 
9473 1158 1019 214 1037 
9474 341 343 338 1838 
9475 1441 1442 1465 2054 
9476 1524 1523 1432 1828 
9477 692 928 949 2048 
9478 698 2082 699 2137 
9479 1744 1721 1416 2044 
9480 519 536 525 1893 
9481 890 473 462 2071 
9482 572 590 561 1931 
9483 561 863 558 2045 
9484 767 533 486 1857 
9485 1581 1272 1239 1834 
9486 543 545 516 2028 
9487 1499 1390 2035 2139 
9488 1080 1150 252 1083 
9489 1660 1587 1579 1853 
9490 1020 94 1040 2150 
9491 117 1064 942 1074 
9492 251 1446 1150 2006 
9493 1184 1183 1182 1832 
9494 1042 1060 926 2121 
9495 1171 1168 1170 1849 
9496 1670 1316 1672 1833 
9497 1452 2042 1451 2112 
9498 1688 1684 1398 2094 
9499 301 873 731 2090 
9500 1077 1060 1057 2121 
9501 320 867 608 2107 
9502 899 871 444 2136 
9503 827 376 394 2069 
9504 1337 1634 1347 1964 
9505 331 624 804 1823 
9506 1392 1348 1389 1899 
9507 246 1073 1066 1880 
9508 1166 1778 194 1016 
9509 1777 248 1165 1076 
9510 1100 292 132 1103 
9511 1325 1630 1329 1886 
9512 1488 1513 1770 2004 
9513 1034 230 1054 2096 
9514 1556 1127 1555 2079 
9515 1222 1251 1609 1966 
9516 341 342 787 1939 
9517 1538 1537 1517 2068 
9518 389 381 388 1964 
9519 1738 1105 1138 257 
9520 1430 1632 1331 1850 
9521 801 489 446 2042 
9522 1203 1623 1208 2013 
9523 538 855 948 1826 
9524 644 648 642 2037 
9525 1027 1051 74 1897 
9526 195 1026 1058 2107 
9527 1240 1242 1243 1851 
9528 1651 1665 1192 1839 
9529 866 713 714 2084 
9530 651 647 650 1820 
9531 1014 1012 192 1854 
9532 1573 1569 1782 1873 
9533 987 19 944 1965 
9534 1419 178 1604 2059 
9535 1385 1384 1751 1871 
9536 1101 1102 304 2083 
9537 1661 1145 1443 2111 
9538 1273 1270 1277 1868 
9539 1396 1684 1678 1892 
9540 1346 1369 1368 2125 
9541 945 426 916 1920 
9542 725 839 510 1831 
9543 1141 1811 1529 2012 
9544 1075 1775 1709 2121 
9545 1096 1091 1090 2111 
9546 1428 1639 1645 2005 
9547 867 938 1059 2107 
9548 1412 2067 2045 2083 
9549 1155 978 143 1965 
9550 356 364 701 1991 
9551 1480 1768 1739 2144 
9552 1578 1588 1667 1848 
9553 1034 1054 106 2096 
9554 543 771 602 2138 
9555 1550 1375 1732 1948 
9556 793 385 631 2031 
9557 1314 1628 1318 1859 
9558 1604 178 967 2059 
9559 1234 1233 1697 1836 
9560 1415 1414 1478 1931 
9561 564 998 55 927 
9562 449 448 450 1945 
9563 829 878 670 1870 
9564 795 781 761 1884 
9565 1692 1610 1457 2019 
9566 383 815 811 2001 
9567 452 450 487 2023 
9568 810 949 928 2048 
9569 273 960 25 1976 
9570 1320 1302 1638 1890 
9571 1012 1014 68 1854 
9572 400 399 371 2011 
9573 1060 926 109 1042 
9574 1449 1450 1508 2161 
9575 817 865 541 2070 
9576 1763 1655 1473 1826 
9577 1446 250 1137 1081 
9578 1458 1807 1714 1904 
9579 1306 1660 1638 2033 
9580 576 826 724 1882 
9581 7 280 1098 271 
9582 777 824 442 2019 
9583 1454 1481 1676 2034 
9584 1365 1435 1436 1867 
9585 123 319 748 2116 
9586 1186 1189 1667 1863 
9587 1017 180 1002 1776 
9588 1077 110 926 1061 
9589 368 823 777 1862 
9590 1283 1284 1426 2056 
9591 830 682 349 1828 
9592 195 1700 1026 2107 
9593 1659 1582 1623 1870 
9594 1633 1218 1219 1872 
9595 718 273 25 1976 
9596 1367 1781 1555 2041 
9597 901 749 319 2116 
9598 129 557 304 1102 
9599 750 1965 2039 2115 
9600 412 415 806 1925 
9601 406 404 405 1886 
9602 411 562 413 1888 
9603 1338 1345 1642 1981 
9604 1217 1525 1220 1918 
9605 300 579 879 2135 
9606 393 712 391 1885 
9607 783 767 471 1875 
9608 382 794 778 2002 
9609 1077 926 1060 2121 
9610 1132 1481 1482 2124 
9611 905 441 885 1877 
9612 563 893 637 2016 
9613 752 967 54 2059 
9614 1687 1720 1232 1829 
9615 322 324 360 1917 
9616 311 913 613 2027 
9617 768 729 386 2041 
9618 439 835 437 2040 
9619 408 410 816 2123 
9620 615 877 311 2027 
9621 1478 1703 1479 2018 
9622 944 751 18 987 
9623 750 2039 749 2115 
9624 698 1861 2082 2137 
9625 738 776 612 2151 
9626 482 808 800 1903 
9627 636 430 428 1906 
9628 1753 1589 1787 1973 
9629 1332 1585 1432 1889 
9630 739 884 294 2026 
9631 1665 1643 1601 1883 
9632 280 591 133 1098 
9633 1182 1180 1631 1938 
9634 1018 938 1007 2107 
9635 1534 1504 1254 1907 
9636 595 1082 140 291 
9637 472 733 469 1959 
9638 1402 1378 1403 2136 
9639 424 403 425 2154 
9640 789 498 484 1909 
9641 1718 1508 1386 2161 
9642 509 485 499 1953 
9643 1419 986 178 2059 
9644 6 272 1112 315 
9645 1471 2039 1965 2115 
9646 1469 1249 1549 2082 
9647 1075 1709 1061 2121 
9648 838 779 404 1968 
9649 1049 91 1019 2018 
9650 626 583 584 1979 
9651 1776 986 179 1419 
9652 1194 1195 1196 1905 
9653 1339 1346 1345 1885 
9654 1399 1453 1388 1920 
9655 546 523 524 1975 
9656 1164 1625 1710 2134 
9657 282 940 669 2052 
9658 969 992 175 1960 
9659 397 757 796 2057 
9660 1131 1663 1729 2103 
9661 1493 1140 1495 2026 
9662 511 512 540 2043 
9663 1207 1230 1607 2131 
9664 621 562 622 1852 
9665 1344 1746 1650 2031 
9666 636 958 430 2133 
9667 453 451 452 1982 
9668 1094 134 1095 2132 
9669 537 690 688 1910 
9670 592 387 593 2155 
9671 1237 1231 1582 1927 
9672 1491 1708 1492 2155 
9673 326 327 328 1869 
9674 823 610 617 1988 
9675 1629 1206 1207 1921 
9676 653 651 654 1836 
9677 1705 1796 1276 2105 
9678 392 391 390 1981 
9679 1169 1168 1126 2148 
9680 558 304 557 2083 
9681 382 387 577 1962 
9682 1127 1554 1555 2079 
9683 689 812 763 1937 
9684 583 626 958 1979 
9685 1377 1402 1404 1970 
9686 55 986 998 564 
9687 565 850 844 2121 
9688 657 655 656 1913 
9689 1093 271 1098 2148 
9690 605 940 853 2046 
9691 718 25 977 1976 
9692 269 1286 1088 2159 
9693 1074 278 116 2153 
9694 1364 1622 1390 2035 
9695 1688 1351 1620 1884 
9696 665 660 666 1971 
9697 643 298 802 1896 
9698 194 1166 1016 1007 
9699 1165 248 1067 1076 
9700 1057 1775 1420 233 
9701 603 553 551 2056 
9702 1241 1617 1613 1895 
9703 979 161 1784 964 
9704 1150 1405 252 1083 
9705 1202 1206 1209 2009 
9706 1269 1635 1270 1882 
9707 1619 1205 1198 1940 
9708 455 456 453 1824 
9709 867 71 1059 938 
9710 1644 1666 1430 2025 
9711 1536 1422 1503 2081 
9712 1336 1523 1339 1950 
9713 1149 260 1106 2083 
9714 1204 1223 1679 1943 
9715 1243 1245 1253 1949 
9716 1685 1689 1442 1901 
9717 735 868 775 2054 
9718 871 935 1928 2073 
9719 206 1131 1729 1025 
9720 901 751 749 2115 
9721 444 871 443 2136 
9722 1512 1452 1745 1945 
9723 926 1077 1061 2121 
9724 1404 1527 1792 2072 
9725 1211 1522 1209 1980 
9726 1102 304 129 1101 
9727 1803 1488 1485 2087 
9728 1080 1085 1086 2006 
9729 1068 240 1074 2153 
9730 1067 1073 247 2116 
9731 1766 1169 1126 2148 
9732 1723 1527 1404 2072 
9733 1741 1467 1811 2156 
9734 1159 1739 1516 1951 
9735 569 415 416 1871 
9736 1551 1121 1552 1994 
9737 1496 1494 1495 1986 
9738 388 381 380 1964 
9739 1067 123 1073 2116 
9740 647 652 685 1998 
9741 438 435 799 1948 
9742 1640 1297 1300 2074 
9743 969 51 992 1960 
9744 1682 1162 1744 1977 
9745 1417 1437 1398 2147 
9746 850 926 110 1061 
9747 1159 1805 1739 1951 
9748 1475 1806 1704 1987 
9749 618 316 136 1092 
9750 380 916 426 1920 
9751 513 514 497 1847 
9752 590 915 863 1815 
9753 1250 1254 1255 1821 
9754 1804 1416 1658 1845 
9755 1512 2042 1945 2117 
9756 1411 1107 260 2083 
9757 1724 1426 1770 1878 
9758 1721 1411 1413 2044 
9759 1221 1216 1218 2058 
9760 1015 1002 56 849 
9761 565 754 108 1042 
9762 911 774 548 2061 
9763 442 858 743 1973 
9764 845 541 865 2070 
9765 1501 1276 1275 1825 
9766 1790 1366 1354 1865 
9767 1791 1285 1530 2048 
9768 626 882 430 1860 
9769 1800 1676 1119 1976 
9770 1588 1659 1187 2080 
9771 552 851 618 1817 
9772 1112 1110 128 566 
9773 1681 1161 1743 1993 
9774 780 276 847 1990 
9775 1278 1279 1277 1975 
9776 425 582 424 2154 
9777 143 978 987 1965 
9778 1801 1156 1733 1997 
9779 325 323 385 1858 
9780 1524 1309 1503 1999 
9781 1153 1727 1592 1854 
9782 390 388 859 2129 
9783 1448 263 1146 2135 
9784 1119 149 960 1976 
9785 357 367 781 2029 
9786 1801 1997 1472 2066 
9787 1420 1042 1057 233 
9788 1622 1499 1390 2035 
9789 13 1286 1088 269 
9790 1167 1108 15 271 
9791 650 691 288 1876 
9792 1701 1165 1591 2116 
9793 1387 1395 1718 1942 
9794 729 2041 1960 2095 
9795 1760 1712 1544 1820 
9796 218 1144 1020 2150 
9797 1692 1129 1464 2101 
9798 1766 1447 1089 256 
9799 264 1448 1765 1109 
9800 1381 2123 1925 2149 
9801 1485 1426 1284 2087 
9802 1042 754 108 1022 
9803 487 932 452 2023 
9804 779 828 425 1995 
9805 1418 1599 1774 2032 
9806 1193 1510 1647 1982 
9807 751 901 18 963 
9808 1059 938 1018 2107 
9809 447 549 625 2021 
9810 868 554 775 2054 
9811 765 358 351 2118 
9812 623 274 717 1983 
9813 1233 1210 1281 1913 
9814 373 795 423 2094 
9815 987 978 19 1965 
9816 977 960 149 1976 
9817 919 281 728 2079 
9818 604 613 567 1845 
9819 1486 1403 1682 1864 
9820 967 986 54 2059 
9821 1728 1591 1154 1880 
9822 1246 1434 1441 1908 
9823 1149 2067 1412 2083 
9824 1471 1965 1734 2115 
9825 591 134 1094 2132 
9826 1562 1786 1614 2049 
9827 240 1124 1074 2153 
9828 986 967 178 2059 
9829 809 768 370 2077 
9830 1201 1202 1200 1972 
9831 1468 1663 1379 1961 
9832 813 699 698 2082 
9833 1736 1600 1418 2102 
9834 1160 1704 1806 1987 
9835 516 776 492 1895 
9836 530 514 522 2010 
9837 921 628 280 2148 
9838 869 568 841 2156 
9839 1326 1322 1327 1843 
9840 312 846 854 2076 
9841 824 858 442 2019 
9842 734 1068 116 2153 
9843 1514 1487 1158 2027 
9844 296 885 869 2012 
9845 1716 1552 1608 1995 
9846 1172 1174 1173 2003 
9847 1274 1752 1518 1956 
9848 1606 1371 1343 1955 
9849 774 539 513 1966 
9850 470 480 482 2088 
9851 1542 1541 1518 1896 
9852 1648 1344 1292 1958 
9853 668 491 670 1927 
9854 1620 1318 1684 2108 
9855 1057 1075 1077 2121 
9856 1177 1178 1639 2075 
9857 460 458 478 1846 
9858 578 805 918 2100 
9859 1785 1573 1611 1969 
9860 289 918 929 1898 
9861 797 715 276 2126 
9862 1061 850 926 2121 
9863 1564 1563 1122 1990 
9864 481 480 479 1834 
9865 1494 1253 1493 2151 
9866 697 295 698 2137 
9867 1781 1557 1555 2041 
9868 106 833 1034 2096 
9869 433 794 832 1941 
9870 790 401 424 1984 
9871 952 857 671 1825 
9872 1705 1445 1796 2105 
9873 106 1054 302 2096 
9874 918 904 600 2032 
9875 853 104 105 1039 
9876 583 2133 934 2141 
9877 528 628 896 1849 
9878 867 1059 1026 2107 
9879 1074 116 1068 2153 
9880 758 310 756 1897 
9881 864 517 538 1992 
9882 743 858 742 1973 
9883 656 662 797 2000 
9884 1078 319 124 1067 
9885 1394 1393 1423 1989 
9886 1808 1713 1462 1932 
9887 1262 1265 1264 1998 
9888 1558 1556 1557 1960 
9889 314 641 673 1951 
9890 1693 1401 1400 2120 
9891 761 397 796 2057 
9892 1559 1557 1561 2095 
9893 556 583 555 2141 
9894 898 808 860 2022 
9895 135 903 618 1090 
9896 1059 1018 1016 2107 
9897 1519 1507 1508 2016 
9898 546 600 862 2102 
9899 1543 1544 1134 1876 
9900 854 584 585 1936 
9901 1711 1384 1381 1925 
9902 846 627 854 2076 
9903 211 210 1527 1041 
9904 1789 1235 1248 1830 
9905 1138 1452 1451 2112 
9906 1140 1493 1497 2026 
9907 1086 303 599 2006 
9908 1608 1630 1326 2053 
9909 731 873 837 2030 
9910 1132 1482 1664 2124 
9911 413 637 414 1947 
9912 1463 1464 1695 2101 
9913 1238 1239 1240 2060 
9914 693 31 32 983 
9915 1516 218 1040 2150 
9916 1673 1627 1192 2119 
9917 448 446 489 2042 
9918 1805 1478 1480 2089 
9919 1408 1477 1475 1860 
9920 1278 1736 1418 2102 
9921 749 750 531 2039 
9922 307 852 920 1854 
9923 1092 136 618 1090 
9924 1774 1135 1594 1898 
9925 396 397 375 1955 
9926 805 578 803 2100 
9927 974 156 157 1530 
9928 336 334 335 2104 
9929 547 810 526 1974 
9930 1714 1595 1156 1897 
9931 1381 1353 1711 2123 
9932 1764 1656 1474 1842 
9933 905 694 695 2072 
9934 943 755 929 2113 
9935 676 287 677 2098 
9936 977 25 960 1976 
9937 1707 1002 180 1776 
9938 1750 1282 1547 2007 
9939 1322 1325 1321 2092 
9940 1737 1450 1137 2109 
9941 710 568 392 1961 
9942 234 1709 1075 1775 
9943 1268 1267 1266 1978 
9944 848 611 936 2127 
9945 315 1112 128 566 
9946 594 889 919 1929 
9947 639 312 640 2004 
9948 1050 206 1729 1025 
9949 1158 1487 1658 2027 
9950 663 657 659 1921 
9951 871 935 443 1928 
9952 821 324 326 2146 
9953 1762 1676 1481 2034 
9954 1553 1716 1554 1929 
9955 586 2096 771 2138 
9956 123 1067 319 2116 
9957 1219 1226 1641 2043 
9958 1259 1779 1661 1930 
9959 293 875 741 2078 
9960 616 277 912 2064 
9961 1260 1249 1469 2082 
9962 645 644 643 1956 
9963 1236 1238 1611 2051 
9964 856 713 866 2142 
9965 1109 1115 1111 2135 
9966 953 842 695 1841 
9967 1255 1763 1257 2017 
9968 865 826 719 1954 
9969 1814 1543 1134 1876 
9970 1502 1767 1810 1906 
9971 603 928 908 1878 
9972 1463 1440 1464 1988 
9973 662 788 740 2007 
9974 1284 1793 1681 1817 
9975 1375 1550 1369 1948 
9976 1689 1609 1691 2061 
9977 835 579 930 1842 
9978 1384 1383 1381 1925 
9979 372 837 387 2049 
9980 1803 1410 1657 1936 
9981 1783 1479 1703 2018 
9982 684 822 572 2018 
9983 408 419 406 2093 
9984 1253 1271 1493 2151 
9985 698 536 813 2082 
9986 1566 1128 1565 2052 
9987 951 758 397 1904 
9988 764 515 490 2051 
9989 672 102 103 1047 
9990 1414 1413 1412 2045 
9991 545 611 612 1986 
9992 1636 1799 1735 1983 
9993 1552 1747 1608 1995 
9994 1252 1224 1605 2010 
9995 1059 1026 71 867 
9996 719 718 711 2034 
9997 1709 1075 1061 234 
9998 389 390 391 1981 
9999 663 900 720 2009 
10000 1753 1787 1457 1973 
10001 591 1996 948 2132 
10002 1352 1330 1329 2093 
10003 324 325 326 2146 
10004 1095 1091 1089 2132 
10005 1161 1722 1743 1993 
10006 275 870 828 1994 
10007 648 644 671 2037 
10008 431 433 619 2035 
10009 1507 1383 1386 1947 
10010 1234 1261 1211 2128 
10011 583 958 934 2133 
10012 620 946 887 2139 
10013 1447 1655 1766 1996 
10014 1754 1590 1788 1924 
10015 926 565 1042 2121 
10016 1741 1468 1467 2156 
10017 1682 1794 1444 2073 
10018 1425 1769 1723 1841 
10019 1509 1193 1428 2091 
10020 1541 1542 1543 2140 
10021 1169 1766 1655 1996 
10022 722 878 723 2013 
10023 276 100 101 1046 
10024 1574 1572 1571 2138 
10025 1802 1734 1471 1965 
10026 1734 1802 1155 1965 
10027 1546 1693 1121 2084 
10028 1081 1080 1086 2006 
10029 837 372 386 2049 
10030 299 903 135 1095 
10031 488 493 782 1851 
10032 1515 1740 1772 2024 
10033 533 800 535 2122 
10034 748 746 308 1880 
10035 734 116 278 2153 
10036 851 556 316 1993 
10037 282 853 940 2046 
10038 428 430 429 1906 
10039 895 587 596 2109 
10040 1748 1629 1607 1922 
10041 925 685 652 1998 
10042 1568 1128 1567 2046 
10043 481 490 488 2060 
10044 744 120 121 1072 
10045 501 502 678 1919 
10046 957 698 872 1861 
10047 1357 1359 1360 2036 
10048 196 195 1700 1026 
10049 185 184 1498 1003 
10050 1497 238 1063 239 
10051 752 873 301 2090 
10052 632 747 911 2062 
10053 1125 264 1765 1113 
10054 256 1093 1766 1126 
10055 747 744 745 1924 
10056 1630 1747 1400 1968 
10057 1799 1453 1675 1891 
10058 722 659 661 2131 
10059 599 1086 138 303 
10060 435 436 393 2125 
10061 1265 1262 1712 1998 
10062 1746 1519 1508 2016 
10063 1597 1417 1598 2097 
10064 1250 1256 1549 1893 
10065 230 1570 1034 229 
10066 282 669 672 2052 
10067 1007 70 320 938 
10068 1282 1281 1694 2000 
10069 713 275 714 2084 
10070 1295 1585 1298 2152 
10071 1499 1498 1390 2139 
10072 963 141 142 1702 
10073 851 552 553 1817 
10074 1424 1275 1274 2037 
10075 1570 1571 1148 2096 
10076 1462 1471 1460 2039 
10077 367 374 375 1946 
10078 1286 1737 1088 2159 
10079 144 145 962 1593 
10080 427 418 417 1942 
10081 1136 1596 1773 2014 
10082 429 814 418 1989 
10083 1411 260 1149 2083 
10084 1496 1574 1613 2028 
10085 926 565 109 1042 
10086 1285 1731 1258 1974 
10087 1440 1690 1464 1988 
10088 634 360 821 2081 
10089 738 860 493 1949 
10090 1792 1529 1732 1877 
10091 1518 1752 1542 1956 
10092 582 939 809 1865 
10093 273 718 881 1976 
10094 1355 1612 1367 2077 
10095 586 771 542 2138 
10096 1338 1337 1336 2157 
10097 208 207 1741 1030 
10098 897 310 924 1997 
10099 720 721 664 1980 
10100 1683 1279 1687 2110 
10101 1466 1130 1696 2062 
10102 988 151 152 1132 
10103 1190 1170 1535 2085 
10104 947 606 956 1830 
10105 218 1020 1040 2150 
10106 618 903 552 2111 
10107 711 26 27 961 
10108 1718 1449 1508 2161 
10109 423 888 589 2147 
10110 1584 236 1062 237 
10111 934 1087 137 555 
10112 183 182 1583 1001 
10113 146 147 959 1599 
10114 1662 1444 1794 2073 
10115 172 171 1551 982 
10116 802 95 96 1045 
10117 547 872 693 2050 
10118 1724 1530 1285 2048 
10119 1664 1470 1730 2008 
10120 1075 1057 1775 2121 
10121 434 393 392 2065 
10122 1516 1144 218 2150 
10123 923 315 571 1977 
10124 1545 1401 1546 2142 
10125 225 226 1036 1563 
10126 1376 1374 1764 2040 
10127 75 74 1051 756 
10128 313 882 687 1987 
10129 1456 1727 1455 2055 
10130 1548 1694 1122 2126 
10131 386 731 837 2095 
10132 1793 1661 1443 2111 
10133 1470 1469 1742 2137 
10134 1574 1571 1573 2138 
10135 728 729 768 2041 
10136 1446 1795 1706 2006 
10137 639 34 35 975 
10138 1511 1510 1263 2023 
10139 1589 191 190 1006 
10140 1765 1288 1125 2047 
10141 1802 1471 1462 2039 
10142 290 888 757 2014 
10143 1154 245 1066 246 
10144 52 51 969 730 
10145 608 897 924 1997 
10146 1545 1749 1401 2142 
10147 609 277 616 2064 
10148 649 686 941 1978 
10149 617 825 933 2101 
10150 752 564 753 2059 
10151 177 176 1147 993 
10152 284 747 632 2062 
10153 55 54 986 564 
10154 775 535 898 1908 
10155 735 737 736 2086 
10156 543 542 771 2138 
10157 320 1007 938 2107 
10158 597 675 570 1900 
10159 971 154 155 1142 
10160 1157 1513 1488 2004 
10161 1745 1520 1512 1945 
10162 299 1095 134 2132 
10163 740 98 99 1038 
10164 1247 1715 1607 1971 
10165 884 954 294 2026 
10166 1476 1784 1157 2076 
10167 1020 218 219 1144 
10168 693 949 547 2050 
10169 932 760 914 1879 
10170 214 213 1158 1037 
10171 1461 1459 1754 2143 
10172 1812 1549 1532 1861 
10173 294 113 114 1070 
10174 935 879 443 1928 
10175 727 730 729 1960 
10176 1463 1725 1123 2064 
10177 93 94 641 1040 
10178 1794 1403 1378 2136 
10179 750 749 751 2115 
10180 996 39 38 313 
10181 1016 1058 1059 2107 
10182 1027 74 73 310 
10183 1280 1633 1482 2070 
10184 806 816 410 2123 
10185 47 46 968 275 
10186 894 849 317 2145 
10187 1560 1562 1756 2030 
10188 1728 1459 1460 2038 
10189 753 849 894 2145 
10190 1251 1459 1461 2143 
10191 1426 1485 1488 2087 
10192 1657 1476 1157 2076 
10193 989 159 160 1157 
10194 51 50 992 727 
10195 289 21 22 976 
10196 710 859 285 2103 
10197 1451 1452 1512 2042 
10198 1144 1518 1541 1896 
10199 1466 1691 1130 2062 
10200 1166 194 193 1007 
10201 248 1067 247 1165 
10202 837 873 593 2030 
10203 1560 1604 1147 2090 
10204 629 840 630 2024 
10205 1352 1400 1401 2120 
10206 1446 1706 1150 2006 
10207 550 552 876 1930 
10208 1230 1231 1235 2099 
10209 979 38 37 687 
10210 149 150 977 1676 
10211 227 228 1033 1128 
10212 174 173 1127 966 
10213 1267 1512 1511 2117 
10214 1663 1131 1484 2103 
10215 80 79 1023 716 
10216 599 303 843 2006 
10217 85 84 1055 296 
10218 1042 1420 232 233 
10219 1412 1705 1501 2067 
10220 1306 1668 1587 2160 
10221 1136 200 199 1028 
10222 1626 1419 1604 2059 
10223 223 224 1032 1548 
10224 631 385 917 2031 
10225 1407 1722 1405 2141 
10226 848 112 113 1062 
10227 1139 1583 1491 2078 
10228 1539 1538 1759 1900 
10229 605 586 544 1873 
10230 1164 1710 1584 2127 
10231 278 735 734 2153 
10232 101 102 847 1036 
10233 224 225 1046 1122 
10234 106 302 833 2096 
10235 1649 1171 1225 2130 
10236 985 44 43 287 
10237 612 884 738 2151 
10238 447 292 446 2112 
10239 201 200 1597 1043 
10240 164 163 1515 965 
10241 1198 1204 1196 2158 
10242 83 82 1050 709 
10243 1008 60 59 293 
10244 1149 1705 1412 2067 
10245 610 432 609 2063 
10246 1456 1458 1472 2066 
10247 1584 1710 1495 2127 
10248 286 819 845 2124 
10249 145 146 976 1135 
10250 1039 228 229 1568 
10251 1031 88 87 306 
10252 1598 202 201 1029 
10253 227 1047 226 1565 
10254 1626 1708 1163 2145 
10255 1812 1742 1469 2137 
10256 1065 120 119 284 
10257 1801 1472 1458 2066 
10258 591 299 134 2132 
10259 717 827 623 1983 
10260 419 866 838 2120 
10261 922 444 440 1970 
10262 1744 1162 1721 1977 
10263 1016 1778 1058 2107 
10264 948 591 598 1996 
10265 69 68 1014 852 
10266 82 81 1025 285 
10267 997 9 1777 1076 
10268 1075 1057 12 1775 
10269 1737 249 1286 1088 
10270 1167 1108 1738 257 
10271 591 948 855 2132 
10272 183 184 1008 1139 
10273 684 90 91 1019 
10274 1015 2 998 927 
10275 1070 1140 237 238 
10276 19 20 309 978 
10277 11 1778 1058 1016 
10278 697 29 30 984 
10279 308 121 122 1066 
10280 122 123 748 1073 
10281 244 1590 245 1072 
10282 894 592 593 2155 
10283 1621 1500 1271 2086 
10284 1002 57 56 849 
10285 588 909 943 1932 
10286 311 613 615 2027 
10287 987 142 143 1734 
10288 170 169 1546 991 
10289 819 700 699 2008 
10290 370 768 369 2077 
10291 1035 86 85 696 
10292 77 76 1043 861 
10293 94 95 298 1020 
10294 715 99 100 1032 
10295 1545 169 168 973 
10296 698 699 697 2137 
10297 1095 1089 1094 2132 
10298 374 442 395 2114 
10299 1717 1451 1512 2042 
10300 598 280 628 2148 
10301 1021 216 217 1159 
10302 1768 1424 1739 2144 
10303 1042 1057 1060 2121 
10304 221 222 1048 1134 
10305 883 445 130 1104 
10306 1489 1372 1390 1941 
10307 995 41 40 297 
10308 906 118 119 1071 
10309 549 921 625 2021 
10310 816 676 677 2098 
10311 1102 1101 1107 2083 
10312 49 48 981 889 
10313 1412 1411 1149 2083 
10314 822 91 92 1049 
10315 636 934 958 2133 
10316 178 177 1604 967 
10317 1542 1760 1543 2140 
10318 1437 1417 1773 2147 
10319 65 64 1005 825 
10320 1061 235 1709 234 
10321 717 716 945 1891 
10322 695 922 905 2072 
10323 277 62 63 1004 
10324 1449 1137 1450 2109 
10325 244 1065 243 1130 
10326 955 17 901 1000 
10327 79 78 1053 274 
10328 936 601 844 2134 
10329 569 874 597 2068 
10330 81 80 1044 708 
10331 278 116 117 1074 
10332 1416 1721 1413 2044 
10333 445 883 801 2105 
10334 1010 66 65 283 
10335 861 886 589 2097 
10336 1751 1538 1517 2068 
10337 1463 1123 1757 2064 
10338 198 197 1156 1027 
10339 1702 1471 1734 2115 
10340 880 595 917 2159 
10341 1106 1107 1101 2083 
10342 750 909 531 2039 
10343 1012 68 67 307 
10344 994 157 158 1152 
10345 1129 1695 1464 2101 
10346 1040 217 218 1516 
10347 748 319 749 2116 
10348 1701 1471 1702 2115 
10349 213 212 1514 1056 
10350 1448 1146 1474 2135 
10351 1749 1540 1698 2098 
10352 734 115 116 1068 
10353 1708 1756 1492 2155 
10354 1028 76 75 290 
10355 1758 1124 1500 2153 
10356 172 173 981 1553 
10357 677 856 866 2142 
10358 1382 1380 1381 2149 
10359 1472 1801 1733 1997 
10360 111 112 318 1069 
10361 1001 59 58 741 
10362 623 589 886 2097 
10363 282 103 104 1033 
10364 24 25 273 960 
10365 170 171 968 1121 
10366 910 746 531 2038 
10367 20 21 755 962 
10368 1499 1797 1498 2139 
10369 1695 189 188 1005 
10370 259 1445 1099 258 
10371 729 731 386 2095 
10372 1000 17 901 963 
10373 1166 1700 1778 2107 
10374 739 114 115 1063 
10375 23 24 892 990 
10376 1037 90 89 311 
10377 1286 1650 1737 2159 
10378 266 999 1017 1015 
10379 136 135 618 1090 
10380 231 1148 1054 230 
10381 1707 1626 1163 2145 
10382 1441 1465 1758 2054 
10383 771 586 833 2096 
10384 1129 190 189 1010 
10385 269 1088 1082 2159 
10386 1150 252 251 1080 
10387 187 186 1123 1004 
10388 36 35 989 312 
10389 1595 199 198 1051 
10390 988 28 27 286 
10391 1500 1124 1798 2153 
10392 174 175 992 1556 
10393 713 45 46 991 
10394 265 1000 1078 997 
10395 1060 1077 1057 268 
10396 1447 255 1089 256 
10397 263 1448 264 1109 
10398 152 153 970 1730 
10399 1649 1738 1167 2021 
10400 1052 73 72 897 
10401 1153 192 191 1012 
10402 1013 58 57 317 
10403 596 291 895 2109 
10404 48 47 982 870 
10405 971 31 30 295 
10406 1016 267 1018 1059 
10407 3 1018 1059 938 
10408 1452 1138 1738 2112 
10409 92 93 314 1021 
10410 1726 241 1064 242 
10411 309 750 944 1965 
10412 619 620 887 2139 
10413 97 98 288 1048 
10414 126 125 321 1114 
10415 1691 1788 1130 2062 
10416 132 131 292 1100 
10417 254 1091 1145 255 
10418 263 262 1146 1111 
10419 388 426 859 2129 
10420 50 49 966 281 
10421 1761 205 204 1044 
10422 22 23 904 959 
10423 801 883 952 2105 
10424 1009 62 61 887 
10425 1141 209 208 1055 
10426 84 83 1030 841 
10427 106 107 302 1054 
10428 871 566 935 2073 
10429 1011 64 63 912 
10430 1696 243 242 1071 
10431 1002 180 181 1707 
10432 1775 1420 1709 2121 
10433 140 5 1082 595 
10434 994 34 33 305 
10435 1049 215 216 1703 
10436 984 153 154 1742 
10437 591 855 299 2132 
10438 1516 1771 1144 2150 
10439 67 66 1006 742 
10440 8 136 316 1092 
10441 1077 1075 1061 2121 
10442 14 252 1405 1083 
10443 139 140 1079 291 
10444 555 583 934 2141 
10445 165 164 1143 995 
10446 220 221 1024 1814 
10447 246 1591 247 1073 
10448 167 166 1813 972 
10449 1017 999 10 1776 
10450 1131 206 205 1025 
10451 148 147 1600 990 
10452 970 29 28 700 
10453 1151 212 211 1031 
10454 1018 1007 1016 2107 
10455 96 97 691 1024 
10456 1016 1058 11 267 
10457 1675 204 203 1023 
10458 161 160 1784 964 
10459 1755 1710 1625 2134 
10460 265 9 997 1076 
10461 12 1057 1075 268 
10462 175 176 969 1558 
10463 998 266 2 1015 
10464 986 178 179 1419 
10465 983 155 156 1531 
10466 107 108 754 1022 
10467 222 223 1038 1547 
10468 197 196 1733 1052 
10469 127 128 1110 566 
10470 565 926 850 2121 
10471 999 266 998 1015 
10472 53 52 993 301 
10473 162 161 1704 979 
10474 1064 118 117 942 
10475 15 1093 256 1126 
10476 264 1125 13 1113 
10477 980 42 41 902 
10478 1060 4 926 1077 
10479 1725 188 187 1011 
10480 193 192 1592 1014 
10481 144 143 1155 978 
10482 846 36 37 964 
10483 1107 16 1411 260 
10484 1078 265 997 1076 
10485 1075 1057 1077 268 
10486 130 129 304 1101 
10487 163 162 1160 996 
10488 210 209 1528 1035 
10489 1120 203 202 1053 
10490 54 53 967 752 
10491 267 1016 1058 1059 
10492 557 129 6 1102 
10493 1446 251 250 1081 
10494 168 167 1133 985 
10495 601 602 844 2134 
10496 840 39 40 965 
10497 975 158 159 1513 
10498 1443 1096 254 253 
10499 1444 262 261 1116 
10500 7 132 625 1103 
10501 1059 1058 1026 2107 
10502 771 833 302 2096 
10503 946 60 61 1003 
10504 110 111 850 1061 
10505 1778 195 11 1058 
10506 25 26 718 977 
10507 185 186 1009 1797 
10508 72 71 1026 867 
10509 219 220 1045 1541 
10510 856 44 45 973 
10511 78 77 1029 886 
10512 181 182 1013 1163 
10513 1056 89 88 877 
10514 138 137 303 1085 
10515 1041 87 86 694 
10516 166 165 1537 980 
10517 1164 1069 236 235 
10518 1059 71 3 938 
10519 17 18 901 963 
10520 833 105 106 1034 
10521 999 179 10 1776 
10522 998 2 55 927 
10523 926 109 4 1060 
10524 1167 15 1108 257 
10525 13 1286 249 1088 
10526 1017 10 180 1776 
10527 4 110 926 1077 
10528 974 33 32 692 
10529 1018 267 3 1059 
10530 18 19 944 987 
10531 241 1074 240 1124 
10532 1007 70 69 320 
10533 320 938 867 2107 
10534 1775 1057 12 233 
10535 1777 141 9 997 
10536 56 2 1015 927 
10537 248 1777 9 1076 
10538 234 1075 12 1775 
10539 131 130 445 1104 
10540 1603 1022 232 231 
10541 108 109 565 1042 
10542 1778 11 194 1016 
10543 149 148 1119 960 
10544 961 150 151 1762 
10545 249 1137 250 1084 
10546 1018 3 70 938 
10547 1087 8 137 555 
10548 134 133 591 1094 
10549 5 125 1117 279 
10550 1078 1 955 1000 
10551 280 133 7 1098 
10552 1729 207 206 1050 
10553 319 123 124 1067 
10554 1798 239 1068 240 
10555 10 266 999 1017 
10556 1000 1078 1 265 
10557 1 17 955 1000 
10558 1161 14 1097 253 
10559 1162 261 16 1118 
10560 955 124 1 1078 
10561 128 6 1112 315 
10562 1086 138 139 599 
10563 1149 1106 260 259 
10564 1077 1060 4 268 
10565 1115 126 127 300 
10566 1105 258 1138 257 
10567 931 42 43 972 
10568 135 134 299 1095 
10569 1019 214 215 1783 
10570 2040 1373 2125 1374 
10571 2040 2125 1373 1934 
10572 2011 2092 573 1843 
10573 573 2092 2011 1890 
10574 1076 1067 319 1078 
10575 319 1067 1076 2116 
10576 319 955 1076 1078 
10577 1076 955 319 2116 
10578 2017 525 1821 520 
10579 2017 1821 525 1893 
10580 519 1821 525 520 
10581 519 525 1821 1893 
10582 2036 382 372 362 
10583 2036 372 382 1962 
10584 573 2092 1923 732 
10585 1923 2092 573 1890 
10586 2105 941 2042 1978 
10587 2105 2042 941 801 
10588 2052 1789 1971 1566 
10589 2052 1971 1789 1830 
10590 1970 1375 1732 1377 
10591 1970 1732 1375 1948 
10592 1942 1947 1387 1871 
10593 1942 1387 1947 1386 
10594 1385 1387 1947 1871 
10595 1385 1947 1387 1386 
10596 1906 843 1942 428 
10597 1906 1942 843 2006 
10598 2027 1486 1841 1487 
10599 2027 1841 1486 1864 
10600 1425 1841 1486 1487 
10601 1425 1486 1841 1864 
10602 1932 1720 1605 1808 
10603 1932 1605 1720 1829 
10604 1906 1740 1989 1767 
10605 1906 1989 1740 2024 
10606 2096 1569 1568 1570 
10607 1806 2024 1860 1740 
10608 1860 2024 1806 1987 
10609 2007 1544 1697 1820 
10610 2007 1697 1544 1750 
10611 1864 842 2136 899 
10612 1864 2136 842 1841 
10613 1800 1882 2102 1635 
10614 2102 1882 1800 1976 
10615 2102 1736 1800 1635 
10616 2046 1569 2096 1873 
10617 2046 2096 1569 1568 
10618 2031 1450 2016 1746 
10619 2031 2016 1450 2109 
10620 526 2056 810 551 
10621 810 2056 526 1974 
10622 2040 440 1928 1970 
10623 2040 1928 440 439 
10624 443 1928 440 1970 
10625 443 440 1928 439 
10626 2063 1985 1365 1867 
10627 2063 1365 1985 2035 
10628 2145 1583 1013 2078 
10629 2145 1013 1583 1163 
10630 853 2096 1039 833 
10631 1039 2096 853 2046 
10632 1998 1752 2140 1265 
10633 1998 2140 1752 1956 
10634 2087 1743 1817 1485 
10635 2087 1817 1743 1993 
10636 1681 1817 1743 1485 
10637 1681 1743 1817 1993 
10638 2095 1612 1781 1561 
10639 2095 1781 1612 2077 
10640 630 2068 297 874 
10641 297 2068 630 2024 
10642 1854 1007 1166 1014 
10643 1854 1166 1007 2107 
10644 2058 784 836 1855 
10645 2058 836 784 575 
10646 2110 759 803 1829 
10647 2110 803 759 789 
10648 2092 400 402 732 
10649 2092 402 400 1843 
10650 1971 947 2099 1830 
10651 1971 2099 947 665 
10652 2006 1085 2141 1080 
10653 2006 2141 1085 303 
10654 1900 2098 972 287 
10655 1900 972 2098 1133 
10656 985 972 2098 287 
10657 985 2098 972 1133 
10658 2155 875 741 592 
10659 2155 741 875 2078 
10660 2003 1824 638 1835 
10661 2003 638 1824 1816 
10662 741 1013 58 1001 
10663 741 58 1013 317 
10664 2011 1322 1327 1624 
10665 2011 1327 1322 1843 
10666 2076 979 687 1987 
10667 2076 687 979 964 
10668 2155 741 2145 894 
10669 2155 2145 741 2078 
10670 2085 1907 678 1992 
10671 2085 678 1907 1919 
10672 2133 843 303 2006 
10673 2133 303 843 636 
10674 1963 1179 1213 1586 
10675 1963 1213 1179 1819 
10676 1151 1056 212 1031 
10677 212 1056 1151 1514 
10678 2070 819 845 541 
10679 2070 845 819 2124 
10680 1947 2149 412 1888 
10681 412 2149 1947 1925 
10682 2002 577 382 794 
10683 2002 382 577 1962 
10684 1099 1149 259 1106 
10685 259 1149 1099 1445 
10686 2033 1624 1890 2011 
10687 2033 1890 1624 1638 
10688 2123 419 408 2093 
10689 2123 408 419 816 
10690 2036 778 359 1856 
10691 2036 359 778 362 
10692 2126 1038 715 1032 
10693 2126 715 1038 2007 
10694 2161 1795 1718 1449 
10695 2161 1718 1795 1942 
10696 972 1537 166 1813 
10697 972 166 1537 980 
10698 2069 623 827 1983 
10699 2069 827 623 394 
10700 2001 1576 1575 1672 
10701 2001 1575 1576 1912 
10702 2075 2091 455 2005 
10703 455 2091 2075 1824 
10704 1963 502 503 495 
10705 1963 503 502 1818 
10706 1045 1814 2140 1541 
10707 2140 1814 1045 1024 
10708 1957 1392 1348 1602 
10709 1957 1348 1392 1899 
10710 1925 1385 1947 1871 
10711 1925 1947 1385 1383 
10712 877 1031 88 1056 
10713 877 88 1031 306 
10714 1004 887 2139 277 
10715 1004 2139 887 1009 
10716 2155 577 387 1962 
10717 2155 387 577 592 
10718 2035 1365 1364 1622 
10719 2035 1364 1365 1985 
10720 1797 1004 2139 1123 
10721 2139 1004 1797 1009 
10722 1916 1686 1342 1680 
10723 1916 1342 1686 1862 
10724 2160 1838 339 1894 
10725 2160 339 1838 1939 
10726 2029 1351 1620 1324 
10727 2029 1620 1351 1884 
10728 500 2061 548 774 
10729 548 2061 500 1901 
10730 1599 976 146 1135 
10731 1599 146 976 959 
10732 2135 1780 1842 1928 
10733 2135 1842 1780 1474 
10734 2156 1141 1811 1741 
10735 2156 1811 1141 2012 
10736 1984 2011 1327 1881 
10737 1327 2011 1984 1843 
10738 1989 428 1942 418 
10739 1989 1942 428 1906 
10740 1305 1939 1308 1668 
10741 1308 1939 1305 1838 
10742 2016 413 637 563 
10743 2016 637 413 1947 
10744 1044 1131 205 1025 
10745 1044 205 1131 1761 
10746 2160 347 346 342 
10747 2160 346 347 1853 
10748 1005 912 2101 825 
10749 2101 912 1005 1011 
10750 767 2122 1875 800 
10751 1875 2122 767 1857 
10752 1957 381 766 1840 
10753 1957 766 381 379 
10754 2043 1220 1918 1219 
10755 2043 1918 1220 1866 
10756 970 2137 1742 984 
10757 1742 2137 970 2008 
10758 970 1730 1742 2008 
10759 1988 1686 1690 1862 
10760 1988 1690 1686 1440 
10761 2071 1184 1183 1637 
10762 2071 1183 1184 1832 
10763 2153 736 739 2086 
10764 2153 739 736 734 
10765 2152 1297 1914 1298 
10766 2152 1914 1297 1823 
10767 2084 1552 1121 1994 
10768 2084 1121 1552 1693 
10769 980 297 41 995 
10770 41 297 980 902 
10771 2113 588 1898 929 
10772 2113 1898 588 1932 
10773 1133 972 167 1813 
10774 167 972 1133 985 
10775 2126 662 797 715 
10776 2126 797 662 2000 
10777 2143 747 745 1924 
10778 2143 745 747 539 
10779 1927 878 2013 1870 
10780 1927 2013 878 668 
10781 2153 868 942 278 
10782 2153 942 868 2054 
10783 302 1022 107 754 
10784 107 1022 302 1054 
10785 997 1702 2116 1777 
10786 997 2116 1702 963 
10787 1326 1984 1327 1349 
10788 1327 1984 1326 1843 
10789 2138 1785 2028 1969 
10790 2138 2028 1785 1574 
10791 2156 207 1729 1050 
10792 2156 1729 207 1741 
10793 460 1972 478 890 
10794 478 1972 460 1846 
10795 1120 1029 202 1598 
10796 202 1029 1120 1053 
10797 539 2061 774 911 
10798 774 2061 539 1966 
10799 501 2085 678 528 
10800 678 2085 501 1919 
10801 2113 1135 1594 1593 
10802 2113 1594 1135 1898 
10803 2083 1413 1412 1411 
10804 2083 1412 1413 2045 
10805 2144 1805 1951 1739 
10806 2144 1951 1805 2089 
10807 2115 142 963 987 
10808 2115 963 142 1702 
10809 2111 876 552 1930 
10810 2111 552 876 903 
10811 291 2159 596 595 
10812 596 2159 291 2109 
10813 1920 717 945 1891 
10814 1920 945 717 916 
10815 2115 944 750 1965 
10816 2115 750 944 751 
10817 1518 2150 1144 1771 
10818 1144 2150 1518 1896 
10819 1800 2102 1119 1736 
10820 1119 2102 1800 1976 
10821 1742 970 153 1730 
10822 153 970 1742 984 
$EndElements
