$MeshFormat
4.1 0 8
$EndMeshFormat
$PhysicalNames
7
2 2 "A"
2 3 "B"
2 4 "C"
2 5 "Hinge"
2 6 "D"
2 7 "Roller"
3 1 "Domain"
$EndPhysicalNames
$Entities
8 12 6 1
1 0 0 0 0 
2 100 0 0 0 
3 100 25 0 0 
4 0 25 0 0 
5 0 0 25 0 
6 100 0 25 0 
10 100 25 25 0 
14 0 25 25 0 
1 0 0 0 100 0 0 0 2 1 -2 
2 100 0 0 100 25 0 0 2 2 -3 
3 0 25 0 100 25 0 0 2 3 -4 
4 0 0 0 0 25 0 0 2 4 -1 
6 0 0 25 100 0 25 0 2 5 -6 
7 100 0 25 100 25 25 0 2 6 -10 
8 0 25 25 100 25 25 0 2 10 -14 
9 0 0 25 0 25 25 0 2 14 -5 
11 0 0 0 0 0 25 0 2 1 -5 
12 100 0 0 100 0 25 0 2 2 -6 
16 100 25 0 100 25 25 0 2 3 -10 
20 0 25 0 0 25 25 0 2 4 -14 
1 0 0 0 100 25 0 1 2 4 1 2 3 4 
13 0 0 0 100 0 25 1 4 4 1 12 -6 -11 
17 100 0 0 100 25 25 1 5 4 2 16 -7 -12 
21 0 25 0 100 25 25 1 6 4 3 20 -8 -16 
25 0 0 0 0 25 25 1 7 4 4 11 -9 -20 
26 0 0 25 100 25 25 1 3 4 6 7 8 9 
1 0 0 0 100 25 25 1 1 6 -1 26 13 17 21 25 
$EndEntities
$Nodes
27 726 1 726
0 1 0 1
1
0 0 0
0 2 0 1
2
100 0 0
0 3 0 1
3
100 25 0
0 4 0 1
4
0 25 0
0 5 0 1
5
0 0 25
0 6 0 1
6
100 0 25
0 10 0 1
7
100 25 25
0 14 0 1
8
0 25 25
1 1 0 19
9
10
11
12
13
14
15
16
17
18
19
20
21
22
23
24
25
26
27
4.999999999979755 0 0
9.999999999961581 0 0
14.99999999994008 0 0
19.99999999991413 0 0
24.99999999988819 0 0
29.99999999986224 0 0
34.99999999984823 0 0
39.99999999984005 0 0
44.99999999983187 0 0
49.99999999982369 0 0
54.99999999981551 0 0
59.99999999980733 0 0
64.99999999980859 0 0
69.99999999983592 0 0
74.99999999986328 0 0
79.99999999989062 0 0
84.99999999991796 0 0
89.9999999999453 0 0
94.99999999997266 0 0
1 2 0 4
28
29
30
31
100 4.999999999978533 0
100 9.999999999960012 0
100 14.99999999995183 0
100 19.99999999997265 0
1 3 0 19
32
33
34
35
36
37
38
39
40
41
42
43
44
45
46
47
48
49
50
95.00000000003553 25 0
90.00000000007105 25 0
85.00000000010658 25 0
80.00000000014211 25 0
75.00000000017764 25 0
70.00000000021316 25 0
65.00000000024869 25 0
60.00000000025813 25 0
55.00000000025813 25 0
50.00000000025813 25 0
45.00000000025813 25 0
40.00000000025814 25 0
35.0000000002487 25 0
30.00000000021316 25 0
25.00000000017765 25 0
20.00000000014211 25 0
15.00000000010658 25 0
10.00000000007105 25 0
5.000000000035527 25 0
1 4 0 4
51
52
53
54
0 20.00000000003553 0
0 15.00000000006453 0
0 10.00000000006454 0
0 5.000000000035527 0
1 6 0 19
55
56
57
58
59
60
61
62
63
64
65
66
67
68
69
70
71
72
73
4.999999999979755 0 25
9.999999999961581 0 25
14.99999999994008 0 25
19.99999999991413 0 25
24.99999999988819 0 25
29.99999999986224 0 25
34.99999999984823 0 25
39.99999999984005 0 25
44.99999999983187 0 25
49.99999999982369 0 25
54.99999999981551 0 25
59.99999999980733 0 25
64.99999999980859 0 25
69.99999999983592 0 25
74.99999999986328 0 25
79.99999999989062 0 25
84.99999999991796 0 25
89.9999999999453 0 25
94.99999999997266 0 25
1 7 0 4
74
75
76
77
100 4.999999999978533 25
100 9.999999999960012 25
100 14.99999999995183 25
100 19.99999999997265 25
1 8 0 19
78
79
80
81
82
83
84
85
86
87
88
89
90
91
92
93
94
95
96
95.00000000003553 25 25
90.00000000007105 25 25
85.00000000010658 25 25
80.00000000014211 25 25
75.00000000017764 25 25
70.00000000021316 25 25
65.00000000024869 25 25
60.00000000025813 25 25
55.00000000025813 25 25
50.00000000025813 25 25
45.00000000025813 25 25
40.00000000025814 25 25
35.0000000002487 25 25
30.00000000021316 25 25
25.00000000017765 25 25
20.00000000014211 25 25
15.00000000010658 25 25
10.00000000007105 25 25
5.000000000035527 25 25
1 9 0 4
97
98
99
100
0 20.00000000003553 25
0 15.00000000006453 25
0 10.00000000006454 25
0 5.000000000035527 25
1 11 0 4
101
102
103
104
0 0 4.999999999978533
0 0 9.999999999960012
0 0 14.99999999995183
0 0 19.99999999997265
1 12 0 4
105
106
107
108
100 0 4.999999999978533
100 0 9.999999999960012
100 0 14.99999999995183
100 0 19.99999999997265
1 16 0 4
109
110
111
112
100 25 4.999999999978533
100 25 9.999999999960012
100 25 14.99999999995183
100 25 19.99999999997265
1 20 0 4
113
114
115
116
0 25 4.999999999978533
0 25 9.999999999960012
0 25 14.99999999995183
0 25 19.99999999997265
2 1 0 100
117
118
119
120
121
122
123
124
125
126
127
128
129
130
131
132
133
134
135
136
137
138
139
140
141
142
143
144
145
146
147
148
149
150
151
152
153
154
155
156
157
158
159
160
161
162
163
164
165
166
167
168
169
170
171
172
173
174
175
176
177
178
179
180
181
182
183
184
185
186
187
188
189
190
191
192
193
194
195
196
197
198
199
200
201
202
203
204
205
206
207
208
209
210
211
212
213
214
215
216
82.50000000012434 20.66987298110858 0
72.50000000019539 20.66987298110858 0
17.49999999992711 4.330127018899722 0
62.50000000025342 20.66987298109728 0
27.49999999987521 4.330127018899725 0
42.49999999983557 4.330127018914955 0
52.49999999981856 4.330127018914536 0
32.50000000023842 20.66987298106422 0
87.49999999992727 4.330127018943848 0
12.50000000009567 20.66987298104785 0
77.49999999986773 4.330127018942848 0
47.50000000026152 20.66987298107705 0
22.50000000017423 20.66987298105135 0
67.49999999981725 4.330127018931703 0
95.93112109550323 12.74169763732949 0
4.068878904496939 12.25830236268748 0
92.15287269335388 20.20244863442016 0
7.847127306665676 4.797551365591159 0
37.50000000025359 20.66987298107144 0
34.9334680506066 16.37815820117714 0
29.98891134197229 16.34614800196215 0
39.92237939226374 16.46629041713233 0
32.47931364099596 12.06407508126045 0
27.50000000026459 12.0096189431803 0
24.99815189050402 16.3408129687524 0
22.50000000025864 12.00961894315713 0
62.4999999998069 4.330127018924383 0
64.99999999980136 8.660254037856514 0
69.99999999980912 8.660254037870486 0
59.99999999980017 8.660254037841897 0
67.49999999979241 12.99038105679181 0
72.49999999979444 12.99038105680809 0
74.99999999983307 8.660254037877781 0
77.49999999979423 12.99038105682721 0
62.49999999978452 12.9903810567725 0
57.49999999978743 12.99038105675623 0
82.49999999990271 4.330127018941099 0
84.99999999991635 8.660254037877282 0
90.09253156729064 8.251526733573233 0
87.89360232358125 12.90544023055061 0
82.56560038723923 12.81276390019525 0
92.48888099259584 4.243632511675163 0
80.01093339775886 8.630651178443578 0
17.50000000012854 20.66987298105173 0
15.00000000011225 16.33974596210762 0
9.907468432722762 16.74847326642166 0
12.10639767643945 12.09455976945209 0
17.43439961280109 12.18723609979716 0
7.511119007416003 20.75636748831622 0
19.98875858399646 16.36952665598623 0
57.5000000002678 20.66987298108885 0
52.50000000026456 20.75174609498703 0
50.04752282133524 16.5556723351598 0
37.49999999984259 4.248253905000507 0
39.95247717870984 8.444327664786671 0
44.99595894361304 8.558494812760854 0
72.49999999983771 4.330127018937136 0
42.48706323225957 20.69096372357257 0
44.99282757429697 16.56379990944103 0
27.49784387221329 20.67111782213835 0
47.49932649045773 4.313167148070118 0
57.49999999981014 4.330127018917107 0
32.49999999985377 4.283987699597487 0
50.06574618853647 8.520325106653594 0
12.77471693072599 4.190324070509065 0
22.49999999990115 4.33012701889972 0
67.5000000002244 20.6698729810973 0
77.50000000015986 20.6698729811086 0
87.22528306931113 20.80967592949792 0
55.07748964757391 8.598520310263215 0
3.976026146440135 7.619833780434625 0
96.02397385356574 17.38016621957992 0
95.2994336032704 7.907170237270524 0
4.700566396733652 17.09282976273689 0
92.15735854891564 15.30640673413894 0
7.842641451095202 9.693593265875101 0
37.4646063770415 12.33697778642737 0
52.63676413473819 12.6928168747949 0
84.81388525041706 16.86391450047036 0
80.00000000014209 16.83012701902431 0
15.18611474962155 8.136085499535332 0
19.99999999991413 8.169872980974912 0
75.00000000013142 16.83012701905319 0
47.5398032770587 12.56518483977686 0
70.0000000001391 16.83012701903876 0
42.47800879049729 12.48917923838752 0
65.00000000012314 16.83012701901067 0
29.99999999986247 8.169872980913253 0
24.99999999993356 8.16987298094562 0
60.00000000008283 16.83026995672103 0
55.00799523467922 16.8095027728525 0
34.99999999984058 8.169015354356652 0
3.660254037892395 21.33974596212665 0
96.3397459621177 3.66025403786925 0
3.660254037820619 3.660254037835564 0
96.33974596219235 21.33974596217551 0
11.26218670633368 7.828261689558822 0
88.73781329369208 17.17173831046145 0
92.27480942771224 11.42244831457256 0
7.725190572297601 13.57755168543465 0
2 13 0 99
217
218
219
220
221
222
223
224
225
226
227
228
229
230
231
232
233
234
235
236
237
238
239
240
241
242
243
244
245
246
247
248
249
250
251
252
253
254
255
256
257
258
259
260
261
262
263
264
265
266
267
268
269
270
271
272
273
274
275
276
277
278
279
280
281
282
283
284
285
286
287
288
289
290
291
292
293
294
295
296
297
298
299
300
301
302
303
304
305
306
307
308
309
310
311
312
313
314
315
17.43917139549144 0 4.295711794401494
27.14043014770036 0 20.38197419214647
37.49999999984414 0 20.6698729701549
47.50000001091853 0 4.330127020547969
57.45641347937946 0 4.296144443412707
67.50000000086159 0 20.66987297231535
77.49999999987692 0 4.330127029878391
87.36558568418236 0 4.196270756590701
12.1586192661841 0 20.43958799721321
32.49010552894327 0 4.277694044233474
52.49999998987768 0 20.66987300196695
82.499999999899 0 20.66987296033759
67.49999999982226 0 4.330127014483392
4.314967115981024 0 12.52603540745687
95.69274775898418 0 12.34366593256517
8.04955569753489 0 4.382056464239255
92.49999999995899 0 20.66987298105413
62.49999999636279 0 20.66987299509494
64.99999998088271 0 16.33974598196708
69.99999997660052 0 16.33974594274828
59.99999998722772 0 16.33974599355878
62.49999995247813 0 12.0096190035464
57.54685885513735 0 12.22603338428839
72.49999998762389 0 20.6698729426965
74.99999997135937 0 16.3397459189601
72.49999995337875 0 12.00961890098238
77.49999996490519 0 12.00961888300197
79.99999997425816 0 16.33974589987146
82.49999996564843 0 12.0096188751202
84.99999998393125 0 16.33974589465629
87.49999998421492 0 12.00961888522655
89.98980346827072 0 16.71717817987266
77.49999999862744 0 20.66987294596917
67.49999995132178 0 12.0096189360456
4.216457212781018 0 17.46897791593705
9.272100691916243 0 15.60644732811544
8.634351168579437 0 10.00326536537744
13.07166329067891 0 12.47684312555888
12.88326924884378 0 7.465233745987204
17.39330054133255 0 9.882610316858804
22.30735530537869 0 7.238653802073827
21.81560652788249 0 12.346654094801
26.23378209292015 0 9.799329921370903
26.1542137531982 0 14.78550886429198
30.40737240378635 0 11.99510647889048
22.04294401147418 0 17.37855162327948
17.50449250415137 0 14.88503991391872
17.34213743226314 0 20.08600857741894
72.49999999984958 0 4.33012701125398
27.23467607497201 0 4.472061162255552
37.49815907540613 0 4.313453129822725
34.78493846773234 0 8.85020674544521
39.94764646799016 0 8.71905408205477
37.86087653435272 0 13.03152539476562
42.50000003412934 0 12.99038100742232
62.49323970592028 0 4.290223197231146
87.50393899643562 0 20.6963958679749
32.49999999985524 0 20.66987298109684
42.49999999983596 0 20.66987298108487
47.49306074887139 0 20.70375147940216
50.04650550041562 0 16.55888785499449
91.80062583031831 0 4.530604796106079
82.4738356185716 0 4.274123808716316
52.44442254162134 0 4.289035006142283
49.79594722544946 0 8.553314744814546
42.4944002562758 0 4.330834534205315
57.49999999068061 0 20.66987299794032
44.87226066438591 0 8.614535695511602
55.03864101482571 0 16.45578513327004
7.58693790336943 0 20.81351908911185
95.81143378916727 0 7.745190511923042
4.126615023659483 0 7.736920709194248
95.33949810643728 0 17.16935517368405
91.9248191082098 0 9.867362292646799
54.9529346346059 0 8.36226435763847
47.39383962061497 0 12.73431789033413
35.26352593698313 0 16.86538250319951
40.08882812299102 0 16.84985209811068
60.00125826021554 0 8.187256421192888
65.00039168969465 0 8.172387936290217
70.00012624817427 0 8.17066439436746
84.64265329583243 0 8.092812391463383
75.0000399839912 0 8.170122016706676
79.99999995922397 0 8.169872967825013
44.9920842911029 0 16.7405136579833
52.49999998497914 0 12.50085764895347
30.75857241167015 0 16.6184722457315
30.01527161530155 0 7.901748244820881
22.49999999990116 0 21.55483520159549
12.49999999995083 0 3.349364892742561
13.48925204017956 0 16.39989306266414
22.49999999990116 0 3.262813169645496
3.660254069764389 0 21.33974598201676
96.33974595243158 0 21.33974596773821
3.660254037770942 0 3.660254039831639
96.18190882257827 0 3.73024541490972
88.35062289207079 0 7.866066811073878
34.09169419048884 0 13.33908078611677
92.24375564818128 0 13.54691925225243
2 17 0 24
316
317
318
319
320
321
322
323
324
325
326
327
328
329
330
331
332
333
334
335
336
337
338
339
100 3.337713243539079 12.70129961601383
100 20.69346644540238 12.54086508350909
100 12.25830237536965 20.93112108996741
100 12.25749223589806 4.116258769142796
100 20.76757280039331 17.48129523938263
100 16.76868882682784 15.09622495727504
100 16.88802690923056 9.994997214709135
100 12.00961892617558 12.49999997153127
100 17.22874003919064 4.632513465772228
100 4.70227509686729 17.1191271702985
100 7.504612349776741 4.235577188848364
100 7.644307579979315 20.95923079158734
100 4.363102303382984 7.897305670327974
100 21.02499657280865 7.63810497076028
100 17.09731845943793 20.29887756205223
100 9.641608696384973 8.294670803388145
100 9.721882698271097 17.00242369330523
100 7.942405391161694 13.08546851822406
100 3.660254045307174 21.3397459505577
100 3.660254050062901 3.660254054184953
100 21.33974594359405 21.33974599133102
100 21.33974599522414 3.660254056868745
100 13.54495338724014 7.757575728869886
100 13.54691925828771 17.24375561730087
2 21 0 99
340
341
342
343
344
345
346
347
348
349
350
351
352
353
354
355
356
357
358
359
360
361
362
363
364
365
366
367
368
369
370
371
372
373
374
375
376
377
378
379
380
381
382
383
384
385
386
387
388
389
390
391
392
393
394
395
396
397
398
399
400
401
402
403
404
405
406
407
408
409
410
411
412
413
414
415
416
417
418
419
420
421
422
423
424
425
426
427
428
429
430
431
432
433
434
435
436
437
438
82.56082859424325 25 4.295711796788749
72.86753155313198 25 4.46891686491512
62.50000000025342 25 20.66987297016476
12.50000000919415 25 20.66987298317878
42.3959380163873 25 4.220942759621996
52.62792201143858 25 4.218587082558929
32.49999999734736 25 20.66987297055654
22.50000000015989 25 4.330127029885474
87.69603208081801 25 20.63428213033827
77.67146626215448 25 21.15960843718484
47.76427185704588 25 20.35231087521716
62.53111108064015 25 4.130380386636481
32.50000000023093 25 4.330127029874176
12.50693925654257 25 4.296248523012638
22.50000000015991 25 20.66987297011453
95.68503288631821 25 12.5260354160617
4.330127018910616 25 12.49999999995592
91.95044430146872 25 4.382056471133376
37.49999998677865 25 20.66987299404457
34.99999999318335 25 16.33974597110597
30.00000000452953 25 16.33974595365704
39.6525037679653 25 16.47294063827754
37.47253084863982 25 12.05630642817557
42.48653674489672 25 12.31469299849708
95.78354277859914 25 17.4689779157675
90.71228229214589 25 15.62751622950735
91.33974595647908 25 9.999999974668583
86.9242580443339 25 12.47736450592398
87.11262845469936 25 7.464192039606396
82.67949190271793 25 9.999999982443217
82.63756968607466 25 14.87686706341867
78.48496184846204 25 12.34153081010236
77.86357857442314 25 7.29932954025571
73.61157143235587 25 9.980881892240376
69.04880724521601 25 8.247682133279989
70.01455319658501 25 13.19819696573338
65.36495311883965 25 11.69532326921353
66.32909986117889 25 16.5081388244556
71.15149583896832 25 17.77317333079898
61.46564996094478 25 15.05068472471832
57.34334073344448 25 18.47024982049129
56.7262346875488 25 13.53191057488637
52.32692442294907 25 16.92905061258225
51.96191367105516 25 12.00359284540518
48.25110189630342 25 15.35598054651489
60.67993408526497 25 9.41538118209103
54.99382333624431 25 8.642083506184948
27.50000000056755 25 20.66987297000607
24.99999999981321 25 16.3397459565553
19.99999999850741 25 16.33974595388791
27.50000000882818 25 12.00961892004013
22.49999999585236 25 12.00961894554351
17.49999999924579 25 12.00961893543156
32.50000001149274 25 12.00961893567829
27.49999999783579 25 4.330127020315284
17.49999999985651 25 20.66987297026581
37.49999998210812 25 4.330127023852932
7.500000022843722 25 20.66987299420514
10.1618242953051 25 16.67116279074781
17.500709893199 25 4.309761447182589
7.500000000053248 25 4.330127003569322
10.06861037911393 25 8.127871897015542
42.50000000840735 25 20.66987301655018
82.75783559985777 25 20.30306386355165
47.44017623664296 25 4.698472354630433
15.10401947648661 25 16.4353500018216
47.33261078478618 25 10.47963166236849
57.50000000025813 25 4.103736105255921
4.700594842360289 25 17.13137853172326
4.708352956982239 25 7.846275835344412
92.30842733283764 25 20.87288513446342
95.8682699613674 25 7.737660339278871
67.65668310738585 25 21.13737797583259
67.50000000023093 25 3.890369647526324
74.57658997790878 25 14.72683700208551
12.89919166938876 25 12.24009234121609
39.75848742193333 25 8.159595051070877
20.00000000531456 25 8.169872986312178
24.99999999937165 25 8.169872976181617
35.00000002231755 25 8.169872996379414
30.00000002216983 25 8.169872986442456
15.07107655622544 25 8.154680968942923
53.37056323230598 25 21.24209255123576
43.73688596005329 25 16.75579117688029
78.50639597157911 25 16.75741422932308
87.50000000008882 25 3.349364892440599
51.18935330495871 25 8.131723921289433
86.55321336282697 25 16.53272149191218
8.46523803115538 25 12.49999999441563
77.50000000015987 25 3.262813166157286
65.14791644784779 25 7.597297180568632
43.72901569047015 25 8.057331747196125
72.55832892551948 25 21.73649709948004
96.33974595386483 25 21.33974593854138
3.701615908577566 25 21.31503625341851
96.33974596186617 25 3.660254034015539
3.701859717113379 25 3.684395941249814
57.50000000025813 25 22.21308136558897
74.59143055264775 25 18.36032942548507
2 25 0 25
439
440
441
442
443
444
445
446
447
448
449
450
451
452
453
454
455
456
457
458
459
460
461
462
463
0 12.50000001606012 4.330127032841404
0 12.20345917720849 21.04797975863109
0 4.068878914883744 12.74169766052114
0 20.93112109845781 12.74169764080177
0 17.47881315260003 4.23386021906599
0 15.08900043870987 8.235482278106028
0 9.922301855405419 8.180731452222002
0 12.50000006947856 12.99038105382598
0 7.511762568177581 4.240561114952603
0 17.04800713386603 20.20996677167978
0 7.501954494020385 21.29342345399969
0 4.78149024206548 17.64142537752759
0 20.29749089256165 7.903482135357163
0 20.95076412990708 17.34524502813058
0 4.555859903219996 7.853352906710128
0 8.394778900490248 14.98808484113412
0 16.9891592669222 15.26174971626502
0 13.26130756756636 16.83012701887328
0 3.660254054877392 3.660254050740071
0 3.660254005551973 21.33974594172011
0 21.33974596326049 21.33974596324365
0 21.33974596406595 3.660254031815768
0 7.756244398057191 11.45308075041712
0 17.24375559929261 11.45308074768934
0 9.76920144759969 18.18105279561242
2 26 0 100
464
465
466
467
468
469
470
471
472
473
474
475
476
477
478
479
480
481
482
483
484
485
486
487
488
489
490
491
492
493
494
495
496
497
498
499
500
501
502
503
504
505
506
507
508
509
510
511
512
513
514
515
516
517
518
519
520
521
522
523
524
525
526
527
528
529
530
531
532
533
534
535
536
537
538
539
540
541
542
543
544
545
546
547
548
549
550
551
552
553
554
555
556
557
558
559
560
561
562
563
82.50000000012434 20.66987298110858 25
72.50000000019539 20.66987298110858 25
17.49999999992711 4.330127018899722 25
62.50000000025342 20.66987298109728 25
27.49999999987521 4.330127018899725 25
42.49999999983557 4.330127018914955 25
52.49999999981856 4.330127018914536 25
32.50000000023842 20.66987298106422 25
87.49999999992727 4.330127018943848 25
12.50000000009567 20.66987298104785 25
77.49999999986773 4.330127018942848 25
47.50000000026152 20.66987298107705 25
22.50000000017423 20.66987298105135 25
67.49999999981725 4.330127018931703 25
95.93112109550323 12.74169763732949 25
4.068878904496939 12.25830236268748 25
92.15287269335388 20.20244863442016 25
7.847127306665676 4.797551365591159 25
37.50000000025359 20.66987298107144 25
34.9334680506066 16.37815820117714 25
29.98891134197229 16.34614800196215 25
39.92237939226374 16.46629041713233 25
32.47931364099596 12.06407508126045 25
27.50000000026459 12.0096189431803 25
24.99815189050402 16.3408129687524 25
22.50000000025864 12.00961894315713 25
62.4999999998069 4.330127018924383 25
64.99999999980136 8.660254037856514 25
69.99999999980912 8.660254037870486 25
59.99999999980017 8.660254037841897 25
67.49999999979241 12.99038105679181 25
72.49999999979444 12.99038105680809 25
74.99999999983307 8.660254037877781 25
77.49999999979423 12.99038105682721 25
62.49999999978452 12.9903810567725 25
57.49999999978743 12.99038105675623 25
82.49999999990271 4.330127018941099 25
84.99999999991635 8.660254037877282 25
90.09253156729064 8.251526733573233 25
87.89360232358125 12.90544023055061 25
82.56560038723923 12.81276390019525 25
92.48888099259584 4.243632511675163 25
80.01093339775886 8.630651178443578 25
17.50000000012854 20.66987298105173 25
15.00000000011225 16.33974596210762 25
9.907468432722762 16.74847326642166 25
12.10639767643945 12.09455976945209 25
17.43439961280109 12.18723609979716 25
7.511119007416003 20.75636748831622 25
19.98875858399646 16.36952665598623 25
57.5000000002678 20.66987298108885 25
52.50000000026456 20.75174609498703 25
50.04752282133524 16.5556723351598 25
37.49999999984259 4.248253905000507 25
39.95247717870984 8.444327664786671 25
44.99595894361304 8.558494812760854 25
72.49999999983771 4.330127018937136 25
42.48706323225957 20.69096372357257 25
44.99282757429697 16.56379990944103 25
27.49784387221329 20.67111782213835 25
47.49932649045773 4.313167148070118 25
57.49999999981014 4.330127018917107 25
32.49999999985377 4.283987699597487 25
50.06574618853647 8.520325106653594 25
12.77471693072599 4.190324070509065 25
22.49999999990115 4.33012701889972 25
67.5000000002244 20.6698729810973 25
77.50000000015986 20.6698729811086 25
87.22528306931113 20.80967592949792 25
55.07748964757391 8.598520310263215 25
3.976026146440135 7.619833780434625 25
96.02397385356574 17.38016621957992 25
95.2994336032704 7.907170237270524 25
4.700566396733652 17.09282976273689 25
92.15735854891564 15.30640673413894 25
7.842641451095202 9.693593265875101 25
37.4646063770415 12.33697778642737 25
52.63676413473819 12.6928168747949 25
84.81388525041706 16.86391450047036 25
80.00000000014209 16.83012701902431 25
15.18611474962155 8.136085499535332 25
19.99999999991413 8.169872980974912 25
75.00000000013142 16.83012701905319 25
47.5398032770587 12.56518483977686 25
70.0000000001391 16.83012701903876 25
42.47800879049729 12.48917923838752 25
65.00000000012314 16.83012701901067 25
29.99999999986247 8.169872980913253 25
24.99999999993356 8.16987298094562 25
60.00000000008283 16.83026995672103 25
55.00799523467922 16.8095027728525 25
34.99999999984058 8.169015354356652 25
3.660254037892395 21.33974596212665 25
96.3397459621177 3.66025403786925 25
3.660254037820619 3.660254037835564 25
96.33974596219235 21.33974596217551 25
11.26218670633368 7.828261689558822 25
88.73781329369208 17.17173831046145 25
92.27480942771224 11.42244831457256 25
7.725190572297601 13.57755168543465 25
3 1 0 163
564
565
566
567
568
569
570
571
572
573
574
575
576
577
578
579
580
581
582
583
584
585
586
587
588
589
590
591
592
593
594
595
596
597
598
599
600
601
602
603
604
605
606
607
608
609
610
611
612
613
614
615
616
617
618
619
620
621
622
623
624
625
626
627
628
629
630
631
632
633
634
635
636
637
638
639
640
641
642
643
644
645
646
647
648
649
650
651
652
653
654
655
656
657
658
659
660
661
662
663
664
665
666
667
668
669
670
671
672
673
674
675
676
677
678
679
680
681
682
683
684
685
686
687
688
689
690
691
692
693
694
695
696
697
698
699
700
701
702
703
704
705
706
707
708
709
710
711
712
713
714
715
716
717
718
719
720
721
722
723
724
725
726
34.95059749070209 12.59076956947868 12.40009052362687
74.99999996081128 12.47579747099333 12.47382098964261
60.04012747599138 12.500000011235 12.5
19.99999999642734 12.56427717737545 12.56427717832533
47.45035491630455 12.49817556285945 12.5
87.50493491092782 12.50850261234567 12.50732341270043
10.35116631994205 10.2252083976781 9.943149927138757
67.50757343374707 8.767640150017275 8.788781492053483
27.50000000960441 16.28323354622545 8.738214441943361
27.52384518557933 9.291415274068765 16.37252104830078
67.53209368593909 15.70321425336328 16.38881419140557
12.62694143399492 16.29408526117117 16.26358900634326
41.13734695257009 8.45491182026832 16.55807908652113
41.26321349743089 16.63625390946396 8.393107506138961
53.74583063555379 8.43160736034716 16.57524736719213
81.25216756363716 8.41570154178938 16.58193917265343
29.29491507021903 8.228882729835522 8.236811583740289
40.76783714791091 8.348223629529933 8.263152193150786
40.72684611659436 16.7581385040446 16.6892967856488
65.64772198279881 16.7874025814345 8.226222712292904
80.82875535537852 8.278789191343321 8.273039936593571
80.95174963716002 16.87881481065401 16.58534903357748
53.74574450044366 9.02599055064511 8.239268913272639
80.87841162577789 16.59870380386899 8.27032578457248
54.15763485008246 16.81400119490787 16.65035229251555
29.93976289075327 16.96130543374098 16.96077828632825
67.49999999980807 7.649554585389684 17.35044541904817
52.51066400559166 17.01666642913528 7.705920169461468
13.19644610133594 8.335333284879038 17.2169146618017
14.70047595041124 16.86479750833877 8.121243051475339
91.12705604198609 17.48468421768887 7.535939606580977
92.13894611684857 7.792199199410399 17.17998839573421
92.13384750880161 7.820802557953789 7.814701917020656
22.3065269656454 17.77412129904932 17.77224127922108
91.07501876130401 17.38928893327409 17.51062479904999
17.59877413861854 7.338480970252342 7.341401009449848
73.16567734436848 17.83957897253898 7.349286511308876
7.558808687216691 17.25218005595814 10.68489218395746
74.07635304641259 17.92127642221316 18.04068432959529
6.910690790455131 11.60916615031768 18.17319785704095
34.19879372032693 7.051510796773733 17.92291781782054
60.65155529099047 7.138021608504731 7.063641627998703
34.30526534399468 17.9189235107615 7.013727689993141
60.48834382247511 6.850293584577695 18.14970642127598
74.04072561727918 6.884433553723944 6.792607088227511
74.50848978885614 6.84671645971089 18.15328353286658
20.53346026989995 7.239467983741808 17.67693787475227
47.36142716297596 6.625937448197638 6.616933701724385
21.35876455486379 18.45290310319022 6.440746991118742
47.44303164553141 17.88618035456478 18.52069123498812
47.43538601100948 6.503061058714368 18.48837050900873
61.05519462108825 18.43317727799668 18.03971045695983
23.33687263585526 11.23685934277642 6.743734737773313
59.11234950525564 15.82913370030479 6.656148235112155
6.268728814524374 18.33861447503251 17.50395518755189
23.6524528150439 6.480751504863982 11.56681834941515
35.59097202663947 6.127354202101674 11.59507072902483
34.92227128330422 10.88187369885307 6.020832268507339
35.18625125328171 13.48997076502449 18.92449923123973
35.16846138506704 19.04487111530664 13.58165741475525
6.202922948177871 6.410204745069779 13.52139034456081
85.56105505998919 12.40996752155498 6.177790481123851
46.86742643754842 14.16033849942458 6.254239417073537
6.276943039678009 6.709836594322454 6.119843922213392
85.62646811542849 12.80696716319028 18.81497266169924
85.6222372414401 6.256187091902412 12.22846341995898
6.07777833302901 13.06943233271188 6.124703730887925
85.49881918565708 18.67408404654363 12.32221316664834
19.11632428336578 18.85986082031505 12.3783943078492
49.53530642549553 5.961680922958049 12.53309972984937
17.80298500428873 13.20333533294309 18.61861945087932
71.76243348443055 6.184187730362054 12.57411931632718
86.20920907743424 5.943377652212209 5.957779791283134
63.32280278462452 6.161780562627618 12.62559859550296
77.079213304877 12.49979290412504 18.79076953942156
46.04146577753846 18.8559680977178 12.22985689694777
76.44958324730059 12.62288542429298 6.411235513099601
86.45326731082082 5.946602873208927 19.04239328655476
93.82970726768542 14.19357122544305 12.50649831772499
58.39141812777787 18.60976724612697 12.2985258411354
76.63911761495298 18.44146523270043 12.43362129173131
45.20155784816794 12.19385163909543 19.30471862766742
35.0000000002477 19.49964314787997 19.61417865802094
58.45600348930601 12.76170003388671 18.79330119986533
9.857382031501931 19.49017529176613 5.491435393084688
57.26080493239037 6.069666744398497 12.21761678472711
24.75489275391827 5.595729662804774 5.384612145534974
69.70835319100431 13.29637804945701 5.553962214696672
69.6387158793722 19.15859616668482 11.99064175394752
71.15834641529371 11.94970264792445 19.28022832409345
25.00000000672441 19.7051591831335 12.86913919426589
85.65982721426408 19.05665572341981 5.548633860699353
63.71795410106661 11.91202045591556 5.623347708716505
77.66145330031813 5.871666219447046 12.64047211896532
16.77081342732319 19.27983842118041 19.27983842468866
5.420116362584098 6.081675424197455 19.51215487858157
12.11771820609371 6.050564453980234 5.564655176598285
40.74786942724754 12.44489613626051 12.36773058721155
15.81223822155734 5.339284279794282 12.71610625019955
85.69270800141221 19.03656108266702 19.50683196232558
80.83891311585663 12.44017112694982 12.37031783508483
94.35375502807898 12.8273950378743 19.31485949891835
94.33650056993795 12.87738963210455 5.689858257190705
64.22003558836671 12.00248273752733 19.4907008036989
43.78652663135085 5.579933576849274 12.32066529055702
33.77570426747123 5.254880407280402 6.213761990196917
25.50148449632859 13.99259237029754 13.66548215811652
25.98715324452896 13.75801248915509 19.70298791342913
44.98841064667425 19.46324466901711 5.036822841752992
69.43935215576433 13.45178494627112 11.47259128192068
51.00918486667287 12.74241206081796 19.39762481393095
54.35244565244384 13.47353798805567 11.91264854913906
29.76742776540988 12.77601380147953 5.039337351771055
13.99665496316417 11.62537300361492 5.547692171108252
64.00354846103858 19.57617450107212 12.95733506131784
30.18685659946053 5.528913032615029 13.11360970978653
65.45979418653975 5.118408361658225 5.118408362470384
29.52097919716814 19.91044954847471 5.088325095596469
69.14206569181422 19.82357235494141 19.75628099909198
40.00435954812919 12.60653875042633 4.892994474862035
54.99999999981407 4.880797964069636 4.86014554300398
25.35120292987625 5.664806943603744 20.02129436957281
5.698350056692678 12.2015644701092 12.61626390063469
30.25049422046044 20.07487005656182 11.50117799925038
93.80894292444685 5.258217512976624 12.48865165618093
65.13406854678261 11.14551577977963 13.89815344143874
14.49164262292587 12.00673158648541 13.22528688012799
39.99259408972353 4.741470200778947 20.2670814086363
54.99999999981414 4.735717462048973 20.26428254164298
95.19534704023165 20.10685054021637 10.03860818373677
51.53848466652754 19.50009900197301 12.56734479147698
57.53567221258611 10.9797926338043 4.977547730189913
79.99999999988536 4.728852884427036 20.27114711808785
38.79434785195897 19.92760774025703 5.072392264322827
29.86231451982114 12.40766411591815 11.29604531392105
30.96531464026338 10.57119463310496 20.16695110254528
18.91933198635183 13.83628187327001 4.954616957586659
39.98738128556186 11.88362275280926 20.39354933698152
68.73411058248496 19.93754594547896 5.170088938334588
26.65535390609421 19.86830229918189 19.86811287537145
79.99040652296726 4.611969895355618 4.611969894638547
12.21568988196103 19.64114037787885 12.03826292882024
10.8659639952952 19.8979267619136 19.89792675810027
4.808401508010714 18.18626444152903 6.282513400312804
62.39404203320372 19.79097826125369 5.257270572217645
95.18023127045706 19.43983486778352 20.18023127087134
77.50000000014315 17.93614407551955 4.444949594698336
39.99449461861909 4.62540469375867 4.621261702408155
10.47096904669832 5.365902390910348 20.49452944153605
39.99436828127661 20.48258267353269 20.48258266520933
95.20187791357883 19.43810857191689 4.796976957174305
80.00000000014209 20.35923247983181 20.39618528454546
54.99430311446215 20.36290010032443 4.566242439757929
50.66744387486288 11.02792379087502 4.53433024123079
64.99999999981186 4.479967663194095 20.52003233650584
15.00330094525473 20.50472482322461 4.496515003228553
70.12455142944238 4.536742048210847 20.46325796032016
37.67250240559324 4.221569433702199 15.71591024157164
10.82531349969422 4.893038594137852 10.68261159249946
38.47747816124845 20.48323547986471 10.06794401772021
90.63228596478939 20.28782378258973 12.95443890601799
11.74760648581969 12.60141639698681 19.82921100850553
89.90798821137447 10.78857459861335 20.5815678326992
$EndNodes
$Elements
7 3680 1 3680
2 1 2 248
1 1 9 211 
2 54 1 211 
3 27 2 210 
4 2 28 210 
5 31 3 212 
6 3 32 212 
7 50 4 209 
8 4 51 209 
9 9 10 134 
10 9 134 211 
11 10 11 181 
12 134 10 181 
13 11 12 119 
14 11 119 181 
15 12 13 182 
16 119 12 182 
17 13 14 121 
18 13 121 182 
19 14 15 179 
20 121 14 179 
21 15 16 170 
22 15 170 179 
23 16 17 122 
24 16 122 170 
25 17 18 177 
26 122 17 177 
27 18 19 123 
28 18 123 177 
29 19 20 178 
30 123 19 178 
31 20 21 143 
32 20 143 178 
33 21 22 130 
34 21 130 143 
35 22 23 173 
36 130 22 173 
37 23 24 127 
38 23 127 173 
39 24 25 153 
40 127 24 153 
41 25 26 125 
42 25 125 153 
43 26 27 158 
44 125 26 158 
45 158 27 210 
46 28 29 189 
47 28 189 210 
48 29 30 131 
49 29 131 189 
50 30 31 188 
51 131 30 188 
52 188 31 212 
53 32 33 133 
54 32 133 212 
55 33 34 185 
56 133 33 185 
57 34 35 117 
58 34 117 185 
59 35 36 184 
60 117 35 184 
61 36 37 118 
62 36 118 184 
63 37 38 183 
64 118 37 183 
65 38 39 120 
66 38 120 183 
67 39 40 167 
68 120 39 167 
69 40 41 168 
70 167 40 168 
71 41 42 128 
72 41 128 168 
73 42 43 174 
74 128 42 174 
75 43 44 135 
76 43 135 174 
77 44 45 124 
78 44 124 135 
79 45 46 176 
80 124 45 176 
81 46 47 129 
82 46 129 176 
83 47 48 160 
84 129 47 160 
85 48 49 126 
86 48 126 160 
87 49 50 165 
88 126 49 165 
89 165 50 209 
90 51 52 190 
91 51 190 209 
92 52 53 132 
93 52 132 190 
94 53 54 187 
95 132 53 187 
96 187 54 211 
97 117 184 196 
98 185 117 195 
99 195 117 196 
100 118 183 201 
101 184 118 199 
102 199 118 201 
103 181 119 197 
104 119 182 198 
105 197 119 198 
106 120 167 206 
107 183 120 203 
108 203 120 206 
109 121 179 204 
110 182 121 205 
111 121 204 205 
112 170 122 171 
113 171 122 172 
114 172 122 177 
115 177 123 180 
116 123 178 186 
117 180 123 186 
118 135 124 136 
119 136 124 137 
120 137 124 176 
121 153 125 154 
122 154 125 155 
123 155 125 158 
124 160 126 161 
125 161 126 162 
126 162 126 165 
127 149 127 159 
128 127 149 173 
129 127 153 159 
130 168 128 169 
131 169 128 175 
132 128 174 175 
133 141 129 166 
134 129 141 176 
135 129 160 166 
136 143 130 144 
137 144 130 145 
138 145 130 173 
139 131 188 191 
140 189 131 215 
141 131 191 215 
142 132 187 192 
143 190 132 216 
144 132 192 216 
145 133 185 214 
146 188 133 191 
147 133 188 212 
148 191 133 214 
149 134 181 213 
150 187 134 192 
151 134 187 211 
152 192 134 213 
153 135 136 138 
154 135 138 174 
155 136 137 139 
156 138 136 193 
157 136 139 193 
158 139 137 140 
159 140 137 141 
160 141 137 176 
161 174 138 175 
162 175 138 202 
163 138 193 202 
164 139 140 204 
165 193 139 208 
166 139 204 208 
167 140 141 142 
168 140 142 205 
169 204 140 205 
170 142 141 166 
171 164 142 166 
172 142 164 198 
173 142 198 205 
174 143 144 146 
175 143 146 178 
176 144 145 147 
177 146 144 151 
178 144 147 151 
179 147 145 148 
180 148 145 149 
181 149 145 173 
182 146 151 152 
183 146 152 186 
184 178 146 186 
185 147 148 201 
186 151 147 203 
187 147 201 203 
188 148 149 150 
189 148 150 199 
190 148 199 201 
191 150 149 159 
192 157 150 159 
193 150 157 196 
194 150 196 199 
195 152 151 206 
196 151 203 206 
197 186 152 194 
198 194 152 207 
199 152 206 207 
200 153 154 159 
201 154 155 156 
202 154 156 157 
203 154 157 159 
204 156 155 215 
205 155 158 189 
206 155 189 215 
207 157 156 195 
208 156 191 214 
209 191 156 215 
210 195 156 214 
211 157 195 196 
212 189 158 210 
213 160 161 166 
214 161 162 163 
215 161 163 164 
216 161 164 166 
217 163 162 216 
218 162 165 190 
219 162 190 216 
220 164 163 197 
221 163 192 213 
222 192 163 216 
223 197 163 213 
224 164 197 198 
225 190 165 209 
226 167 168 207 
227 206 167 207 
228 168 169 207 
229 169 175 200 
230 194 169 200 
231 169 194 207 
232 170 171 208 
233 179 170 208 
234 171 172 202 
235 193 171 202 
236 171 193 208 
237 172 177 180 
238 172 180 200 
239 172 200 202 
240 200 175 202 
241 204 179 208 
242 180 186 194 
243 180 194 200 
244 181 197 213 
245 198 182 205 
246 201 183 203 
247 196 184 199 
248 185 195 214 
2 13 2 246
249 9 311 1 
250 1 311 101 
251 2 312 27 
252 105 312 2 
253 5 309 55 
254 104 309 5 
255 73 310 6 
256 6 310 108 
257 10 232 9 
258 232 311 9 
259 11 306 10 
260 10 306 232 
261 12 217 11 
262 217 306 11 
263 13 308 12 
264 12 308 217 
265 14 266 13 
266 266 308 13 
267 15 226 14 
268 226 266 14 
269 16 267 15 
270 15 267 226 
271 17 282 16 
272 16 282 267 
273 18 220 17 
274 220 282 17 
275 19 280 18 
276 18 280 220 
277 20 221 19 
278 221 280 19 
279 21 272 20 
280 20 272 221 
281 22 229 21 
282 229 272 21 
283 23 265 22 
284 22 265 229 
285 24 223 23 
286 223 265 23 
287 25 279 24 
288 24 279 223 
289 26 224 25 
290 224 279 25 
291 27 278 26 
292 26 278 224 
293 27 312 278 
294 55 286 56 
295 55 309 286 
296 56 225 57 
297 56 286 225 
298 57 264 58 
299 225 264 57 
300 58 305 59 
301 264 305 58 
302 59 218 60 
303 59 305 218 
304 60 274 61 
305 218 274 60 
306 61 219 62 
307 61 274 219 
308 62 275 63 
309 219 275 62 
310 63 276 64 
311 275 276 63 
312 64 227 65 
313 64 276 227 
314 65 283 66 
315 227 283 65 
316 66 234 67 
317 66 283 234 
318 67 222 68 
319 67 234 222 
320 68 240 69 
321 222 240 68 
322 69 249 70 
323 240 249 69 
324 70 228 71 
325 70 249 228 
326 71 273 72 
327 228 273 71 
328 72 233 73 
329 72 273 233 
330 233 310 73 
331 101 288 102 
332 101 311 288 
333 102 230 103 
334 102 288 230 
335 103 251 104 
336 230 251 103 
337 251 309 104 
338 106 287 105 
339 287 312 105 
340 107 231 106 
341 231 287 106 
342 108 289 107 
343 107 289 231 
344 108 310 289 
345 217 256 255 
346 255 306 217 
347 217 257 256 
348 217 308 257 
349 218 262 260 
350 260 303 218 
351 218 305 262 
352 218 303 274 
353 274 293 219 
354 219 294 275 
355 293 294 219 
356 280 281 220 
357 281 284 220 
358 220 284 282 
359 272 295 221 
360 221 291 280 
361 221 295 291 
362 234 235 222 
363 235 236 222 
364 236 240 222 
365 223 299 265 
366 279 300 223 
367 223 300 299 
368 278 313 224 
369 224 298 279 
370 224 313 298 
371 225 286 252 
372 252 307 225 
373 225 307 264 
374 226 304 266 
375 267 268 226 
376 268 304 226 
377 276 277 227 
378 277 285 227 
379 227 285 283 
380 244 246 228 
381 228 249 244 
382 246 273 228 
383 265 297 229 
384 229 296 272 
385 229 297 296 
386 230 252 251 
387 230 253 252 
388 230 288 253 
389 231 290 287 
390 289 315 231 
391 231 315 290 
392 232 255 253 
393 253 288 232 
394 232 306 255 
395 288 311 232 
396 233 273 248 
397 248 289 233 
398 289 310 233 
399 234 237 235 
400 234 283 237 
401 235 250 236 
402 237 238 235 
403 238 250 235 
404 236 241 240 
405 236 242 241 
406 236 250 242 
407 237 239 238 
408 237 285 239 
409 283 285 237 
410 239 295 238 
411 238 296 250 
412 295 296 238 
413 285 302 239 
414 291 295 239 
415 239 302 291 
416 241 249 240 
417 242 243 241 
418 243 244 241 
419 244 249 241 
420 242 299 243 
421 250 297 242 
422 297 299 242 
423 243 245 244 
424 243 300 245 
425 299 300 243 
426 245 246 244 
427 245 247 246 
428 245 298 247 
429 245 300 298 
430 247 248 246 
431 248 273 246 
432 247 315 248 
433 247 313 290 
434 290 315 247 
435 298 313 247 
436 248 315 289 
437 296 297 250 
438 252 286 251 
439 286 309 251 
440 253 254 252 
441 254 307 252 
442 253 255 254 
443 255 256 254 
444 256 263 254 
445 263 307 254 
446 257 258 256 
447 258 263 256 
448 257 259 258 
449 257 266 259 
450 257 308 266 
451 259 260 258 
452 260 262 258 
453 262 263 258 
454 259 261 260 
455 259 304 261 
456 266 304 259 
457 261 303 260 
458 261 304 268 
459 268 314 261 
460 261 314 303 
461 262 264 263 
462 262 305 264 
463 264 307 263 
464 265 299 297 
465 267 269 268 
466 267 282 269 
467 269 270 268 
468 270 314 268 
469 269 271 270 
470 269 284 271 
471 282 284 269 
472 271 294 270 
473 270 294 293 
474 293 314 270 
475 284 292 271 
476 292 301 271 
477 271 301 294 
478 272 296 295 
479 274 303 293 
480 275 301 276 
481 294 301 275 
482 276 301 277 
483 277 302 285 
484 277 301 292 
485 292 302 277 
486 287 290 278 
487 278 312 287 
488 290 313 278 
489 298 300 279 
490 280 291 281 
491 281 292 284 
492 291 302 281 
493 281 302 292 
494 303 314 293 
2 17 2 66
495 28 335 2 
496 2 335 105 
497 3 337 31 
498 109 337 3 
499 6 334 74 
500 108 334 6 
501 77 336 7 
502 7 336 112 
503 29 326 28 
504 326 335 28 
505 30 319 29 
506 319 326 29 
507 31 324 30 
508 30 324 319 
509 31 337 324 
510 74 327 75 
511 74 334 327 
512 75 318 76 
513 75 327 318 
514 76 330 77 
515 318 330 76 
516 330 336 77 
517 105 328 106 
518 105 335 328 
519 106 316 107 
520 106 328 316 
521 107 325 108 
522 316 325 107 
523 325 334 108 
524 110 329 109 
525 329 337 109 
526 111 317 110 
527 317 329 110 
528 112 320 111 
529 111 320 317 
530 112 336 320 
531 316 333 325 
532 328 333 316 
533 320 321 317 
534 321 322 317 
535 322 329 317 
536 327 332 318 
537 318 339 330 
538 332 339 318 
539 324 338 319 
540 319 331 326 
541 319 338 331 
542 320 330 321 
543 320 336 330 
544 321 323 322 
545 321 339 323 
546 330 339 321 
547 323 338 322 
548 324 329 322 
549 322 338 324 
550 323 333 331 
551 331 338 323 
552 332 333 323 
553 323 339 332 
554 324 337 329 
555 325 332 327 
556 327 334 325 
557 325 333 332 
558 326 331 328 
559 328 335 326 
560 331 333 328 
2 21 2 246
561 32 435 3 
562 3 435 109 
563 4 436 50 
564 113 436 4 
565 7 433 78 
566 112 433 7 
567 96 434 8 
568 8 434 116 
569 33 357 32 
570 357 435 32 
571 34 425 33 
572 33 425 357 
573 35 340 34 
574 340 425 34 
575 36 429 35 
576 35 429 340 
577 37 341 36 
578 341 429 36 
579 38 413 37 
580 37 413 341 
581 39 351 38 
582 351 413 38 
583 40 407 39 
584 39 407 351 
585 41 345 40 
586 345 407 40 
587 42 404 41 
588 41 404 345 
589 43 344 42 
590 344 404 42 
591 44 396 43 
592 43 396 344 
593 45 352 44 
594 352 396 44 
595 46 394 45 
596 45 394 352 
597 47 347 46 
598 347 394 46 
599 48 399 47 
600 47 399 347 
601 49 353 48 
602 353 399 48 
603 50 400 49 
604 49 400 353 
605 50 436 400 
606 78 410 79 
607 78 433 410 
608 79 348 80 
609 79 410 348 
610 80 403 81 
611 348 403 80 
612 81 349 82 
613 81 403 349 
614 82 432 83 
615 349 432 82 
616 83 412 84 
617 83 432 412 
618 84 342 85 
619 84 412 342 
620 85 437 86 
621 342 437 85 
622 86 422 87 
623 86 437 422 
624 87 350 88 
625 87 422 350 
626 88 402 89 
627 350 402 88 
628 89 358 90 
629 89 402 358 
630 90 346 91 
631 90 358 346 
632 91 387 92 
633 346 387 91 
634 92 354 93 
635 92 387 354 
636 93 395 94 
637 354 395 93 
638 94 343 95 
639 94 395 343 
640 95 397 96 
641 343 397 95 
642 397 434 96 
643 109 411 110 
644 109 435 411 
645 110 355 111 
646 110 411 355 
647 111 364 112 
648 355 364 111 
649 364 433 112 
650 114 409 113 
651 409 436 113 
652 115 356 114 
653 356 409 114 
654 116 408 115 
655 115 408 356 
656 116 434 408 
657 340 369 368 
658 368 425 340 
659 340 372 369 
660 340 429 372 
661 341 373 372 
662 372 429 341 
663 341 374 373 
664 341 413 374 
665 377 379 342 
666 342 412 377 
667 379 380 342 
668 380 437 342 
669 395 405 343 
670 343 398 397 
671 343 405 398 
672 396 416 344 
673 344 431 404 
674 416 431 344 
675 386 407 345 
676 345 426 386 
677 404 426 345 
678 358 359 346 
679 359 360 346 
680 360 387 346 
681 347 418 394 
682 399 417 347 
683 417 418 347 
684 348 410 365 
685 365 427 348 
686 348 427 403 
687 403 424 349 
688 424 438 349 
689 349 438 432 
690 382 384 350 
691 350 422 382 
692 384 423 350 
693 350 423 402 
694 351 407 385 
695 385 430 351 
696 351 430 413 
697 394 420 352 
698 352 419 396 
699 352 420 419 
700 353 421 399 
701 400 401 353 
702 401 421 353 
703 387 388 354 
704 388 389 354 
705 389 395 354 
706 355 365 364 
707 355 366 365 
708 355 411 366 
709 408 428 356 
710 356 428 409 
711 357 368 366 
712 366 411 357 
713 357 425 368 
714 411 435 357 
715 358 361 359 
716 358 402 361 
717 359 393 360 
718 361 362 359 
719 362 393 359 
720 360 388 387 
721 360 390 388 
722 360 393 390 
723 361 363 362 
724 361 423 363 
725 402 423 361 
726 363 416 362 
727 362 419 393 
728 416 419 362 
729 384 406 363 
730 363 423 384 
731 406 431 363 
732 363 431 416 
733 365 410 364 
734 410 433 364 
735 366 367 365 
736 367 427 365 
737 366 368 367 
738 368 369 367 
739 369 370 367 
740 370 427 367 
741 369 371 370 
742 369 372 371 
743 371 424 370 
744 370 424 403 
745 403 427 370 
746 372 373 371 
747 373 414 371 
748 414 424 371 
749 374 375 373 
750 375 414 373 
751 374 376 375 
752 374 430 376 
753 413 430 374 
754 376 377 375 
755 377 378 375 
756 378 414 375 
757 376 379 377 
758 376 385 379 
759 376 430 385 
760 377 412 378 
761 412 432 378 
762 378 438 414 
763 432 438 378 
764 379 381 380 
765 379 385 381 
766 381 382 380 
767 382 422 380 
768 422 437 380 
769 381 383 382 
770 381 386 383 
771 385 386 381 
772 383 384 382 
773 383 406 384 
774 386 426 383 
775 383 426 406 
776 385 407 386 
777 388 391 389 
778 390 391 388 
779 391 392 389 
780 392 405 389 
781 389 405 395 
782 390 418 391 
783 393 420 390 
784 390 420 418 
785 391 417 392 
786 391 418 417 
787 392 415 405 
788 392 421 415 
789 417 421 392 
790 419 420 393 
791 418 420 394 
792 396 419 416 
793 398 408 397 
794 408 434 397 
795 405 415 398 
796 398 428 408 
797 415 428 398 
798 399 421 417 
799 400 409 401 
800 400 436 409 
801 409 428 401 
802 415 421 401 
803 401 428 415 
804 406 426 404 
805 404 431 406 
806 414 438 424 
2 25 2 68
807 1 457 54 
808 101 457 1 
809 51 460 4 
810 4 460 113 
811 100 458 5 
812 5 458 104 
813 8 459 97 
814 116 459 8 
815 52 443 51 
816 443 460 51 
817 53 439 52 
818 439 443 52 
819 54 447 53 
820 53 447 439 
821 54 457 447 
822 97 448 98 
823 97 459 448 
824 98 440 99 
825 98 448 440 
826 99 449 100 
827 440 449 99 
828 449 458 100 
829 102 453 101 
830 453 457 101 
831 103 441 102 
832 441 453 102 
833 104 450 103 
834 103 450 441 
835 104 458 450 
836 113 451 114 
837 113 460 451 
838 114 442 115 
839 114 451 442 
840 115 452 116 
841 442 452 115 
842 452 459 116 
843 439 444 443 
844 439 445 444 
845 439 447 445 
846 448 456 440 
847 440 463 449 
848 456 463 440 
849 450 454 441 
850 441 461 453 
851 454 461 441 
852 451 462 442 
853 442 455 452 
854 442 462 455 
855 444 451 443 
856 451 460 443 
857 445 446 444 
858 446 462 444 
859 444 462 451 
860 445 461 446 
861 447 453 445 
862 453 461 445 
863 454 456 446 
864 446 461 454 
865 446 456 455 
866 455 462 446 
867 447 457 453 
868 452 455 448 
869 448 459 452 
870 455 456 448 
871 450 458 449 
872 449 463 450 
873 450 463 454 
874 454 463 456 
2 26 2 248
875 5 55 558 
876 100 5 558 
877 73 6 557 
878 6 74 557 
879 77 7 559 
880 7 78 559 
881 96 8 556 
882 8 97 556 
883 55 56 481 
884 55 481 558 
885 56 57 528 
886 481 56 528 
887 57 58 466 
888 57 466 528 
889 58 59 529 
890 466 58 529 
891 59 60 468 
892 59 468 529 
893 60 61 526 
894 468 60 526 
895 61 62 517 
896 61 517 526 
897 62 63 469 
898 62 469 517 
899 63 64 524 
900 469 63 524 
901 64 65 470 
902 64 470 524 
903 65 66 525 
904 470 65 525 
905 66 67 490 
906 66 490 525 
907 67 68 477 
908 67 477 490 
909 68 69 520 
910 477 68 520 
911 69 70 474 
912 69 474 520 
913 70 71 500 
914 474 70 500 
915 71 72 472 
916 71 472 500 
917 72 73 505 
918 472 72 505 
919 505 73 557 
920 74 75 536 
921 74 536 557 
922 75 76 478 
923 75 478 536 
924 76 77 535 
925 478 76 535 
926 535 77 559 
927 78 79 480 
928 78 480 559 
929 79 80 532 
930 480 79 532 
931 80 81 464 
932 80 464 532 
933 81 82 531 
934 464 81 531 
935 82 83 465 
936 82 465 531 
937 83 84 530 
938 465 83 530 
939 84 85 467 
940 84 467 530 
941 85 86 514 
942 467 85 514 
943 86 87 515 
944 514 86 515 
945 87 88 475 
946 87 475 515 
947 88 89 521 
948 475 88 521 
949 89 90 482 
950 89 482 521 
951 90 91 471 
952 90 471 482 
953 91 92 523 
954 471 91 523 
955 92 93 476 
956 92 476 523 
957 93 94 507 
958 476 93 507 
959 94 95 473 
960 94 473 507 
961 95 96 512 
962 473 95 512 
963 512 96 556 
964 97 98 537 
965 97 537 556 
966 98 99 479 
967 98 479 537 
968 99 100 534 
969 479 99 534 
970 534 100 558 
971 464 531 543 
972 532 464 542 
973 542 464 543 
974 465 530 548 
975 531 465 546 
976 546 465 548 
977 528 466 544 
978 466 529 545 
979 544 466 545 
980 467 514 553 
981 530 467 550 
982 550 467 553 
983 468 526 551 
984 529 468 552 
985 468 551 552 
986 517 469 518 
987 518 469 519 
988 519 469 524 
989 524 470 527 
990 470 525 533 
991 527 470 533 
992 482 471 483 
993 483 471 484 
994 484 471 523 
995 500 472 501 
996 501 472 502 
997 502 472 505 
998 507 473 508 
999 508 473 509 
1000 509 473 512 
1001 496 474 506 
1002 474 496 520 
1003 474 500 506 
1004 515 475 516 
1005 516 475 522 
1006 475 521 522 
1007 488 476 513 
1008 476 488 523 
1009 476 507 513 
1010 490 477 491 
1011 491 477 492 
1012 492 477 520 
1013 478 535 538 
1014 536 478 562 
1015 478 538 562 
1016 479 534 539 
1017 537 479 563 
1018 479 539 563 
1019 480 532 561 
1020 535 480 538 
1021 480 535 559 
1022 538 480 561 
1023 481 528 560 
1024 534 481 539 
1025 481 534 558 
1026 539 481 560 
1027 482 483 485 
1028 482 485 521 
1029 483 484 486 
1030 485 483 540 
1031 483 486 540 
1032 486 484 487 
1033 487 484 488 
1034 488 484 523 
1035 521 485 522 
1036 522 485 549 
1037 485 540 549 
1038 486 487 551 
1039 540 486 555 
1040 486 551 555 
1041 487 488 489 
1042 487 489 552 
1043 551 487 552 
1044 489 488 513 
1045 511 489 513 
1046 489 511 545 
1047 489 545 552 
1048 490 491 493 
1049 490 493 525 
1050 491 492 494 
1051 493 491 498 
1052 491 494 498 
1053 494 492 495 
1054 495 492 496 
1055 496 492 520 
1056 493 498 499 
1057 493 499 533 
1058 525 493 533 
1059 494 495 548 
1060 498 494 550 
1061 494 548 550 
1062 495 496 497 
1063 495 497 546 
1064 495 546 548 
1065 497 496 506 
1066 504 497 506 
1067 497 504 543 
1068 497 543 546 
1069 499 498 553 
1070 498 550 553 
1071 533 499 541 
1072 541 499 554 
1073 499 553 554 
1074 500 501 506 
1075 501 502 503 
1076 501 503 504 
1077 501 504 506 
1078 503 502 562 
1079 502 505 536 
1080 502 536 562 
1081 504 503 542 
1082 503 538 561 
1083 538 503 562 
1084 542 503 561 
1085 504 542 543 
1086 536 505 557 
1087 507 508 513 
1088 508 509 510 
1089 508 510 511 
1090 508 511 513 
1091 510 509 563 
1092 509 512 537 
1093 509 537 563 
1094 511 510 544 
1095 510 539 560 
1096 539 510 563 
1097 544 510 560 
1098 511 544 545 
1099 537 512 556 
1100 514 515 554 
1101 553 514 554 
1102 515 516 554 
1103 516 522 547 
1104 541 516 547 
1105 516 541 554 
1106 517 518 555 
1107 526 517 555 
1108 518 519 549 
1109 540 518 549 
1110 518 540 555 
1111 519 524 527 
1112 519 527 547 
1113 519 547 549 
1114 547 522 549 
1115 551 526 555 
1116 527 533 541 
1117 527 541 547 
1118 528 544 560 
1119 545 529 552 
1120 548 530 550 
1121 543 531 546 
1122 532 542 561 
3 1 4 2558
1123 557 327 334 595 
1124 505 557 233 595 
1125 264 592 466 610 
1126 274 526 604 685 
1127 265 608 173 680 
1128 310 557 334 595 
1129 611 626 172 683 
1130 515 514 554 588 
1131 335 326 210 596 
1132 215 625 596 666 
1133 426 591 639 672 
1134 233 557 310 595 
1135 155 596 215 625 
1136 466 592 264 712 
1137 320 364 693 709 
1138 515 422 514 588 
1139 544 466 592 610 
1140 128 672 591 716 
1141 422 588 515 613 
1142 426 639 591 694 
1143 581 611 172 683 
1144 335 210 312 596 
1145 317 321 320 693 
1146 321 320 693 709 
1147 169 591 128 672 
1148 173 608 145 680 
1149 557 536 327 595 
1150 210 158 312 596 
1151 317 320 364 693 
1152 265 297 608 680 
1153 581 626 611 683 
1154 567 610 670 671 
1155 564 589 698 699 
1156 274 604 303 685 
1157 141 572 612 616 
1158 321 693 598 709 
1159 291 633 586 684 
1160 145 608 571 680 
1161 586 633 291 649 
1162 514 554 588 615 
1163 586 633 611 684 
1164 564 622 589 699 
1165 326 189 210 596 
1166 466 544 592 712 
1167 303 604 679 685 
1168 159 584 157 640 
1169 567 634 610 671 
1170 611 633 281 684 
1171 310 334 289 595 
1172 693 709 364 724 
1173 598 709 693 724 
1174 571 608 297 680 
1175 577 564 606 621 
1176 567 612 572 616 
1177 291 281 633 684 
1178 157 584 625 640 
1179 567 572 612 670 
1180 572 616 141 676 
1181 250 571 297 680 
1182 516 515 588 613 
1183 347 612 129 681 
1184 568 611 581 626 
1185 356 601 442 707 
1186 331 642 596 688 
1187 204 580 121 669 
1188 565 635 653 673 
1189 145 571 144 680 
1190 596 625 569 666 
1191 297 571 250 635 
1192 592 610 264 662 
1193 144 571 145 651 
1194 250 297 296 680 
1195 594 569 625 666 
1196 144 571 651 656 
1197 265 173 130 680 
1198 580 650 121 669 
1199 612 654 632 670 
1200 130 229 265 680 
1201 567 612 632 670 
1202 144 571 656 680 
1203 246 244 579 629 
1204 130 173 145 680 
1205 404 672 128 716 
1206 274 468 526 685 
1207 162 648 630 677 
1208 297 608 571 635 
1209 290 596 313 629 
1210 591 672 404 716 
1211 590 653 635 673 
1212 572 567 616 670 
1213 145 571 608 651 
1214 155 215 156 625 
1215 347 129 176 681 
1216 176 394 347 681 
1217 505 595 233 641 
1218 577 564 621 683 
1219 300 245 298 584 
1220 515 554 516 588 
1221 156 625 215 666 
1222 564 573 604 699 
1223 162 630 216 677 
1224 334 325 289 595 
1225 334 327 325 595 
1226 217 182 119 599 
1227 590 635 250 637 
1228 157 625 587 640 
1229 323 642 331 688 
1230 404 128 168 716 
1231 207 591 194 695 
1232 321 642 598 693 
1233 192 630 660 677 
1234 593 630 601 648 
1235 564 698 573 699 
1236 570 601 593 630 
1237 370 631 585 644 
1238 217 308 182 650 
1239 572 654 612 670 
1240 573 564 679 698 
1241 121 580 204 650 
1242 573 564 604 679 
1243 149 159 608 704 
1244 595 569 642 688 
1245 307 592 264 662 
1246 217 182 599 650 
1247 310 289 233 595 
1248 302 291 633 649 
1249 506 501 579 628 
1250 630 648 593 677 
1251 356 442 601 618 
1252 571 250 635 637 
1253 159 640 608 704 
1254 149 608 159 640 
1255 573 679 604 685 
1256 141 612 572 681 
1257 596 642 569 688 
1258 312 158 278 596 
1259 246 245 244 629 
1260 489 610 634 671 
1261 265 229 297 680 
1262 468 551 526 685 
1263 285 277 578 633 
1264 426 591 404 716 
1265 568 626 581 661 
1266 595 665 569 726 
1267 245 298 584 629 
1268 505 536 557 595 
1269 313 629 596 636 
1270 426 404 591 672 
1271 426 639 406 672 
1272 544 610 592 634 
1273 543 585 542 628 
1274 565 608 635 673 
1275 576 564 604 622 
1276 189 158 210 596 
1277 588 615 554 647 
1278 574 565 602 653 
1279 572 612 418 681 
1280 522 582 645 701 
1281 304 650 580 669 
1282 191 214 156 594 
1283 581 611 568 668 
1284 369 587 631 644 
1285 370 371 631 644 
1286 157 640 587 710 
1287 570 630 593 677 
1288 417 632 421 719 
1289 565 602 652 673 
1290 192 630 627 660 
1291 207 617 591 695 
1292 422 382 588 613 
1293 573 670 610 671 
1294 236 250 590 635 
1295 565 574 602 673 
1296 194 695 591 717 
1297 577 621 606 683 
1298 564 576 604 620 
1299 417 612 632 719 
1300 598 569 665 726 
1301 356 442 451 707 
1302 568 591 675 717 
1303 568 626 591 717 
1304 576 614 519 691 
1305 235 590 250 637 
1306 569 595 629 688 
1307 345 404 168 716 
1308 571 635 608 673 
1309 554 615 553 647 
1310 589 573 698 699 
1311 248 629 595 688 
1312 156 191 594 666 
1313 550 494 574 682 
1314 566 605 656 689 
1315 571 656 605 689 
1316 577 661 564 683 
1317 576 568 614 668 
1318 332 642 595 665 
1319 248 595 629 641 
1320 418 612 572 654 
1321 574 615 550 682 
1322 489 610 671 685 
1323 568 675 586 717 
1324 159 584 154 625 
1325 569 629 596 688 
1326 349 432 438 602 
1327 571 608 651 673 
1328 414 602 378 652 
1329 514 553 554 615 
1330 172 611 581 711 
1331 519 614 576 645 
1332 236 250 235 590 
1333 202 172 626 683 
1334 145 608 149 651 
1335 345 426 404 716 
1336 263 264 610 662 
1337 156 594 625 666 
1338 596 629 290 688 
1339 355 317 364 693 
1340 291 586 649 684 
1341 156 594 214 625 
1342 564 577 606 723 
1343 157 195 196 587 
1344 571 605 637 689 
1345 578 614 277 692 
1346 159 157 584 625 
1347 527 614 578 692 
1348 550 615 574 667 
1349 504 543 542 628 
1350 545 610 544 634 
1351 284 668 611 711 
1352 294 301 668 691 
1353 361 582 623 723 
1354 582 613 522 645 
1355 565 635 609 653 
1356 266 121 650 669 
1357 566 637 605 689 
1358 150 640 196 710 
1359 581 620 269 668 
1360 550 548 494 682 
1361 299 608 657 704 
1362 569 595 642 665 
1363 494 550 574 667 
1364 145 149 148 651 
1365 285 578 277 692 
1366 489 671 552 685 
1367 123 177 280 611 
1368 522 613 582 713 
1369 369 631 371 644 
1370 290 313 247 629 
1371 506 504 501 628 
1372 576 691 519 701 
1373 246 579 244 696 
1374 182 198 119 599 
1375 157 587 196 710 
1376 155 596 625 636 
1377 578 568 614 674 
1378 568 613 582 645 
1379 574 565 653 673 
1380 245 584 300 657 
1381 467 550 615 682 
1382 277 614 578 633 
1383 619 679 573 685 
1384 278 596 158 636 
1385 307 264 263 662 
1386 546 638 602 715 
1387 527 578 533 692 
1388 299 657 300 704 
1389 123 611 280 684 
1390 220 280 177 611 
1391 569 642 596 666 
1392 565 602 644 652 
1393 162 216 163 677 
1394 576 564 622 661 
1395 542 628 585 663 
1396 466 264 528 712 
1397 593 421 632 719 
1398 195 587 157 625 
1399 611 668 581 711 
1400 219 526 517 604 
1401 564 606 623 723 
1402 569 594 642 666 
1403 300 584 298 704 
1404 593 648 161 677 
1405 570 603 592 690 
1406 466 528 544 712 
1407 519 645 576 701 
1408 543 638 546 715 
1409 572 676 141 681 
1410 272 143 178 605 
1411 426 406 639 694 
1412 568 576 614 645 
1413 533 647 578 674 
1414 533 647 607 692 
1415 564 661 621 683 
1416 159 154 584 704 
1417 568 578 614 633 
1418 569 642 598 665 
1419 568 586 611 717 
1420 272 178 221 605 
1421 610 619 258 662 
1422 159 584 640 704 
1423 506 579 501 696 
1424 607 649 285 692 
1425 182 198 599 650 
1426 157 196 640 710 
1427 643 708 617 716 
1428 195 587 625 655 
1429 578 614 527 674 
1430 527 533 578 674 
1431 162 161 648 677 
1432 402 475 521 613 
1433 575 603 686 690 
1434 575 686 601 690 
1435 204 650 580 676 
1436 273 505 233 641 
1437 513 634 597 671 
1438 237 285 607 649 
1439 484 622 589 646 
1440 595 628 569 641 
1441 245 629 584 657 
1442 418 572 681 687 
1443 595 569 629 641 
1444 569 625 596 636 
1445 204 205 650 676 
1446 157 196 150 640 
1447 285 302 277 633 
1448 616 670 619 698 
1449 472 505 273 641 
1450 569 596 629 636 
1451 177 122 220 611 
1452 264 592 307 712 
1453 603 618 563 725 
1454 418 654 572 687 
1455 276 524 470 614 
1456 489 634 513 671 
1457 589 623 360 646 
1458 470 227 276 614 
1459 616 619 580 698 
1460 298 584 629 636 
1461 574 652 602 673 
1462 601 686 570 690 
1463 246 641 579 696 
1464 582 661 623 723 
1465 598 693 642 724 
1466 606 621 136 683 
1467 588 568 613 694 
1468 355 693 364 724 
1469 493 607 533 647 
1470 214 625 594 655 
1471 154 636 584 704 
1472 565 638 609 657 
1473 246 629 579 641 
1474 564 604 622 699 
1475 282 220 122 611 
1476 196 587 195 655 
1477 414 644 602 652 
1478 270 269 620 668 
1479 331 596 642 666 
1480 582 613 568 639 
1481 509 563 618 725 
1482 465 432 531 602 
1483 405 632 658 705 
1484 533 578 647 692 
1485 506 609 638 696 
1486 169 626 591 672 
1487 578 566 607 649 
1488 579 638 565 657 
1489 287 312 278 596 
1490 470 227 614 692 
1491 516 588 554 674 
1492 462 601 442 618 
1493 589 646 360 703 
1494 226 179 121 669 
1495 506 609 496 638 
1496 141 616 612 700 
1497 569 629 625 636 
1498 567 677 593 700 
1499 346 360 646 703 
1500 593 632 612 719 
1501 516 613 588 674 
1502 402 613 521 713 
1503 155 158 596 636 
1504 315 247 248 688 
1505 192 660 213 677 
1506 580 621 204 676 
1507 570 686 603 690 
1508 455 462 442 618 
1509 187 132 447 630 
1510 326 335 328 596 
1511 423 613 582 639 
1512 276 275 469 614 
1513 593 677 567 690 
1514 266 650 304 669 
1515 469 524 276 614 
1516 467 615 342 682 
1517 616 650 205 676 
1518 589 622 484 699 
1519 529 305 466 610 
1520 584 636 298 704 
1521 579 641 501 696 
1522 568 611 586 633 
1523 302 291 281 633 
1524 154 625 584 636 
1525 588 613 568 674 
1526 555 691 604 701 
1527 566 656 583 689 
1528 565 608 584 657 
1529 485 701 622 713 
1530 263 610 258 662 
1531 270 668 620 721 
1532 568 645 582 661 
1533 592 603 570 624 
1534 247 629 248 688 
1535 378 652 602 682 
1536 574 667 615 689 
1537 593 601 570 690 
1538 349 531 432 602 
1539 622 701 582 713 
1540 179 204 121 669 
1541 501 579 628 641 
1542 564 576 620 661 
1543 204 621 580 669 
1544 323 331 333 688 
1545 589 623 564 698 
1546 628 629 569 641 
1547 484 646 589 703 
1548 583 678 566 689 
1549 340 655 587 710 
1550 579 609 638 657 
1551 484 471 646 703 
1552 544 545 466 610 
1553 275 469 614 691 
1554 579 629 628 641 
1555 422 515 350 613 
1556 140 141 616 676 
1557 601 690 593 705 
1558 566 578 607 647 
1559 496 609 506 696 
1560 582 613 423 713 
1561 606 683 136 697 
1562 589 687 623 698 
1563 526 219 274 604 
1564 256 619 599 662 
1565 561 628 598 726 
1566 565 584 608 640 
1567 568 578 633 675 
1568 260 679 619 685 
1569 282 611 122 711 
1570 570 660 630 677 
1571 430 652 583 702 
1572 290 629 247 688 
1573 583 652 430 678 
1574 568 633 614 668 
1575 159 157 150 640 
1576 285 237 607 692 
1577 567 599 677 700 
1578 563 479 537 603 
1579 567 677 599 690 
1580 476 354 597 658 
1581 567 632 612 700 
1582 265 223 173 608 
1583 173 223 127 608 
1584 502 595 505 641 
1585 136 621 606 676 
1586 580 564 620 621 
1587 622 646 485 713 
1588 564 606 621 698 
1589 414 378 375 652 
1590 582 577 661 723 
1591 573 685 604 699 
1592 564 620 604 679 
1593 244 657 241 696 
1594 545 489 610 634 
1595 498 553 550 667 
1596 172 626 611 717 
1597 241 657 609 696 
1598 568 661 581 668 
1599 576 661 622 701 
1600 567 593 632 700 
1601 483 622 484 646 
1602 533 607 493 692 
1603 608 640 584 704 
1604 372 340 587 710 
1605 350 515 475 613 
1606 360 623 589 687 
1607 566 583 617 643 
1608 327 595 536 665 
1609 534 449 440 659 
1610 132 439 447 630 
1611 234 525 490 607 
1612 525 234 283 607 
1613 592 624 252 712 
1614 567 599 619 662 
1615 566 605 586 695 
1616 140 616 205 676 
1617 218 274 303 685 
1618 278 158 125 636 
1619 534 440 479 659 
1620 520 474 249 609 
1621 520 249 240 609 
1622 361 623 582 713 
1623 561 598 538 726 
1624 554 588 647 674 
1625 579 569 628 629 
1626 594 625 569 631 
1627 359 360 623 646 
1628 568 611 626 717 
1629 533 541 647 674 
1630 586 605 566 649 
1631 612 632 593 700 
1632 360 654 589 703 
1633 545 544 511 634 
1634 627 630 570 660 
1635 356 409 601 707 
1636 567 619 610 662 
1637 517 219 604 691 
1638 448 537 603 618 
1639 159 154 157 625 
1640 568 645 614 674 
1641 372 587 644 710 
1642 563 603 537 618 
1643 295 649 605 684 
1644 123 180 611 684 
1645 494 574 653 667 
1646 568 633 586 675 
1647 256 257 599 619 
1648 606 676 621 698 
1649 578 568 674 675 
1650 226 121 266 669 
1651 360 589 654 687 
1652 583 656 571 689 
1653 281 280 611 684 
1654 554 647 541 674 
1655 269 668 284 711 
1656 198 616 599 650 
1657 492 653 590 667 
1658 269 620 581 711 
1659 380 615 588 643 
1660 218 468 274 685 
1661 124 352 606 697 
1662 346 646 471 703 
1663 189 596 326 666 
1664 233 595 248 641 
1665 625 631 594 655 
1666 570 624 603 686 
1667 587 625 584 640 
1668 217 599 257 650 
1669 467 530 550 682 
1670 252 624 592 722 
1671 370 371 369 631 
1672 554 499 541 647 
1673 555 604 622 701 
1674 582 639 568 661 
1675 178 221 605 684 
1676 491 492 590 667 
1677 256 258 619 662 
1678 217 257 308 650 
1679 632 634 575 690 
1680 581 620 576 661 
1681 424 370 585 644 
1682 598 628 569 726 
1683 567 634 632 690 
1684 571 673 583 689 
1685 518 691 555 701 
1686 593 632 421 705 
1687 576 620 581 668 
1688 203 651 583 656 
1689 385 708 643 716 
1690 592 662 307 722 
1691 602 638 546 653 
1692 187 447 627 630 
1693 204 140 205 676 
1694 361 363 582 723 
1695 296 605 295 637 
1696 259 580 304 650 
1697 531 602 349 715 
1698 626 639 591 672 
1699 155 125 158 636 
1700 340 369 587 655 
1701 424 602 644 715 
1702 628 641 595 726 
1703 569 628 598 631 
1704 506 638 579 696 
1705 527 470 614 692 
1706 583 643 566 678 
1707 553 615 550 667 
1708 361 646 623 713 
1709 466 305 264 610 
1710 611 684 180 717 
1711 582 564 622 623 
1712 321 598 665 709 
1713 586 633 578 675 
1714 144 145 147 651 
1715 518 519 691 701 
1716 304 580 259 679 
1717 440 603 479 659 
1718 117 655 340 710 
1719 141 142 616 700 
1720 653 673 590 689 
1721 227 277 614 692 
1722 580 620 564 698 
1723 495 546 638 653 
1724 564 623 582 661 
1725 544 634 592 725 
1726 622 661 582 701 
1727 581 621 564 661 
1728 262 619 610 685 
1729 259 580 619 679 
1730 590 673 635 689 
1731 372 644 600 710 
1732 321 598 642 665 
1733 144 651 147 656 
1734 624 627 461 686 
1735 575 690 601 705 
1736 327 332 595 665 
1737 453 624 288 627 
1738 169 194 207 591 
1739 161 648 593 719 
1740 291 649 295 684 
1741 418 391 612 654 
1742 350 475 402 613 
1743 257 599 619 650 
1744 582 639 577 723 
1745 156 215 191 666 
1746 445 461 627 686 
1747 567 612 616 700 
1748 575 658 405 706 
1749 405 658 575 705 
1750 611 633 568 668 
1751 469 519 614 691 
1752 580 650 616 676 
1753 363 639 582 723 
1754 621 661 581 683 
1755 259 619 580 650 
1756 582 622 564 661 
1757 151 656 203 708 
1758 543 585 638 715 
1759 349 602 438 715 
1760 499 533 541 647 
1761 313 596 278 636 
1762 588 674 568 675 
1763 585 644 602 715 
1764 405 705 575 706 
1765 578 285 649 692 
1766 581 620 564 621 
1767 376 430 652 678 
1768 391 632 612 654 
1769 603 690 575 725 
1770 137 141 676 681 
1771 588 613 382 694 
1772 598 628 561 663 
1773 567 662 610 690 
1774 171 683 621 711 
1775 293 604 314 679 
1776 171 621 208 711 
1777 424 371 370 644 
1778 252 592 307 722 
1779 604 620 576 721 
1780 424 438 414 602 
1781 476 507 354 658 
1782 507 395 354 658 
1783 494 653 492 667 
1784 598 631 628 663 
1785 568 577 626 661 
1786 593 690 632 705 
1787 172 122 611 711 
1788 605 637 296 680 
1789 576 661 568 668 
1790 356 451 409 707 
1791 615 678 377 682 
1792 609 635 590 653 
1793 572 606 687 698 
1794 282 284 611 711 
1795 299 608 297 635 
1796 582 646 622 713 
1797 138 136 683 697 
1798 339 642 332 665 
1799 589 484 671 699 
1800 588 675 568 694 
1801 608 635 299 657 
1802 568 591 626 639 
1803 301 614 633 668 
1804 594 655 631 724 
1805 553 498 647 667 
1806 599 616 198 700 
1807 583 651 203 702 
1808 139 621 136 676 
1809 206 151 203 708 
1810 399 160 129 612 
1811 256 258 257 619 
1812 566 617 583 656 
1813 548 602 653 682 
1814 129 347 399 612 
1815 169 194 591 717 
1816 569 584 625 629 
1817 568 639 613 694 
1818 591 617 207 716 
1819 575 634 632 658 
1820 591 643 386 694 
1821 430 374 652 702 
1822 592 690 603 725 
1823 293 314 604 721 
1824 571 635 590 637 
1825 136 606 137 676 
1826 595 569 628 726 
1827 632 690 575 705 
1828 301 275 614 691 
1829 522 521 613 713 
1830 248 629 246 641 
1831 600 565 652 673 
1832 392 421 632 705 
1833 124 396 352 697 
1834 124 135 396 697 
1835 269 581 668 711 
1836 607 647 578 692 
1837 552 671 487 699 
1838 587 569 625 631 
1839 428 356 601 618 
1840 193 136 621 683 
1841 369 372 340 587 
1842 568 576 645 661 
1843 357 133 594 655 
1844 417 612 391 632 
1845 584 569 625 664 
1846 295 637 605 649 
1847 626 672 175 683 
1848 483 485 622 646 
1849 405 392 632 705 
1850 238 296 295 637 
1851 574 678 615 682 
1852 163 192 213 677 
1853 561 503 628 726 
1854 140 141 142 616 
1855 601 575 618 686 
1856 172 200 626 717 
1857 380 588 381 643 
1858 584 629 569 664 
1859 564 621 580 698 
1860 603 618 575 686 
1861 241 236 609 635 
1862 223 127 608 704 
1863 491 494 492 667 
1864 417 418 391 612 
1865 553 647 615 667 
1866 573 580 619 698 
1867 348 598 480 663 
1868 509 618 706 725 
1869 284 633 611 668 
1870 242 299 297 635 
1871 417 392 421 632 
1872 214 594 133 655 
1873 138 175 672 683 
1874 589 622 564 623 
1875 196 587 655 710 
1876 600 640 565 673 
1877 573 619 670 698 
1878 235 237 607 637 
1879 602 638 565 644 
1880 386 643 591 716 
1881 262 260 619 685 
1882 565 638 602 653 
1883 138 672 577 683 
1884 301 633 292 668 
1885 620 679 564 698 
1886 565 644 600 652 
1887 235 637 607 718 
1888 620 668 576 721 
1889 566 647 607 689 
1890 566 656 605 695 
1891 609 635 236 720 
1892 422 350 382 613 
1893 424 602 414 644 
1894 522 645 549 701 
1895 293 314 303 679 
1896 402 423 613 713 
1897 185 214 133 655 
1898 621 669 208 711 
1899 522 549 485 701 
1900 571 637 590 689 
1901 304 669 580 679 
1902 569 585 628 631 
1903 325 327 332 595 
1904 584 300 657 704 
1905 389 405 632 658 
1906 552 685 671 699 
1907 307 592 252 712 
1908 607 637 237 649 
1909 584 657 608 704 
1910 278 125 224 636 
1911 575 658 632 705 
1912 192 132 187 630 
1913 600 651 640 673 
1914 647 667 607 689 
1915 424 644 585 715 
1916 567 619 616 670 
1917 604 314 679 721 
1918 326 596 331 666 
1919 592 610 662 690 
1920 303 679 260 685 
1921 378 375 652 682 
1922 486 484 622 699 
1923 225 264 307 712 
1924 617 675 591 695 
1925 370 585 631 663 
1926 202 172 200 626 
1927 569 631 587 664 
1928 201 199 600 651 
1929 472 502 505 641 
1930 591 639 568 694 
1931 587 625 569 664 
1932 448 440 456 603 
1933 368 631 655 724 
1934 590 236 635 720 
1935 583 203 656 708 
1936 342 615 377 682 
1937 360 388 654 703 
1938 583 617 643 708 
1939 284 281 611 633 
1940 585 565 638 644 
1941 295 238 637 649 
1942 155 625 154 636 
1943 590 635 571 689 
1944 361 363 423 582 
1945 389 597 354 658 
1946 580 679 620 698 
1947 117 429 184 710 
1948 577 672 138 697 
1949 586 675 566 695 
1950 623 646 582 713 
1951 573 671 610 685 
1952 578 566 649 675 
1953 566 617 656 695 
1954 569 585 631 664 
1955 123 180 177 611 
1956 363 423 582 639 
1957 565 635 608 657 
1958 242 299 635 657 
1959 509 563 537 618 
1960 331 642 338 666 
1961 488 513 597 671 
1962 369 631 587 655 
1963 410 480 348 598 
1964 597 632 389 654 
1965 569 628 585 664 
1966 566 578 647 675 
1967 476 597 513 658 
1968 567 599 616 619 
1969 162 216 630 707 
1970 480 598 561 663 
1971 574 652 678 682 
1972 449 463 440 659 
1973 235 590 637 718 
1974 564 620 581 661 
1975 585 631 587 644 
1976 609 638 565 653 
1977 169 591 626 717 
1978 215 596 189 666 
1979 438 378 414 602 
1980 377 678 652 682 
1981 196 655 117 710 
1982 359 623 361 646 
1983 587 631 625 655 
1984 244 579 657 696 
1985 208 621 204 669 
1986 508 706 658 725 
1987 532 480 561 663 
1988 368 655 594 724 
1989 543 497 546 638 
1990 577 138 683 697 
1991 418 681 420 687 
1992 614 645 527 674 
1993 621 683 581 711 
1994 203 147 651 656 
1995 438 602 424 715 
1996 583 678 430 708 
1997 361 582 423 713 
1998 201 148 199 651 
1999 532 348 480 663 
2000 502 595 641 726 
2001 207 152 617 695 
2002 137 676 606 681 
2003 566 675 617 695 
2004 516 475 515 613 
2005 577 639 582 661 
2006 572 676 606 698 
2007 610 634 567 690 
2008 543 504 497 638 
2009 264 225 528 712 
2010 195 625 214 655 
2011 325 289 595 688 
2012 215 155 189 596 
2013 627 630 445 686 
2014 207 194 152 695 
2015 197 198 164 599 
2016 579 628 585 638 
2017 283 525 607 692 
2018 574 673 653 689 
2019 635 673 571 689 
2020 293 303 604 679 
2021 238 237 637 649 
2022 281 280 220 611 
2023 583 643 678 708 
2024 565 579 657 664 
2025 591 568 675 694 
2026 474 249 609 696 
2027 585 638 602 644 
2028 382 380 422 588 
2029 339 323 332 642 
2030 576 622 604 701 
2031 592 634 610 690 
2032 397 512 434 618 
2033 545 529 466 610 
2034 632 634 597 658 
2035 389 632 597 658 
2036 253 288 624 627 
2037 233 248 273 641 
2038 567 616 599 700 
2039 566 637 607 649 
2040 600 640 199 710 
2041 567 599 662 690 
2042 577 568 639 661 
2043 258 610 262 619 
2044 164 599 198 700 
2045 573 619 580 679 
2046 313 290 278 596 
2047 361 623 362 723 
2048 304 261 669 679 
2049 579 565 638 664 
2050 491 607 493 667 
2051 119 217 599 660 
2052 292 633 284 668 
2053 386 385 643 716 
2054 376 430 374 652 
2055 514 342 467 615 
2056 388 597 389 654 
2057 491 590 492 718 
2058 236 590 235 718 
2059 603 659 592 712 
2060 409 648 601 707 
2061 628 631 585 663 
2062 578 649 607 692 
2063 565 609 635 657 
2064 294 301 271 668 
2065 511 634 544 725 
2066 567 597 632 634 
2067 603 624 592 659 
2068 146 605 144 656 
2069 270 271 269 668 
2070 555 622 604 699 
2071 463 603 440 659 
2072 262 258 263 610 
2073 428 618 601 705 
2074 248 247 246 629 
2075 492 496 609 653 
2076 602 638 585 715 
2077 373 644 414 652 
2078 492 718 590 720 
2079 236 590 718 720 
2080 381 643 588 694 
2081 272 143 605 680 
2082 577 672 626 683 
2083 241 635 609 657 
2084 585 663 370 715 
2085 268 620 669 679 
2086 475 522 521 613 
2087 456 618 603 686 
2088 483 486 484 622 
2089 519 527 614 645 
2090 568 626 577 639 
2091 555 622 540 701 
2092 524 527 470 614 
2093 613 645 568 674 
2094 570 662 599 690 
2095 455 618 456 686 
2096 431 697 672 723 
2097 578 633 586 649 
2098 556 434 512 618 
2099 420 606 419 687 
2100 448 603 456 618 
2101 502 536 505 595 
2102 202 626 175 683 
2103 589 670 687 698 
2104 160 612 399 719 
2105 299 243 300 657 
2106 276 227 277 614 
2107 284 292 281 633 
2108 177 172 122 611 
2109 526 555 517 604 
2110 471 387 346 703 
2111 144 605 146 680 
2112 192 187 627 630 
2113 569 579 628 664 
2114 387 471 523 703 
2115 322 666 642 693 
2116 584 625 629 636 
2117 377 652 375 682 
2118 382 381 588 694 
2119 588 566 643 647 
2120 220 282 284 611 
2121 573 679 580 698 
2122 520 609 240 720 
2123 141 612 166 700 
2124 401 601 409 648 
2125 666 693 322 714 
2126 630 648 162 707 
2127 405 398 705 706 
2128 508 658 634 725 
2129 658 706 575 725 
2130 567 632 593 690 
2131 155 158 189 596 
2132 164 197 599 677 
2133 607 667 491 718 
2134 205 616 198 650 
2135 615 643 566 647 
2136 488 489 513 671 
2137 352 124 606 681 
2138 272 221 295 605 
2139 585 638 565 664 
2140 341 600 118 710 
2141 591 643 617 716 
2142 146 178 143 605 
2143 372 373 600 644 
2144 565 587 640 644 
2145 201 203 651 702 
2146 144 656 605 680 
2147 195 156 214 625 
2148 380 382 381 588 
2149 579 569 629 664 
2150 492 653 609 720 
2151 149 159 150 640 
2152 238 239 237 649 
2153 226 266 304 669 
2154 161 162 163 677 
2155 137 606 136 681 
2156 514 437 342 615 
2157 499 554 553 647 
2158 476 597 354 703 
2159 618 705 398 706 
2160 565 657 584 664 
2161 572 687 670 698 
2162 290 287 278 596 
2163 560 544 592 725 
2164 480 598 410 709 
2165 604 691 576 701 
2166 453 461 624 627 
2167 289 248 233 595 
2168 573 670 589 698 
2169 592 659 624 712 
2170 432 438 602 682 
2171 166 700 612 719 
2172 586 649 566 675 
2173 146 178 605 684 
2174 524 469 519 614 
2175 234 607 490 718 
2176 426 406 404 672 
2177 569 594 631 724 
2178 295 605 296 680 
2179 356 408 442 618 
2180 588 647 578 675 
2181 531 546 465 602 
2182 496 638 609 653 
2183 393 623 360 687 
2184 545 511 489 634 
2185 117 340 429 710 
2186 607 637 566 689 
2187 529 305 610 685 
2188 566 643 615 678 
2189 389 405 392 632 
2190 268 304 261 669 
2191 578 649 586 675 
2192 420 681 606 687 
2193 620 679 314 721 
2194 276 301 275 614 
2195 452 442 408 618 
2196 146 605 143 680 
2197 419 606 420 681 
2198 493 607 647 667 
2199 506 497 504 638 
2200 164 677 599 700 
2201 149 608 127 704 
2202 328 596 287 688 
2203 190 630 216 707 
2204 579 638 609 696 
2205 517 604 555 691 
2206 585 628 579 664 
2207 555 604 526 699 
2208 338 666 322 714 
2209 493 607 491 718 
2210 235 607 237 718 
2211 162 190 216 707 
2212 146 684 605 695 
2213 331 323 338 642 
2214 572 670 616 698 
2215 569 642 594 724 
2216 241 609 236 720 
2217 242 635 241 657 
2218 561 538 503 726 
2219 391 389 632 654 
2220 492 609 496 720 
2221 584 629 579 657 
2222 547 527 645 674 
2223 293 274 219 604 
2224 166 612 160 719 
2225 155 156 154 625 
2226 555 526 551 699 
2227 620 669 581 711 
2228 136 606 124 681 
2229 393 359 360 623 
2230 293 604 219 721 
2231 139 204 621 676 
2232 597 634 513 658 
2233 565 640 600 644 
2234 580 676 616 698 
2235 671 685 573 699 
2236 582 623 622 646 
2237 556 459 434 618 
2238 389 388 354 597 
2239 144 146 143 680 
2240 592 624 570 722 
2241 570 599 677 690 
2242 672 697 577 723 
2243 586 684 611 717 
2244 565 584 640 664 
2245 579 638 585 664 
2246 536 595 502 726 
2247 118 201 199 600 
2248 268 669 261 679 
2249 465 432 602 682 
2250 584 625 587 664 
2251 580 621 620 669 
2252 119 599 197 660 
2253 169 591 207 716 
2254 389 354 395 658 
2255 294 668 271 721 
2256 610 619 573 685 
2257 605 637 566 649 
2258 616 676 572 698 
2259 488 513 476 597 
2260 500 472 273 641 
2261 273 228 500 641 
2262 378 377 375 682 
2263 321 665 339 709 
2264 221 295 605 684 
2265 287 596 290 688 
2266 598 665 538 726 
2267 271 668 270 721 
2268 585 565 644 664 
2269 546 602 531 715 
2270 579 629 584 664 
2271 427 663 631 724 
2272 242 243 299 657 
2273 461 441 453 624 
2274 589 671 484 703 
2275 493 533 499 647 
2276 476 513 507 658 
2277 378 602 438 682 
2278 576 581 661 668 
2279 365 364 709 724 
2280 368 357 594 655 
2281 298 629 313 636 
2282 567 632 597 670 
2283 365 709 598 724 
2284 600 640 587 644 
2285 431 416 697 723 
2286 519 547 527 645 
2287 577 683 606 697 
2288 620 621 581 669 
2289 536 665 595 726 
2290 444 630 601 686 
2291 338 642 322 666 
2292 248 595 289 688 
2293 137 136 124 681 
2294 454 603 463 659 
2295 604 691 219 721 
2296 546 548 465 602 
2297 214 191 133 594 
2298 496 495 638 653 
2299 299 223 608 704 
2300 556 537 459 618 
2301 256 599 255 662 
2302 142 198 616 700 
2303 357 594 133 714 
2304 370 631 427 663 
2305 547 613 516 674 
2306 642 666 594 693 
2307 588 643 615 647 
2308 565 640 587 664 
2309 295 239 238 649 
2310 587 631 585 664 
2311 539 712 603 725 
2312 560 592 544 712 
2313 205 142 198 616 
2314 350 402 423 613 
2315 509 618 512 706 
2316 542 561 628 663 
2317 428 398 618 705 
2318 616 619 599 650 
2319 172 202 171 683 
2320 547 645 613 674 
2321 321 642 339 665 
2322 390 654 418 687 
2323 581 669 621 711 
2324 569 631 598 724 
2325 493 607 525 692 
2326 283 607 237 692 
2327 372 600 341 710 
2328 600 644 373 652 
2329 583 651 571 656 
2330 462 444 601 686 
2331 587 640 584 664 
2332 315 248 289 688 
2333 352 606 419 681 
2334 241 609 249 696 
2335 447 439 445 630 
2336 399 612 417 719 
2337 119 181 217 660 
2338 474 609 496 696 
2339 189 326 319 666 
2340 208 139 204 621 
2341 548 465 602 682 
2342 324 666 338 714 
2343 571 651 583 673 
2344 601 648 401 705 
2345 141 166 142 700 
2346 132 190 439 630 
2347 224 153 279 636 
2348 331 596 328 688 
2349 326 328 331 596 
2350 327 536 318 665 
2351 424 585 370 715 
2352 237 239 285 649 
2353 473 343 507 658 
2354 395 507 343 658 
2355 149 145 173 608 
2356 583 702 203 708 
2357 480 538 561 598 
2358 570 599 662 722 
2359 430 702 583 708 
2360 299 223 265 608 
2361 587 644 565 664 
2362 246 228 641 696 
2363 578 647 588 674 
2364 253 627 624 722 
2365 569 598 642 724 
2366 592 662 570 690 
2367 295 272 605 680 
2368 547 522 613 645 
2369 583 673 652 678 
2370 539 560 712 725 
2371 485 540 483 622 
2372 224 125 153 636 
2373 602 652 574 682 
2374 578 674 588 675 
2375 354 597 388 703 
2376 339 665 330 709 
2377 151 656 617 695 
2378 118 201 600 702 
2379 488 597 476 703 
2380 540 622 485 701 
2381 161 700 166 719 
2382 601 630 444 707 
2383 151 617 152 695 
2384 333 325 332 595 
2385 463 603 454 686 
2386 584 657 579 664 
2387 360 654 390 687 
2388 313 278 224 636 
2389 196 195 117 655 
2390 454 624 603 659 
2391 492 590 653 720 
2392 198 197 119 599 
2393 173 127 149 608 
2394 171 193 621 683 
2395 552 551 685 699 
2396 632 654 597 670 
2397 547 522 516 613 
2398 368 425 357 655 
2399 297 299 265 608 
2400 566 647 588 675 
2401 208 171 193 621 
2402 500 501 641 696 
2403 352 419 420 681 
2404 617 708 206 716 
2405 186 684 695 717 
2406 594 693 666 714 
2407 622 623 589 646 
2408 456 603 463 686 
2409 426 591 386 694 
2410 607 637 590 718 
2411 165 400 436 707 
2412 201 203 147 651 
2413 421 593 705 719 
2414 593 677 161 700 
2415 181 306 217 660 
2416 428 356 409 601 
2417 603 624 454 686 
2418 493 647 498 667 
2419 434 459 452 618 
2420 167 206 708 716 
2421 234 237 283 607 
2422 493 490 525 607 
2423 385 678 643 708 
2424 253 288 230 624 
2425 432 378 438 682 
2426 240 249 241 609 
2427 447 445 627 630 
2428 552 487 551 699 
2429 254 307 662 722 
2430 590 635 609 720 
2431 570 630 627 686 
2432 496 474 520 609 
2433 652 673 574 678 
2434 206 152 151 617 
2435 139 193 136 621 
2436 600 652 374 702 
2437 509 537 512 618 
2438 258 262 260 619 
2439 241 242 236 635 
2440 592 570 662 722 
2441 452 455 442 618 
2442 585 644 587 664 
2443 575 705 618 706 
2444 542 561 503 628 
2445 325 595 333 688 
2446 574 653 602 682 
2447 527 541 533 674 
2448 365 598 348 663 
2449 586 695 684 717 
2450 324 338 322 714 
2451 153 636 154 704 
2452 497 495 546 638 
2453 161 593 700 719 
2454 255 599 217 660 
2455 634 658 575 725 
2456 223 173 23 265 
2457 173 223 23 127 
2458 476 354 507 93 
2459 22 173 130 265 
2460 354 395 507 93 
2461 525 490 66 234 
2462 249 520 69 474 
2463 507 343 473 94 
2464 66 525 234 283 
2465 507 395 343 94 
2466 240 520 69 249 
2467 44 124 396 352 
2468 387 346 91 471 
2469 135 44 124 396 
2470 609 657 579 696 
2471 91 387 471 523 
2472 342 377 412 682 
2473 357 693 594 714 
2474 265 130 22 229 
2475 394 46 176 347 
2476 129 176 46 347 
2477 590 491 667 718 
2478 514 467 553 615 
2479 506 496 497 638 
2480 295 296 272 680 
2481 360 346 387 703 
2482 624 659 252 712 
2483 399 129 47 347 
2484 490 607 493 718 
2485 237 607 234 718 
2486 160 129 47 399 
2487 508 509 706 725 
2488 372 429 340 710 
2489 566 588 643 675 
2490 573 589 671 699 
2491 122 220 17 177 
2492 467 550 553 615 
2493 242 241 243 657 
2494 471 484 523 703 
2495 64 276 524 470 
2496 136 137 139 676 
2497 235 238 237 637 
2498 375 373 414 652 
2499 397 512 618 706 
2500 589 670 654 687 
2501 64 276 470 227 
2502 175 138 202 683 
2503 346 360 359 646 
2504 500 71 273 472 
2505 273 228 71 500 
2506 219 526 61 517 
2507 597 654 589 670 
2508 409 401 428 601 
2509 363 431 639 723 
2510 63 276 275 469 
2511 63 276 469 524 
2512 604 679 620 721 
2513 243 245 300 657 
2514 374 600 373 652 
2515 448 459 537 618 
2516 321 339 330 709 
2517 165 436 209 707 
2518 456 463 454 686 
2519 486 622 555 699 
2520 208 669 170 711 
2521 368 367 631 724 
2522 617 643 591 675 
2523 118 600 341 702 
2524 570 627 624 686 
2525 648 705 593 719 
2526 508 513 634 658 
2527 143 178 20 272 
2528 193 138 136 683 
2529 368 594 366 724 
2530 220 122 17 282 
2531 536 478 318 665 
2532 570 660 599 722 
2533 560 592 712 725 
2534 140 142 205 616 
2535 186 180 684 717 
2536 291 239 295 649 
2537 405 415 392 705 
2538 131 189 319 666 
2539 165 648 400 707 
2540 221 20 178 272 
2541 251 441 450 624 
2542 247 313 298 629 
2543 201 651 600 702 
2544 206 207 617 716 
2545 217 256 257 599 
2546 486 540 555 622 
2547 146 186 684 695 
2548 391 388 389 654 
2549 390 360 388 654 
2550 490 493 491 718 
2551 477 491 492 718 
2552 235 237 234 718 
2553 236 235 222 718 
2554 118 600 199 710 
2555 472 72 273 505 
2556 605 649 586 684 
2557 72 233 273 505 
2558 385 430 678 708 
2559 477 718 492 720 
2560 236 718 222 720 
2561 390 418 420 687 
2562 188 131 324 666 
2563 123 177 18 280 
2564 348 365 410 598 
2565 170 179 267 669 
2566 512 537 556 618 
2567 497 496 495 638 
2568 583 651 600 673 
2569 177 220 18 280 
2570 539 659 603 712 
2571 597 654 388 703 
2572 384 382 613 694 
2573 302 285 239 649 
2574 376 652 375 678 
2575 242 297 250 635 
2576 241 240 609 720 
2577 605 656 146 695 
2578 172 611 180 717 
2579 583 600 652 673 
2580 133 594 191 714 
2581 520 496 609 720 
2582 191 594 666 714 
2583 372 341 429 710 
2584 589 654 597 703 
2585 207 152 206 617 
2586 541 516 554 674 
2587 315 290 247 688 
2588 386 591 426 716 
2589 228 500 641 696 
2590 601 618 575 705 
2591 536 562 665 726 
2592 444 462 601 707 
2593 255 256 217 599 
2594 274 293 303 604 
2595 285 283 237 692 
2596 573 589 670 671 
2597 570 677 593 690 
2598 149 127 159 704 
2599 484 487 671 699 
2600 427 365 348 663 
2601 412 467 530 84 
2602 571 637 605 680 
2603 244 241 249 696 
2604 341 600 374 702 
2605 250 296 238 637 
2606 381 386 643 694 
2607 162 648 161 719 
2608 533 493 525 692 
2609 406 639 431 672 
2610 403 370 663 715 
2611 232 660 627 722 
2612 175 626 169 672 
2613 478 535 330 665 
2614 428 601 401 705 
2615 654 670 572 687 
2616 545 529 610 685 
2617 25 279 224 153 
2618 246 244 228 696 
2619 483 484 471 646 
2620 179 267 15 170 
2621 474 496 506 696 
2622 153 224 25 125 
2623 385 407 708 716 
2624 501 641 628 726 
2625 159 153 154 704 
2626 148 150 199 640 
2627 149 150 148 640 
2628 259 619 260 679 
2629 399 347 417 612 
2630 526 219 61 274 
2631 410 598 365 709 
2632 577 639 626 672 
2633 444 445 630 686 
2634 146 186 178 684 
2635 631 663 598 724 
2636 590 637 607 689 
2637 362 361 359 623 
2638 268 267 669 711 
2639 161 166 160 719 
2640 357 366 594 693 
2641 280 281 291 684 
2642 241 236 240 720 
2643 179 226 267 669 
2644 590 607 667 689 
2645 366 368 357 594 
2646 520 492 496 720 
2647 538 665 598 709 
2648 575 706 618 725 
2649 583 656 617 708 
2650 587 640 600 710 
2651 368 631 369 655 
2652 489 511 513 634 
2653 305 262 264 610 
2654 160 166 129 612 
2655 597 670 589 671 
2656 500 506 501 696 
2657 538 598 480 709 
2658 243 244 245 657 
2659 606 676 572 681 
2660 316 231 289 688 
2661 327 318 332 665 
2662 575 618 603 725 
2663 131 319 324 666 
2664 518 519 469 691 
2665 218 303 260 685 
2666 291 302 239 649 
2667 325 316 289 688 
2668 236 242 250 635 
2669 279 298 636 704 
2670 262 263 264 610 
2671 208 204 179 669 
2672 508 634 511 725 
2673 384 613 423 639 
2674 268 269 267 711 
2675 341 372 373 600 
2676 171 122 172 711 
2677 566 643 617 675 
2678 153 279 636 704 
2679 121 226 14 179 
2680 362 623 393 723 
2681 288 311 457 627 
2682 187 53 447 132 
2683 413 120 183 708 
2684 267 179 15 226 
2685 473 343 658 706 
2686 121 204 205 650 
2687 479 98 537 440 
2688 326 331 319 666 
2689 364 320 317 111 
2690 488 671 597 703 
2691 330 318 478 665 
2692 188 666 324 714 
2693 600 644 587 710 
2694 254 252 307 722 
2695 580 619 616 650 
2696 485 521 522 713 
2697 301 294 275 691 
2698 190 162 648 707 
2699 493 499 498 647 
2700 470 527 533 692 
2701 341 373 374 600 
2702 377 375 652 678 
2703 428 408 356 618 
2704 483 482 485 646 
2705 141 129 166 612 
2706 379 377 615 678 
2707 419 362 393 723 
2708 238 235 250 637 
2709 227 285 277 692 
2710 475 88 402 521 
2711 251 230 441 624 
2712 539 479 563 603 
2713 612 700 593 719 
2714 191 666 188 714 
2715 232 627 253 722 
2716 181 134 306 660 
2717 162 126 648 719 
2718 538 535 665 709 
2719 484 671 488 703 
2720 599 660 570 677 
2721 580 669 620 679 
2722 431 344 672 697 
2723 511 544 510 725 
2724 347 418 417 612 
2725 186 180 123 684 
2726 482 485 646 713 
2727 434 452 408 618 
2728 399 417 421 719 
2729 162 161 126 719 
2730 151 146 656 695 
2731 119 197 181 660 
2732 437 380 342 615 
2733 591 675 643 694 
2734 268 270 269 620 
2735 60 274 468 526 
2736 299 300 223 704 
2737 140 137 141 676 
2738 358 359 361 646 
2739 288 457 453 627 
2740 132 53 447 439 
2741 304 259 261 679 
2742 197 660 599 677 
2743 174 138 672 697 
2744 244 243 241 657 
2745 251 624 450 659 
2746 377 376 375 678 
2747 621 676 580 698 
2748 177 180 172 611 
2749 453 445 461 627 
2750 462 455 446 686 
2751 555 540 518 701 
2752 535 330 665 709 
2753 358 646 361 713 
2754 52 132 190 439 
2755 120 38 413 183 
2756 539 603 563 725 
2757 269 284 282 711 
2758 590 667 607 718 
2759 451 356 114 442 
2760 384 613 639 694 
2761 553 498 499 647 
2762 443 52 190 439 
2763 202 200 175 626 
2764 252 624 251 659 
2765 372 371 373 644 
2766 411 693 357 714 
2767 518 517 555 691 
2768 552 489 487 671 
2769 392 415 421 705 
2770 543 546 531 715 
2771 413 183 702 708 
2772 284 281 220 611 
2773 560 510 544 725 
2774 49 126 353 648 
2775 211 457 311 627 
2776 49 165 126 648 
2777 171 208 170 711 
2778 519 527 524 614 
2779 431 416 344 697 
2780 232 211 311 627 
2781 266 259 304 650 
2782 412 342 467 84 
2783 165 49 400 648 
2784 257 619 259 650 
2785 49 353 400 648 
2786 92 476 354 703 
2787 515 350 475 87 
2788 102 288 453 441 
2789 549 645 519 701 
2790 424 414 371 644 
2791 145 144 130 680 
2792 405 658 343 706 
2793 597 671 589 703 
2794 221 291 295 684 
2795 321 322 642 693 
2796 498 491 493 667 
2797 150 199 640 710 
2798 492 495 496 653 
2799 381 383 386 694 
2800 269 271 284 668 
2801 513 511 508 634 
2802 176 141 137 681 
2803 482 90 358 646 
2804 90 471 346 646 
2805 305 262 610 685 
2806 90 346 358 646 
2807 601 648 630 707 
2808 420 419 393 687 
2809 168 169 207 716 
2810 603 712 592 725 
2811 473 658 508 706 
2812 609 653 590 720 
2813 203 151 147 656 
2814 482 471 90 646 
2815 342 379 377 615 
2816 410 365 364 709 
2817 188 30 324 131 
2818 276 277 301 614 
2819 606 697 419 723 
2820 601 630 570 686 
2821 600 651 583 702 
2822 169 626 200 717 
2823 548 495 494 653 
2824 206 167 207 716 
2825 449 440 99 534 
2826 464 403 532 663 
2827 583 652 600 702 
2828 14 266 226 121 
2829 190 648 165 707 
2830 184 429 36 118 
2831 117 429 35 184 
2832 427 631 367 724 
2833 183 203 702 708 
2834 413 351 120 708 
2835 57 528 466 264 
2836 405 398 415 705 
2837 392 391 389 632 
2838 448 456 455 618 
2839 379 615 643 678 
2840 593 648 601 705 
2841 170 669 267 711 
2842 417 391 392 632 
2843 545 552 529 685 
2844 368 367 369 631 
2845 484 486 487 699 
2846 316 106 231 287 
2847 194 186 695 717 
2848 384 382 350 613 
2849 402 350 88 475 
2850 387 92 354 703 
2851 92 523 476 703 
2852 98 448 537 440 
2853 446 455 456 686 
2854 421 401 353 719 
2855 134 232 306 660 
2856 440 463 456 603 
2857 465 432 82 531 
2858 605 656 571 680 
2859 117 185 340 655 
2860 146 144 151 656 
2861 400 648 409 707 
2862 256 263 258 662 
2863 165 190 162 648 
2864 385 386 407 716 
2865 478 538 535 665 
2866 357 411 366 693 
2867 131 30 324 319 
2868 361 362 363 723 
2869 531 432 82 349 
2870 440 479 99 534 
2871 401 648 353 719 
2872 232 134 211 627 
2873 340 185 425 655 
2874 542 543 464 715 
2875 252 659 286 712 
2876 138 175 174 672 
2877 200 172 180 717 
2878 535 76 478 330 
2879 403 370 427 663 
2880 120 407 39 167 
2881 606 681 572 687 
2882 532 464 80 403 
2883 501 502 641 726 
2884 398 397 618 706 
2885 518 549 519 701 
2886 279 300 298 704 
2887 385 430 376 678 
2888 191 131 188 666 
2889 475 516 522 613 
2890 349 438 424 715 
2891 604 576 691 721 
2892 536 327 318 75 
2893 134 627 232 660 
2894 38 413 351 120 
2895 200 169 175 626 
2896 167 120 407 708 
2897 331 328 333 688 
2898 443 444 439 707 
2899 182 205 198 650 
2900 288 253 232 627 
2901 175 169 128 672 
2902 158 26 278 125 
2903 245 247 298 629 
2904 542 464 663 715 
2905 288 102 230 441 
2906 508 511 510 725 
2907 170 208 179 669 
2908 245 246 247 629 
2909 414 373 371 644 
2910 444 630 439 707 
2911 29 189 326 319 
2912 428 398 408 618 
2913 364 317 355 111 
2914 197 213 660 677 
2915 462 446 444 686 
2916 536 502 562 726 
2917 605 684 586 695 
2918 76 318 478 330 
2919 318 536 75 478 
2920 460 209 436 707 
2921 444 446 445 686 
2922 224 278 26 125 
2923 259 257 258 619 
2924 296 297 229 680 
2925 189 29 131 319 
2926 11 119 181 217 
2927 60 274 218 468 
2928 456 454 446 686 
2929 420 418 394 681 
2930 131 215 189 666 
2931 185 340 34 117 
2932 452 459 448 618 
2933 254 662 255 722 
2934 306 11 181 217 
2935 216 132 192 630 
2936 306 255 217 660 
2937 365 355 364 724 
2938 273 246 228 641 
2939 34 425 340 185 
2940 454 624 461 686 
2941 404 406 431 672 
2942 132 216 190 630 
2943 536 562 478 665 
2944 87 515 350 422 
2945 370 367 427 631 
2946 500 501 472 641 
2947 408 397 434 618 
2948 340 429 35 117 
2949 266 121 13 650 
2950 501 628 503 726 
2951 167 708 407 716 
2952 368 366 367 724 
2953 643 675 588 694 
2954 154 125 155 636 
2955 195 157 156 625 
2956 174 344 43 697 
2957 530 83 465 682 
2958 387 523 92 703 
2959 624 627 570 722 
2960 382 383 381 694 
2961 413 702 430 708 
2962 634 690 592 725 
2963 286 252 251 659 
2964 142 164 198 700 
2965 254 256 255 662 
2966 466 529 58 305 
2967 57 528 264 225 
2968 452 442 115 408 
2969 258 260 259 619 
2970 383 426 386 694 
2971 432 465 83 682 
2972 341 36 429 118 
2973 395 343 405 658 
2974 224 279 298 636 
2975 401 409 400 648 
2976 350 423 384 613 
2977 183 120 203 708 
2978 502 472 501 641 
2979 409 451 356 114 
2980 266 13 308 650 
2981 507 508 473 658 
2982 460 436 409 707 
2983 529 468 59 685 
2984 153 125 154 636 
2985 494 498 550 667 
2986 321 323 339 642 
2987 338 323 322 642 
2988 483 540 486 622 
2989 560 539 510 725 
2990 575 690 634 725 
2991 174 672 344 697 
2992 321 317 322 693 
2993 10 181 134 306 
2994 185 33 425 133 
2995 174 43 135 697 
2996 450 624 454 659 
2997 397 95 512 706 
2998 594 693 366 724 
2999 351 407 39 120 
3000 379 643 385 678 
3001 548 550 530 682 
3002 164 161 677 700 
3003 405 389 395 658 
3004 460 443 209 707 
3005 442 356 115 408 
3006 79 480 532 348 
3007 135 136 138 697 
3008 403 348 532 663 
3009 143 272 21 680 
3010 264 466 58 305 
3011 120 351 407 708 
3012 145 148 147 651 
3013 124 352 45 681 
3014 504 503 501 628 
3015 504 542 503 628 
3016 508 507 513 658 
3017 421 415 401 705 
3018 248 246 273 641 
3019 151 152 146 695 
3020 397 408 398 618 
3021 393 362 359 623 
3022 301 292 271 668 
3023 396 43 344 697 
3024 441 454 450 624 
3025 376 374 375 652 
3026 530 412 83 682 
3027 292 277 302 633 
3028 37 183 118 702 
3029 450 251 103 441 
3030 208 193 139 621 
3031 473 508 509 706 
3032 311 288 232 627 
3033 400 409 436 707 
3034 409 451 460 707 
3035 42 344 174 672 
3036 432 83 412 682 
3037 253 624 252 722 
3038 494 495 492 653 
3039 143 21 130 680 
3040 386 385 381 643 
3041 370 369 367 631 
3042 387 388 360 703 
3043 562 538 665 726 
3044 305 529 59 685 
3045 292 302 281 633 
3046 190 209 443 707 
3047 342 380 379 615 
3048 229 21 272 680 
3049 128 42 174 672 
3050 340 368 369 655 
3051 144 147 151 656 
3052 167 206 120 708 
3053 523 484 488 703 
3054 397 343 95 706 
3055 461 445 446 686 
3056 403 80 532 348 
3057 154 156 157 625 
3058 473 512 95 706 
3059 394 45 352 681 
3060 37 118 341 702 
3061 176 124 45 681 
3062 229 130 21 680 
3063 289 316 107 231 
3064 197 163 213 677 
3065 398 405 343 706 
3066 396 135 43 697 
3067 528 560 544 712 
3068 259 260 261 679 
3069 329 322 693 714 
3070 606 577 697 723 
3071 447 445 453 627 
3072 426 383 406 694 
3073 251 252 230 624 
3074 176 45 394 681 
3075 314 270 268 620 
3076 464 403 663 715 
3077 375 374 373 652 
3078 547 549 522 645 
3079 289 107 316 325 
3080 190 165 209 707 
3081 642 693 594 724 
3082 484 487 488 671 
3083 480 79 410 348 
3084 416 419 697 723 
3085 508 510 509 725 
3086 203 201 183 702 
3087 184 196 117 710 
3088 184 118 199 710 
3089 106 316 328 287 
3090 473 95 343 706 
3091 306 134 10 232 
3092 357 425 33 133 
3093 152 194 186 695 
3094 547 541 527 674 
3095 453 457 447 627 
3096 329 324 322 714 
3097 446 454 461 686 
3098 252 253 230 624 
3099 230 103 251 441 
3100 271 292 284 668 
3101 439 444 445 630 
3102 552 551 468 685 
3103 510 539 563 725 
3104 449 534 558 659 
3105 325 333 316 688 
3106 322 323 321 642 
3107 333 328 316 688 
3108 396 416 419 697 
3109 309 558 286 659 
3110 391 418 390 654 
3111 309 251 458 659 
3112 161 163 164 677 
3113 187 134 192 627 
3114 452 448 455 618 
3115 324 319 338 666 
3116 42 128 404 672 
3117 218 59 468 685 
3118 353 648 126 719 
3119 351 413 430 708 
3120 231 287 290 688 
3121 330 320 321 709 
3122 424 370 403 715 
3123 270 620 314 721 
3124 42 404 344 672 
3125 379 381 385 643 
3126 134 187 211 627 
3127 354 388 387 703 
3128 169 200 194 717 
3129 523 488 476 703 
3130 558 481 286 659 
3131 498 494 491 667 
3132 481 659 539 712 
3133 37 413 183 702 
3134 450 454 463 659 
3135 413 37 341 702 
3136 212 435 357 714 
3137 541 547 516 674 
3138 450 458 251 659 
3139 298 313 224 636 
3140 86 514 515 422 
3141 280 19 123 684 
3142 181 213 134 660 
3143 482 646 358 713 
3144 360 390 393 687 
3145 435 329 411 714 
3146 449 558 458 659 
3147 358 346 359 646 
3148 330 339 318 665 
3149 519 549 547 645 
3150 232 255 306 660 
3151 178 19 221 684 
3152 431 363 416 723 
3153 307 252 225 712 
3154 203 120 206 708 
3155 627 660 570 722 
3156 329 435 337 714 
3157 218 305 59 685 
3158 303 314 261 679 
3159 178 123 19 684 
3160 294 271 270 721 
3161 319 331 338 666 
3162 441 461 454 624 
3163 280 221 19 684 
3164 188 133 191 714 
3165 556 97 459 537 
3166 218 260 262 685 
3167 147 148 201 651 
3168 212 357 133 714 
3169 406 384 639 694 
3170 108 334 289 310 
3171 481 534 539 659 
3172 538 478 562 665 
3173 289 231 315 688 
3174 406 363 431 639 
3175 139 140 204 676 
3176 131 191 215 666 
3177 488 487 489 671 
3178 469 275 62 691 
3179 538 480 535 709 
3180 318 339 332 665 
3181 482 483 471 646 
3182 525 283 65 692 
3183 65 227 470 692 
3184 86 437 514 422 
3185 219 517 62 691 
3186 249 474 70 696 
3187 364 320 336 709 
3188 500 228 70 696 
3189 509 510 563 725 
3190 558 309 458 659 
3191 391 390 388 654 
3192 363 384 423 639 
3193 213 181 197 660 
3194 317 110 329 693 
3195 257 259 266 650 
3196 562 503 538 726 
3197 329 693 411 714 
3198 219 62 275 691 
3199 289 325 334 108 
3200 286 659 481 712 
3201 185 195 214 655 
3202 164 163 197 677 
3203 433 559 410 709 
3204 525 65 470 692 
3205 469 62 517 691 
3206 65 283 227 692 
3207 261 260 303 679 
3208 448 459 97 537 
3209 447 457 54 187 
3210 336 433 364 709 
3211 500 70 474 696 
3212 551 486 555 699 
3213 249 70 228 696 
3214 397 434 512 96 
3215 415 398 428 705 
3216 117 195 185 655 
3217 436 165 50 400 
3218 174 135 138 697 
3219 351 385 407 708 
3220 223 24 127 704 
3221 436 113 460 409 
3222 110 411 329 693 
3223 279 153 24 704 
3224 480 410 559 709 
3225 144 143 130 680 
3226 340 425 368 655 
3227 294 219 691 721 
3228 126 165 162 648 
3229 137 124 176 681 
3230 211 9 232 311 
3231 444 451 462 707 
3232 435 357 32 212 
3233 379 385 376 678 
3234 68 222 477 720 
3235 542 464 532 663 
3236 122 16 282 711 
3237 561 542 532 663 
3238 225 252 286 712 
3239 457 211 54 187 
3240 118 183 201 702 
3241 434 556 512 96 
3242 406 383 384 694 
3243 209 165 50 436 
3244 324 337 188 714 
3245 501 503 502 726 
3246 435 411 329 109 
3247 481 539 560 712 
3248 194 180 186 717 
3249 268 267 226 669 
3250 212 188 337 714 
3251 137 140 139 676 
3252 226 304 268 669 
3253 329 435 109 337 
3254 364 112 336 320 
3255 402 361 423 713 
3256 449 450 463 659 
3257 56 528 225 712 
3258 520 240 68 720 
3259 548 530 465 682 
3260 182 121 205 650 
3261 287 105 312 335 
3262 164 166 161 700 
3263 535 336 330 709 
3264 409 113 460 451 
3265 482 358 89 713 
3266 535 559 336 709 
3267 127 24 153 704 
3268 223 279 24 704 
3269 353 401 400 648 
3270 481 56 286 712 
3271 222 67 477 718 
3272 490 67 234 718 
3273 307 263 254 662 
3274 399 48 160 719 
3275 449 534 100 558 
3276 48 353 126 719 
3277 186 146 152 695 
3278 56 481 528 712 
3279 122 170 16 711 
3280 101 311 457 288 
3281 211 9 134 232 
3282 212 357 32 133 
3283 344 416 396 697 
3284 267 16 170 711 
3285 403 427 348 663 
3286 427 367 365 724 
3287 378 412 377 682 
3288 457 101 288 453 
3289 110 317 355 693 
3290 384 363 406 639 
3291 433 112 336 364 
3292 415 428 401 705 
3293 294 293 219 721 
3294 150 196 199 710 
3295 326 189 28 210 
3296 335 326 28 210 
3297 68 477 520 720 
3298 222 68 240 720 
3299 412 378 432 682 
3300 31 337 212 188 
3301 452 434 116 459 
3302 337 31 324 188 
3303 334 557 74 327 
3304 56 225 286 712 
3305 443 190 51 209 
3306 51 443 209 460 
3307 193 171 202 683 
3308 379 376 377 678 
3309 286 251 309 659 
3310 402 521 89 713 
3311 403 464 81 715 
3312 536 74 557 327 
3313 186 123 178 684 
3314 272 296 229 680 
3315 549 540 485 701 
3316 77 535 559 336 
3317 382 384 383 694 
3318 352 420 394 681 
3319 482 89 521 713 
3320 168 167 40 716 
3321 48 126 160 719 
3322 411 357 435 714 
3323 222 718 477 720 
3324 330 535 77 336 
3325 244 249 228 696 
3326 490 477 67 718 
3327 222 234 67 718 
3328 345 386 426 716 
3329 404 431 344 672 
3330 305 218 262 685 
3331 267 282 16 711 
3332 166 164 142 700 
3333 254 263 256 662 
3334 253 252 254 722 
3335 399 353 48 719 
3336 168 40 345 716 
3337 558 100 449 458 
3338 473 509 512 706 
3339 474 506 500 696 
3340 351 430 385 708 
3341 193 202 138 683 
3342 309 104 458 251 
3343 533 525 470 692 
3344 257 266 308 650 
3345 464 531 81 715 
3346 283 285 227 692 
3347 110 355 411 693 
3348 450 458 104 251 
3349 127 153 159 704 
3350 128 174 175 672 
3351 520 477 492 720 
3352 240 236 222 720 
3353 358 402 89 713 
3354 278 312 27 158 
3355 374 430 413 702 
3356 398 343 397 706 
3357 559 78 433 410 
3358 491 477 490 718 
3359 222 235 234 718 
3360 390 420 393 687 
3361 210 27 312 158 
3362 366 693 355 724 
3363 517 518 469 691 
3364 486 551 487 699 
3365 531 349 81 715 
3366 55 558 286 309 
3367 434 408 452 116 
3368 413 341 374 702 
3369 78 559 480 410 
3370 221 280 291 684 
3371 55 558 481 286 
3372 105 287 328 335 
3373 223 24 23 127 
3374 129 46 47 347 
3375 507 395 94 93 
3376 93 476 354 92 
3377 95 473 343 94 
3378 173 22 23 265 
3379 68 67 477 222 
3380 520 69 68 240 
3381 249 69 70 474 
3382 525 66 65 283 
3383 67 66 490 234 
3384 135 43 44 396 
3385 90 358 89 482 
3386 275 62 63 469 
3387 124 44 45 352 
3388 346 90 91 471 
3389 71 228 70 500 
3390 387 91 92 523 
3391 45 46 176 394 
3392 21 22 130 229 
3393 470 65 64 227 
3394 160 126 161 719 
3395 160 47 48 399 
3396 220 18 17 177 
3397 48 49 126 353 
3398 71 72 273 472 
3399 282 17 16 122 
3400 279 25 24 153 
3401 123 18 19 280 
3402 481 558 534 659 
3403 178 19 20 221 
3404 276 63 64 524 
3405 20 21 143 272 
3406 468 529 552 685 
3407 122 171 170 711 
3408 233 72 73 505 
3409 96 512 397 95 
3410 219 61 62 517 
3411 49 50 165 400 
3412 403 81 349 715 
3413 521 485 482 713 
3414 294 219 275 691 
3415 282 267 269 711 
3416 26 25 224 125 
3417 325 289 107 108 
3418 410 364 433 709 
3419 97 448 537 98 
3420 365 366 355 724 
3421 212 337 435 714 
3422 402 358 361 713 
3423 466 58 57 264 
3424 81 80 464 403 
3425 449 458 450 659 
3426 300 279 223 704 
3427 16 15 267 170 
3428 336 559 433 709 
3429 189 28 29 326 
3430 40 167 407 716 
3431 132 52 53 439 
3432 416 362 419 723 
3433 549 518 540 701 
3434 51 52 190 443 
3435 447 54 53 187 
3436 266 14 13 121 
3437 174 42 43 344 
3438 350 88 475 87 
3439 194 200 180 717 
3440 543 531 464 715 
3441 451 409 113 114 
3442 278 27 26 158 
3443 128 41 42 404 
3444 226 15 14 179 
3445 451 444 443 707 
3446 114 356 115 442 
3447 342 85 467 84 
3448 399 421 353 719 
3449 324 31 30 188 
3450 88 89 402 521 
3451 37 36 341 118 
3452 320 364 112 111 
3453 327 536 74 75 
3454 460 451 443 707 
3455 11 12 119 217 
3456 35 34 340 117 
3457 290 315 231 688 
3458 349 424 403 715 
3459 330 535 76 77 
3460 101 288 453 102 
3461 218 59 60 468 
3462 168 207 167 716 
3463 329 322 317 693 
3464 274 60 61 526 
3465 293 270 314 721 
3466 104 450 251 103 
3467 345 41 40 168 
3468 317 355 111 110 
3469 9 10 134 232 
3470 33 32 357 133 
3471 39 38 351 120 
3472 84 530 412 83 
3473 40 407 345 716 
3474 363 362 416 723 
3475 131 29 30 319 
3476 478 75 318 76 
3477 253 254 255 722 
3478 337 435 3 212 
3479 310 6 334 557 
3480 5 558 309 458 
3481 457 1 211 311 
3482 336 559 7 433 
3483 528 57 56 225 
3484 110 329 411 109 
3485 365 367 366 724 
3486 460 209 4 436 
3487 459 434 8 556 
3488 199 196 184 710 
3489 481 56 55 286 
3490 115 452 408 116 
3491 2 312 335 210 
3492 98 479 99 440 
3493 366 411 355 693 
3494 79 78 480 410 
3495 99 449 534 100 
3496 329 337 324 714 
3497 80 79 532 348 
3498 82 81 531 349 
3499 38 37 413 183 
3500 133 188 212 714 
3501 503 562 502 726 
3502 559 535 480 709 
3503 407 40 39 167 
3504 293 294 270 721 
3505 230 102 103 441 
3506 287 328 106 105 
3507 87 86 515 422 
3508 528 481 560 712 
3509 107 316 106 231 
3510 336 320 330 709 
3511 82 432 465 83 
3512 36 35 429 184 
3513 12 13 182 308 
3514 345 407 386 716 
3515 558 5 100 458 
3516 112 336 7 433 
3517 211 54 1 457 
3518 6 310 73 557 
3519 109 435 3 337 
3520 556 434 8 96 
3521 209 50 4 436 
3522 10 11 181 306 
3523 34 33 425 185 
3524 312 105 2 335 
3525 104 5 309 458 
3526 85 437 514 86 
3527 311 457 1 101 
3528 337 3 31 212 
3529 59 58 529 305 
3530 116 434 8 459 
3531 6 334 108 310 
3532 113 460 4 436 
3533 77 559 7 336 
3534 557 6 334 74 
3535 209 4 51 460 
3536 559 78 7 433 
3537 435 32 3 212 
3538 1 9 211 311 
3539 558 55 5 309 
3540 312 2 27 210 
3541 97 459 8 556 
3542 28 2 335 210 
3543 716 128 169 591 
3544 716 169 128 168 
3545 671 567 597 670 
3546 671 597 567 634 
3547 680 250 637 296 
3548 680 637 250 571 
3549 629 244 657 245 
3550 629 657 244 579 
3551 633 285 649 578 
3552 633 649 285 302 
3553 681 347 418 394 
3554 681 418 347 612 
3555 628 506 638 579 
3556 628 638 506 504 
3557 681 129 141 612 
3558 681 141 129 176 
3559 651 149 640 608 
3560 651 640 149 148 
3561 689 615 678 566 
3562 689 678 615 574 
3563 682 494 653 548 
3564 682 653 494 574 
3565 668 691 614 576 
3566 614 691 668 301 
3567 628 543 638 504 
3568 628 638 543 585 
3569 683 661 626 577 
3570 683 626 661 581 
3571 723 564 661 623 
3572 723 661 564 577 
3573 668 691 721 294 
3574 721 691 668 576 
3575 670 610 619 573 
3576 670 619 610 567 
3577 685 489 545 552 
3578 685 545 489 610 
3579 644 369 372 371 
3580 644 372 369 587 
3581 688 323 595 333 
3582 688 595 323 642 
3583 332 595 323 333 
3584 332 323 595 642 
3585 168 404 41 128 
3586 168 41 404 345 
3587 698 623 606 687 
3588 698 606 623 564 
3589 677 216 192 630 
3590 677 192 216 163 
3591 335 287 596 312 
3592 335 596 287 328 
3593 618 462 686 455 
3594 618 686 462 601 
3595 182 217 12 308 
3596 12 217 182 119 
3597 717 675 695 591 
3598 717 695 675 586 
3599 673 640 608 651 
3600 673 608 640 565 
3601 151 617 708 206 
3602 151 708 617 656 
3603 699 526 685 604 
3604 699 685 526 551 
3605 707 442 462 601 
3606 707 462 442 451 
3607 615 437 588 514 
3608 615 588 437 380 
3609 422 588 437 514 
3610 422 437 588 380 
3611 713 701 522 485 
3612 713 522 701 582 
3613 651 199 640 148 
3614 651 640 199 600 
3615 233 557 73 310 
3616 73 557 233 505 
3617 653 546 548 495 
3618 653 548 546 602 
3619 479 659 539 534 
3620 539 659 479 603 
3621 633 301 277 614 
3622 633 277 301 292 
3623 672 723 639 431 
3624 639 723 672 577 
3625 689 647 615 566 
3626 689 615 647 667 
3627 715 542 585 663 
3628 715 585 542 543 
3629 678 673 689 583 
3630 678 689 673 574 
3631 711 683 172 171 
3632 711 172 683 581 
3633 697 352 419 396 
3634 697 419 352 606 
3635 514 342 85 467 
3636 85 342 514 437 
3637 697 124 136 606 
3638 697 136 124 135 
3639 133 425 655 357 
3640 133 655 425 185 
3641 711 268 620 669 
3642 711 620 268 269 
3643 701 661 645 576 
3644 701 645 661 582 
3645 643 380 379 381 
3646 643 379 380 615 
3647 663 365 724 427 
3648 663 724 365 598 
3649 679 268 314 261 
3650 679 314 268 620 
3651 192 660 134 213 
3652 134 660 192 627 
3653 723 606 687 419 
3654 687 606 723 623 
3655 687 393 723 419 
3656 723 393 687 623 
3657 467 412 682 342 
3658 682 412 467 530 
3659 653 689 667 574 
3660 667 689 653 590 
3661 719 401 705 421 
3662 719 705 401 648 
3663 118 429 710 184 
3664 118 710 429 341 
3665 537 440 603 479 
3666 603 440 537 448 
3667 722 599 255 660 
3668 722 255 599 662 
3669 457 187 627 211 
3670 627 187 457 447 
3671 722 232 255 253 
3672 722 255 232 660 
3673 439 707 190 443 
3674 190 707 439 630 
3675 441 288 624 230 
3676 441 624 288 453 
3677 650 13 182 121 
3678 650 182 13 308 
3679 316 287 688 328 
3680 688 287 316 231 
$EndElements
