$MeshFormat
4.1 0 8
$EndMeshFormat
$PhysicalNames
8
1 3 "Ω₀"
1 4 "A"
1 5 "B"
1 6 "C"
1 7 "D"
1 8 "∂Ω"
2 1 "Ω₁"
2 2 "Ω₂"
$EndPhysicalNames
$Entities
9 8 2 0
1 0 0 0 0 
2 6 0 0 0 
3 6 6 0 0 
4 0 6 0 0 
5 3 3 0 0 
6 5 3 0 0 
7 3 5.5 0 0 
8 1 3 0 0 
9 3 0.5 0 0 
1 0 0 0 6 0 0 2 4 8 2 1 -2 
2 6 0 0 6 6 0 2 5 8 2 2 -3 
3 0 6 0 6 6 0 2 6 8 2 3 -4 
4 0 0 0 0 6 0 2 7 8 2 4 -1 
5 3 3 0 5 5.5 0 1 3 2 6 -7 
6 1 3.000000000000001 0 3 5.5 0 1 3 2 7 -8 
7 1 0.5 0 2.999999999999999 3 0 1 3 2 8 -9 
8 3 0.5 0 5 3 0 1 3 2 9 -6 
1 0 0 0 6 6 0 1 1 8 1 2 3 4 -8 -7 -6 -5 
2 1 0.5 0 5 5.5 0 1 2 4 5 6 7 8 
$EndEntities
$Nodes
18 3891 1 3891
0 1 0 1
1
0 0 0
0 2 0 1
2
6 0 0
0 3 0 1
3
6 6 0
0 4 0 1
4
0 6 0
0 6 0 1
5
5 3 0
0 7 0 1
6
3 5.5 0
0 8 0 1
7
1 3 0
0 9 0 1
8
3 0.5 0
1 1 0 59
9
10
11
12
13
14
15
16
17
18
19
20
21
22
23
24
25
26
27
28
29
30
31
32
33
34
35
36
37
38
39
40
41
42
43
44
45
46
47
48
49
50
51
52
53
54
55
56
57
58
59
60
61
62
63
64
65
66
67
0.0999999999995585 0 0
0.1999999999991098 0 0
0.2999999999986612 0 0
0.3999999999982407 0 0
0.4999999999978795 0 0
0.5999999999975234 0 0
0.6999999999971673 0 0
0.7999999999967187 0 0
0.8999999999961775 0 0
0.9999999999956506 0 0
1.099999999995265 0 0
1.199999999994909 0 0
1.299999999994553 0 0
1.399999999994197 0 0
1.49999999999384 0 0
1.599999999993484 0 0
1.699999999993128 0 0
1.799999999992772 0 0
1.899999999992415 0 0
1.999999999992059 0 0
2.099999999991702 0 0
2.199999999991346 0 0
2.29999999999099 0 0
2.399999999990634 0 0
2.499999999990278 0 0
2.599999999989921 0 0
2.699999999989565 0 0
2.799999999989208 0 0
2.899999999988852 0 0
2.999999999988583 0 0
3.09999999998888 0 0
3.199999999989264 0 0
3.299999999989648 0 0
3.399999999990031 0 0
3.499999999990415 0 0
3.599999999990798 0 0
3.699999999991181 0 0
3.799999999991565 0 0
3.899999999991948 0 0
3.999999999992331 0 0
4.099999999992715 0 0
4.199999999993098 0 0
4.299999999993481 0 0
4.399999999993865 0 0
4.499999999994248 0 0
4.599999999994631 0 0
4.699999999995015 0 0
4.799999999995399 0 0
4.899999999995782 0 0
4.999999999996166 0 0
5.099999999996549 0 0
5.199999999996932 0 0
5.299999999997316 0 0
5.399999999997699 0 0
5.499999999998082 0 0
5.599999999998466 0 0
5.699999999998849 0 0
5.799999999999233 0 0
5.899999999999617 0 0
1 2 0 59
68
69
70
71
72
73
74
75
76
77
78
79
80
81
82
83
84
85
86
87
88
89
90
91
92
93
94
95
96
97
98
99
100
101
102
103
104
105
106
107
108
109
110
111
112
113
114
115
116
117
118
119
120
121
122
123
124
125
126
6 0.0999999999995585 0
6 0.1999999999991098 0
6 0.2999999999986612 0
6 0.3999999999982407 0
6 0.4999999999978795 0
6 0.5999999999975234 0
6 0.6999999999971673 0
6 0.7999999999967187 0
6 0.8999999999961775 0
6 0.9999999999956506 0
6 1.099999999995265 0
6 1.199999999994909 0
6 1.299999999994553 0
6 1.399999999994197 0
6 1.49999999999384 0
6 1.599999999993484 0
6 1.699999999993128 0
6 1.799999999992772 0
6 1.899999999992415 0
6 1.999999999992059 0
6 2.099999999991702 0
6 2.199999999991346 0
6 2.29999999999099 0
6 2.399999999990634 0
6 2.499999999990278 0
6 2.599999999989921 0
6 2.699999999989565 0
6 2.799999999989208 0
6 2.899999999988852 0
6 2.999999999988583 0
6 3.09999999998888 0
6 3.199999999989264 0
6 3.299999999989648 0
6 3.399999999990031 0
6 3.499999999990415 0
6 3.599999999990798 0
6 3.699999999991181 0
6 3.799999999991565 0
6 3.899999999991948 0
6 3.999999999992331 0
6 4.099999999992715 0
6 4.199999999993098 0
6 4.299999999993481 0
6 4.399999999993865 0
6 4.499999999994248 0
6 4.599999999994631 0
6 4.699999999995015 0
6 4.799999999995399 0
6 4.899999999995782 0
6 4.999999999996166 0
6 5.099999999996549 0
6 5.199999999996932 0
6 5.299999999997316 0
6 5.399999999997699 0
6 5.499999999998082 0
6 5.599999999998466 0
6 5.699999999998849 0
6 5.799999999999233 0
6 5.899999999999617 0
1 3 0 59
127
128
129
130
131
132
133
134
135
136
137
138
139
140
141
142
143
144
145
146
147
148
149
150
151
152
153
154
155
156
157
158
159
160
161
162
163
164
165
166
167
168
169
170
171
172
173
174
175
176
177
178
179
180
181
182
183
184
185
5.900000000001199 6 0
5.800000000002399 6 0
5.700000000003599 6 0
5.600000000004347 6 0
5.500000000004148 6 0
5.400000000003867 6 0
5.300000000003586 6 0
5.200000000004046 6 0
5.100000000005245 6 0
5.000000000006329 6 0
4.90000000000628 6 0
4.800000000005999 6 0
4.700000000005718 6 0
4.600000000005437 6 0
4.500000000005157 6 0
4.400000000004876 6 0
4.300000000004594 6 0
4.200000000004314 6 0
4.100000000004033 6 0
4.000000000003867 6 0
3.900000000004269 6 0
3.800000000004728 6 0
3.700000000005188 6 0
3.600000000005648 6 0
3.500000000006107 6 0
3.400000000006567 6 0
3.300000000007027 6 0
3.200000000007486 6 0
3.100000000007946 6 0
3.000000000008319 6 0
2.900000000008125 6 0
2.800000000007844 6 0
2.700000000007563 6 0
2.600000000007284 6 0
2.500000000007003 6 0
2.400000000006723 6 0
2.300000000006443 6 0
2.200000000006163 6 0
2.100000000005882 6 0
2.000000000005603 6 0
1.900000000005323 6 0
1.800000000005042 6 0
1.700000000004762 6 0
1.600000000004482 6 0
1.500000000004202 6 0
1.400000000003922 6 0
1.300000000003642 6 0
1.200000000003362 6 0
1.100000000003082 6 0
1.000000000002801 6 0
0.900000000002521 6 0
0.8000000000022416 6 0
0.7000000000019604 6 0
0.6000000000016801 6 0
0.5000000000014007 6 0
0.4000000000011203 6 0
0.30000000000084 6 0
0.2000000000005606 6 0
0.1000000000002803 6 0
1 4 0 59
186
187
188
189
190
191
192
193
194
195
196
197
198
199
200
201
202
203
204
205
206
207
208
209
210
211
212
213
214
215
216
217
218
219
220
221
222
223
224
225
226
227
228
229
230
231
232
233
234
235
236
237
238
239
240
241
242
243
244
0 5.900000000001199 0
0 5.800000000002399 0
0 5.700000000003599 0
0 5.600000000004347 0
0 5.500000000004148 0
0 5.400000000003867 0
0 5.300000000003586 0
0 5.200000000004046 0
0 5.100000000005245 0
0 5.000000000006329 0
0 4.90000000000628 0
0 4.800000000005999 0
0 4.700000000005718 0
0 4.600000000005437 0
0 4.500000000005157 0
0 4.400000000004876 0
0 4.300000000004594 0
0 4.200000000004314 0
0 4.100000000004033 0
0 4.000000000003867 0
0 3.900000000004269 0
0 3.800000000004728 0
0 3.700000000005188 0
0 3.600000000005648 0
0 3.500000000006107 0
0 3.400000000006567 0
0 3.300000000007027 0
0 3.200000000007486 0
0 3.100000000007946 0
0 3.000000000008319 0
0 2.900000000008125 0
0 2.800000000007844 0
0 2.700000000007563 0
0 2.600000000007284 0
0 2.500000000007003 0
0 2.400000000006723 0
0 2.300000000006443 0
0 2.200000000006163 0
0 2.100000000005882 0
0 2.000000000005603 0
0 1.900000000005323 0
0 1.800000000005042 0
0 1.700000000004762 0
0 1.600000000004482 0
0 1.500000000004202 0
0 1.400000000003922 0
0 1.300000000003642 0
0 1.200000000003362 0
0 1.100000000003082 0
0 1.000000000002801 0
0 0.900000000002521 0
0 0.8000000000022416 0
0 0.7000000000019604 0
0 0.6000000000016801 0
0 0.5000000000014007 0
0 0.4000000000011203 0
0 0.30000000000084 0
0 0.2000000000005606 0
0 0.1000000000002803 0
1 5 0 35
245
246
247
248
249
250
251
252
253
254
255
256
257
258
259
260
261
262
263
264
265
266
267
268
269
270
271
272
273
274
275
276
277
278
279
4.998448244656456 3.09846171074912 0
4.993791921382141 3.196825486755197 0
4.986027871464166 3.294992832983688 0
4.975150874086165 3.392864131643858 0
4.961153714033957 3.49033806885342 0
4.944027279132188 3.587311057370131 0
4.923760694658128 3.683676629619768 0
4.90034149429276 3.779324833057799 0
4.873755840478886 3.874141588101638 0
4.843988798034889 3.96800803257405 0
4.811024669125161 4.060799851394647 0
4.774847411955587 4.152386561848493 0
4.73544113631652 4.242630817044795 0
4.692790718987537 4.331387658205281 0
4.646882526580704 4.418503802230516 0
4.597705272881722 4.503816946247708 0
4.545251116252126 4.587154976149128 0
4.489516759913625 4.668335539325243 0
4.430504999212978 4.74716531452856 0
4.368226201365893 4.823439856209214 0
4.302700370044622 4.896943160178042 0
4.233959300615235 4.967447761546495 0
4.162048377566008 5.034715723462758 0
4.087029894184139 5.098498722729396 0
4.008985231543366 5.158540016758788 0
3.928017740126202 5.214576382322876 0
3.844255467945068 5.26634090580391 0
3.757853570914365 5.31356663409427 0
3.668996352597471 5.355990993792235 0
3.577898638648936 5.393360987792489 0
3.484806242264339 5.425439041268332 0
3.389995298184733 5.4520092741062 0
3.293770275441117 5.472883888697583 0
3.196460602759715 5.487909272726327 0
3.098415897580637 5.496971387721345 0
1 6 0 35
280
281
282
283
284
285
286
287
288
289
290
291
292
293
294
295
296
297
298
299
300
301
302
303
304
305
306
307
308
309
310
311
312
313
314
2.901584101893961 5.496971387688989 0
2.803539396143917 5.487909272591052 0
2.706229722913042 5.472883888392082 0
2.610004699593696 5.452009273554101 0
2.515193754908255 5.42543904038528 0
2.422101358015702 5.393360986534125 0
2.331003643668709 5.355990992135613 0
2.242146424852236 5.313566631927502 0
2.155744527480365 5.266340903141231 0
2.071982260635135 5.214576382821373 0
1.991014787619455 5.158540030754796 0
1.912970100974732 5.098498718811079 0
1.837951599551371 5.034715703043203 0
1.766040694471202 4.967447756731296 0
1.697299624861298 4.896943154711963 0
1.631773793369632 4.823439850036992 0
1.569494995441514 4.747165307690005 0
1.510483235261851 4.668335532594911 0
1.454748879524249 4.587154969723949 0
1.402294723482895 4.503816940212783 0
1.353117470441516 4.418503796828638 0
1.307209278466707 4.331387653147783 0
1.264558861382355 4.242630812023358 0
1.225152585964784 4.1523865568439 0
1.1889753290779 4.060799846601241 0
1.15601120047532 3.968008028139753 0
1.126244158342538 3.874141584154255 0
1.09965850479111 3.779324829567277 0
1.076239304632243 3.683676626499787 0
1.055972720349711 3.587311054690542 0
1.038846285619655 3.490338066688712 0
1.024849125693539 3.392864129913304 0
1.013972128413702 3.294992831698921 0
1.006208078565226 3.196825485922145 0
1.001551755329337 3.098461710298539 0
1 7 0 35
315
316
317
318
319
320
321
322
323
324
325
326
327
328
329
330
331
332
333
334
335
336
337
338
339
340
341
342
343
344
345
346
347
348
349
1.001551755344253 2.901538289228428 0
1.006208078623311 2.803174513158505 0
1.013972128548135 2.705007166886911 0
1.024849125924252 2.607135868274315 0
1.038846285984679 2.509661931030117 0
1.055972720885296 2.412688942539444 0
1.07623930536289 2.316323370287825 0
1.099658505741271 2.220675166812543 0
1.12624415956386 2.125858411755197 0
1.156011202028341 2.031991967237747 0
1.188975331000298 1.939200148270684 0
1.225152588337168 1.847613437446997 0
1.264558864222402 1.757369181779188 0
1.307209281704291 1.668612340420308 0
1.353117485552526 1.581496175759051 0
1.402294727759449 1.496183052687914 0
1.454748884259417 1.41284502307269 0
1.510483240594148 1.3316644599664 0
1.569495001342908 1.252834684760289 0
1.631773799335974 1.176560142967897 0
1.697299630612258 1.103056839117109 0
1.766040700176833 1.032552237677294 0
1.837951623165357 0.9652842758846005 0
1.912970106417231 0.9015012767838666 0
1.991014792853829 0.8414599654221586 0
2.071982260097154 0.7854236175308782 0
2.155744532017423 0.7336590942179231 0
2.242146428947829 0.6864333659762623 0
2.331003647275779 0.6440090062640009 0
2.422101361222073 0.606639012256176 0
2.515193757617056 0.5745609587687115 0
2.610004701737461 0.5479907259131358 0
2.706229724525164 0.5271161113086764 0
2.803539397177972 0.5120907272813615 0
2.901584102372107 0.5030286122815655 0
1 8 0 35
350
351
352
353
354
355
356
357
358
359
360
361
362
363
364
365
366
367
368
369
370
371
372
373
374
375
376
377
378
379
380
381
382
383
384
3.098415898046632 0.5030286123073533 0
3.196460603715012 0.5120907273915423 0
3.293770276977425 0.5271161115875866 0
3.389995300271925 0.5479907264125039 0
3.484806244923611 0.5745609595622088 0
3.577898641824903 0.6066390134057387 0
3.668996356218595 0.6440090078143861 0
3.757853575025108 0.6864333680097201 0
3.844255472387375 0.7336590967817855 0
3.928017744882885 0.7854236207916352 0
4.008985236582326 0.8414599869215325 0
4.087029899324952 0.9015012814314787 0
4.162048382774354 0.965284281184966 0
4.23395930597024 1.032552243701308 0
4.302700375637122 1.103056845822856 0
4.368226207150922 1.176560150573321 0
4.430505004921145 1.252834692773947 0
4.489516765081017 1.331664467883399 0
4.545251120835121 1.41284503082274 0
4.597705276900274 1.496183060423296 0
4.646882530001648 1.581496203975288 0
4.69279072195907 1.66861234769808 0
4.735441138854339 1.757369188493147 0
4.77484741411328 1.847613443343959 0
4.811024670928314 1.939200153415333 0
4.843988799489701 2.031991971756131 0
4.873755841633785 2.125858415766443 0
4.900341495206541 2.220675170423773 0
4.923760695367908 2.316323373500874 0
4.944027279657213 2.412688945345272 0
4.961153714387341 2.509661933355007 0
4.97515087431019 2.60713587011599 0
4.986027871584237 2.705007168279396 0
4.993791921432944 2.803174514048894 0
4.998448244670481 2.901538289695689 0
2 1 0 1903
385
386
387
388
389
390
391
392
393
394
395
396
397
398
399
400
401
402
403
404
405
406
407
408
409
410
411
412
413
414
415
416
417
418
419
420
421
422
423
424
425
426
427
428
429
430
431
432
433
434
435
436
437
438
439
440
441
442
443
444
445
446
447
448
449
450
451
452
453
454
455
456
457
458
459
460
461
462
463
464
465
466
467
468
469
470
471
472
473
474
475
476
477
478
479
480
481
482
483
484
485
486
487
488
489
490
491
492
493
494
495
496
497
498
499
500
501
502
503
504
505
506
507
508
509
510
511
512
513
514
515
516
517
518
519
520
521
522
523
524
525
526
527
528
529
530
531
532
533
534
535
536
537
538
539
540
541
542
543
544
545
546
547
548
549
550
551
552
553
554
555
556
557
558
559
560
561
562
563
564
565
566
567
568
569
570
571
572
573
574
575
576
577
578
579
580
581
582
583
584
585
586
587
588
589
590
591
592
593
594
595
596
597
598
599
600
601
602
603
604
605
606
607
608
609
610
611
612
613
614
615
616
617
618
619
620
621
622
623
624
625
626
627
628
629
630
631
632
633
634
635
636
637
638
639
640
641
642
643
644
645
646
647
648
649
650
651
652
653
654
655
656
657
658
659
660
661
662
663
664
665
666
667
668
669
670
671
672
673
674
675
676
677
678
679
680
681
682
683
684
685
686
687
688
689
690
691
692
693
694
695
696
697
698
699
700
701
702
703
704
705
706
707
708
709
710
711
712
713
714
715
716
717
718
719
720
721
722
723
724
725
726
727
728
729
730
731
732
733
734
735
736
737
738
739
740
741
742
743
744
745
746
747
748
749
750
751
752
753
754
755
756
757
758
759
760
761
762
763
764
765
766
767
768
769
770
771
772
773
774
775
776
777
778
779
780
781
782
783
784
785
786
787
788
789
790
791
792
793
794
795
796
797
798
799
800
801
802
803
804
805
806
807
808
809
810
811
812
813
814
815
816
817
818
819
820
821
822
823
824
825
826
827
828
829
830
831
832
833
834
835
836
837
838
839
840
841
842
843
844
845
846
847
848
849
850
851
852
853
854
855
856
857
858
859
860
861
862
863
864
865
866
867
868
869
870
871
872
873
874
875
876
877
878
879
880
881
882
883
884
885
886
887
888
889
890
891
892
893
894
895
896
897
898
899
900
901
902
903
904
905
906
907
908
909
910
911
912
913
914
915
916
917
918
919
920
921
922
923
924
925
926
927
928
929
930
931
932
933
934
935
936
937
938
939
940
941
942
943
944
945
946
947
948
949
950
951
952
953
954
955
956
957
958
959
960
961
962
963
964
965
966
967
968
969
970
971
972
973
974
975
976
977
978
979
980
981
982
983
984
985
986
987
988
989
990
991
992
993
994
995
996
997
998
999
1000
1001
1002
1003
1004
1005
1006
1007
1008
1009
1010
1011
1012
1013
1014
1015
1016
1017
1018
1019
1020
1021
1022
1023
1024
1025
1026
1027
1028
1029
1030
1031
1032
1033
1034
1035
1036
1037
1038
1039
1040
1041
1042
1043
1044
1045
1046
1047
1048
1049
1050
1051
1052
1053
1054
1055
1056
1057
1058
1059
1060
1061
1062
1063
1064
1065
1066
1067
1068
1069
1070
1071
1072
1073
1074
1075
1076
1077
1078
1079
1080
1081
1082
1083
1084
1085
1086
1087
1088
1089
1090
1091
1092
1093
1094
1095
1096
1097
1098
1099
1100
1101
1102
1103
1104
1105
1106
1107
1108
1109
1110
1111
1112
1113
1114
1115
1116
1117
1118
1119
1120
1121
1122
1123
1124
1125
1126
1127
1128
1129
1130
1131
1132
1133
1134
1135
1136
1137
1138
1139
1140
1141
1142
1143
1144
1145
1146
1147
1148
1149
1150
1151
1152
1153
1154
1155
1156
1157
1158
1159
1160
1161
1162
1163
1164
1165
1166
1167
1168
1169
1170
1171
1172
1173
1174
1175
1176
1177
1178
1179
1180
1181
1182
1183
1184
1185
1186
1187
1188
1189
1190
1191
1192
1193
1194
1195
1196
1197
1198
1199
1200
1201
1202
1203
1204
1205
1206
1207
1208
1209
1210
1211
1212
1213
1214
1215
1216
1217
1218
1219
1220
1221
1222
1223
1224
1225
1226
1227
1228
1229
1230
1231
1232
1233
1234
1235
1236
1237
1238
1239
1240
1241
1242
1243
1244
1245
1246
1247
1248
1249
1250
1251
1252
1253
1254
1255
1256
1257
1258
1259
1260
1261
1262
1263
1264
1265
1266
1267
1268
1269
1270
1271
1272
1273
1274
1275
1276
1277
1278
1279
1280
1281
1282
1283
1284
1285
1286
1287
1288
1289
1290
1291
1292
1293
1294
1295
1296
1297
1298
1299
1300
1301
1302
1303
1304
1305
1306
1307
1308
1309
1310
1311
1312
1313
1314
1315
1316
1317
1318
1319
1320
1321
1322
1323
1324
1325
1326
1327
1328
1329
1330
1331
1332
1333
1334
1335
1336
1337
1338
1339
1340
1341
1342
1343
1344
1345
1346
1347
1348
1349
1350
1351
1352
1353
1354
1355
1356
1357
1358
1359
1360
1361
1362
1363
1364
1365
1366
1367
1368
1369
1370
1371
1372
1373
1374
1375
1376
1377
1378
1379
1380
1381
1382
1383
1384
1385
1386
1387
1388
1389
1390
1391
1392
1393
1394
1395
1396
1397
1398
1399
1400
1401
1402
1403
1404
1405
1406
1407
1408
1409
1410
1411
1412
1413
1414
1415
1416
1417
1418
1419
1420
1421
1422
1423
1424
1425
1426
1427
1428
1429
1430
1431
1432
1433
1434
1435
1436
1437
1438
1439
1440
1441
1442
1443
1444
1445
1446
1447
1448
1449
1450
1451
1452
1453
1454
1455
1456
1457
1458
1459
1460
1461
1462
1463
1464
1465
1466
1467
1468
1469
1470
1471
1472
1473
1474
1475
1476
1477
1478
1479
1480
1481
1482
1483
1484
1485
1486
1487
1488
1489
1490
1491
1492
1493
1494
1495
1496
1497
1498
1499
1500
1501
1502
1503
1504
1505
1506
1507
1508
1509
1510
1511
1512
1513
1514
1515
1516
1517
1518
1519
1520
1521
1522
1523
1524
1525
1526
1527
1528
1529
1530
1531
1532
1533
1534
1535
1536
1537
1538
1539
1540
1541
1542
1543
1544
1545
1546
1547
1548
1549
1550
1551
1552
1553
1554
1555
1556
1557
1558
1559
1560
1561
1562
1563
1564
1565
1566
1567
1568
1569
1570
1571
1572
1573
1574
1575
1576
1577
1578
1579
1580
1581
1582
1583
1584
1585
1586
1587
1588
1589
1590
1591
1592
1593
1594
1595
1596
1597
1598
1599
1600
1601
1602
1603
1604
1605
1606
1607
1608
1609
1610
1611
1612
1613
1614
1615
1616
1617
1618
1619
1620
1621
1622
1623
1624
1625
1626
1627
1628
1629
1630
1631
1632
1633
1634
1635
1636
1637
1638
1639
1640
1641
1642
1643
1644
1645
1646
1647
1648
1649
1650
1651
1652
1653
1654
1655
1656
1657
1658
1659
1660
1661
1662
1663
1664
1665
1666
1667
1668
1669
1670
1671
1672
1673
1674
1675
1676
1677
1678
1679
1680
1681
1682
1683
1684
1685
1686
1687
1688
1689
1690
1691
1692
1693
1694
1695
1696
1697
1698
1699
1700
1701
1702
1703
1704
1705
1706
1707
1708
1709
1710
1711
1712
1713
1714
1715
1716
1717
1718
1719
1720
1721
1722
1723
1724
1725
1726
1727
1728
1729
1730
1731
1732
1733
1734
1735
1736
1737
1738
1739
1740
1741
1742
1743
1744
1745
1746
1747
1748
1749
1750
1751
1752
1753
1754
1755
1756
1757
1758
1759
1760
1761
1762
1763
1764
1765
1766
1767
1768
1769
1770
1771
1772
1773
1774
1775
1776
1777
1778
1779
1780
1781
1782
1783
1784
1785
1786
1787
1788
1789
1790
1791
1792
1793
1794
1795
1796
1797
1798
1799
1800
1801
1802
1803
1804
1805
1806
1807
1808
1809
1810
1811
1812
1813
1814
1815
1816
1817
1818
1819
1820
1821
1822
1823
1824
1825
1826
1827
1828
1829
1830
1831
1832
1833
1834
1835
1836
1837
1838
1839
1840
1841
1842
1843
1844
1845
1846
1847
1848
1849
1850
1851
1852
1853
1854
1855
1856
1857
1858
1859
1860
1861
1862
1863
1864
1865
1866
1867
1868
1869
1870
1871
1872
1873
1874
1875
1876
1877
1878
1879
1880
1881
1882
1883
1884
1885
1886
1887
1888
1889
1890
1891
1892
1893
1894
1895
1896
1897
1898
1899
1900
1901
1902
1903
1904
1905
1906
1907
1908
1909
1910
1911
1912
1913
1914
1915
1916
1917
1918
1919
1920
1921
1922
1923
1924
1925
1926
1927
1928
1929
1930
1931
1932
1933
1934
1935
1936
1937
1938
1939
1940
1941
1942
1943
1944
1945
1946
1947
1948
1949
1950
1951
1952
1953
1954
1955
1956
1957
1958
1959
1960
1961
1962
1963
1964
1965
1966
1967
1968
1969
1970
1971
1972
1973
1974
1975
1976
1977
1978
1979
1980
1981
1982
1983
1984
1985
1986
1987
1988
1989
1990
1991
1992
1993
1994
1995
1996
1997
1998
1999
2000
2001
2002
2003
2004
2005
2006
2007
2008
2009
2010
2011
2012
2013
2014
2015
2016
2017
2018
2019
2020
2021
2022
2023
2024
2025
2026
2027
2028
2029
2030
2031
2032
2033
2034
2035
2036
2037
2038
2039
2040
2041
2042
2043
2044
2045
2046
2047
2048
2049
2050
2051
2052
2053
2054
2055
2056
2057
2058
2059
2060
2061
2062
2063
2064
2065
2066
2067
2068
2069
2070
2071
2072
2073
2074
2075
2076
2077
2078
2079
2080
2081
2082
2083
2084
2085
2086
2087
2088
2089
2090
2091
2092
2093
2094
2095
2096
2097
2098
2099
2100
2101
2102
2103
2104
2105
2106
2107
2108
2109
2110
2111
2112
2113
2114
2115
2116
2117
2118
2119
2120
2121
2122
2123
2124
2125
2126
2127
2128
2129
2130
2131
2132
2133
2134
2135
2136
2137
2138
2139
2140
2141
2142
2143
2144
2145
2146
2147
2148
2149
2150
2151
2152
2153
2154
2155
2156
2157
2158
2159
2160
2161
2162
2163
2164
2165
2166
2167
2168
2169
2170
2171
2172
2173
2174
2175
2176
2177
2178
2179
2180
2181
2182
2183
2184
2185
2186
2187
2188
2189
2190
2191
2192
2193
2194
2195
2196
2197
2198
2199
2200
2201
2202
2203
2204
2205
2206
2207
2208
2209
2210
2211
2212
2213
2214
2215
2216
2217
2218
2219
2220
2221
2222
2223
2224
2225
2226
2227
2228
2229
2230
2231
2232
2233
2234
2235
2236
2237
2238
2239
2240
2241
2242
2243
2244
2245
2246
2247
2248
2249
2250
2251
2252
2253
2254
2255
2256
2257
2258
2259
2260
2261
2262
2263
2264
2265
2266
2267
2268
2269
2270
2271
2272
2273
2274
2275
2276
2277
2278
2279
2280
2281
2282
2283
2284
2285
2286
2287
4.626646149294644 1.364673045026128 0
1.375501334258911 1.360655461667839 0
5.900094425585462 5.100048327498437 0
0.09993829771734067 5.200018638473636 0
0.09988276202695003 1.399975108071295 0
0.09990615508460216 0.8999894568015641 0
5.900059358528751 0.8000070839102742 0
5.900107453545758 1.200013820278612 0
4.999932480114856 0.09989214806317663 0
0.9999761709103221 0.09990169475094926 0
0.0998867495612004 4.799977520435194 0
5.90012578383067 4.600041385860898 0
4.494821930730871 4.816816133164018 0
1.511770821696369 4.822374237103729 0
4.823114374717163 1.718033235190676 0
0.09984040579036912 4.500019719995848 0
1.181904112924828 1.709224704865616 0
1.620698729745471 1.039407515331964 0
4.374305399517809 1.040229280050752 0
5.900133424334722 4.200083796952242 0
1.300034520007302 5.900135171403475 0
5.000069007973251 5.900097641981479 0
4.600107930428423 5.900090433861322 0
5.900126566597949 1.499965446009594 0
0.09986410570531257 1.800027157344527 0
5.900137448783445 1.799966924564612 0
0.0998374176697461 4.200069716200938 0
4.705252035141641 4.494483242479534 0
5.017878193553138 2.294051394884331 0
0.9834941621506097 2.293865179925554 0
0.09985371517730796 3.79999231481603 0
5.900261507207444 3.700091397338872 0
1.10163055974683 4.168370927708237 0
4.918112144597239 4.136681152406926 0
4.500037666507668 0.09998483770717601 0
1.400263658811178 0.100280258553658 0
5.900164852711118 2.499905863628983 0
0.09989131738790261 3.50003554209579 0
0.09989283080535435 2.599952610385428 0
1.041494900252579 3.897534469865714 0
1.297392555523149 4.495709219664279 0
5.081439214366043 3.286810230055118 0
5.094328181405117 2.897258555228159 0
0.9114026340166461 3.19225249772964 0
4.995068715625306 3.765544527765144 0
1.843731973524623 5.162752779899877 0
5.900164816245169 2.099949088200451 0
0.09987067941761983 2.299946249910088 0
0.9490399973675632 3.586534775633743 0
1.853703106602308 0.8279357433319002 0
0.9066137667988177 2.894693068689286 0
4.08161605338048 5.21857891378534 0
5.90014074674798 3.100074328925053 0
0.1001017313230176 3.199845854867453 0
0.6999716730879356 0.09995696304914931 0
5.300034451994692 5.900045118708017 0
4.059735871064311 0.7610406521665324 0
1.60013485091421 5.900113371308803 0
1.898682595907945 0.09997140870352721 0
0.7999952477840849 5.900048994922341 0
5.399990199789753 0.09996752639445008 0
4.000517328863062 5.900758322289414 0
4.097706229625892 0.1005530061903502 0
1.900767804283643 5.90018436217914 0
5.900044125828291 5.400009035440944 0
0.09994672780780808 0.5999844838474443 0
3.889423269997577 0.6500193584946856 0
2.106083643953721 0.6544739413459114 0
3.897652552329019 0.09988695277620167 0
2.200052506485982 0.1003089657395733 0
2.20170756666145 5.899632127442541 0
3.702982098800825 5.90127711260478 0
3.697813399981007 0.1005974425936699 0
5.900011504632166 0.3999921901385903 0
2.157093972463295 5.377822856657254 0
2.506306165564076 0.100027197201372 0
2.397862215767953 5.90348534065343 0
3.742211802246677 5.419310453508872 0
2.29091438775772 0.5600766109341868 0
3.404793148593733 5.900267794335726 0
3.501643068727787 0.1001494518287613 0
2.592478707989933 5.903831781185634 0
2.655901973692123 0.4145496470844489 0
3.27762369658182 0.4267419320713812 0
3.586689197046913 0.5005962157397339 0
3.224178768812028 5.578841686333002 0
2.818535296851915 5.586898405986938 0
2.876197181760541 0.4094349400845457 0
0.400001224993815 5.90000997289946 0
3.503313817366688 5.509040810324867 0
2.4259570122664 5.489360739724313 0
3.211620785614732 0.1049264104229098 0
2.806037966233365 0.103489304642209 0
3.091192306906859 5.898792650732725 0
2.787256111751357 5.900911896767786 0
5.700002519076289 0.09999538860736855 0
5.900016731409778 5.600004027482994 0
5.700005672238628 5.900005740357629 0
0.09985457400867764 0.3998675701145055 0
0.2996397316521543 0.09963980410775042 0
0.09999854116395318 5.80000178510266 0
0.09998892945314311 5.600006886446391 0
4.965621719749263 2.100114489864753 0
1.034365427819512 2.096659598287363 0
5.082977935871692 2.698082305629189 0
0.9197100067584394 2.693221420736005 0
4.200526898321758 5.899730590661912 0
0.09990314855433922 2.999885503573726 0
5.900175301236251 3.300110299424301 0
5.900087847708333 2.699854877054977 0
5.900214559304504 3.900085161356048 0
0.09985497189761493 2.099973902366714 0
5.900121182161969 4.800061512203711 0
4.799987395044639 0.09987692365202908 0
1.000000564326016 5.900078896098266 0
0.09941977561209256 0.1994227085339678 0
5.900003962263797 5.800001087986384 0
1.633660565291673 4.967184051967111 0
4.370199566575279 4.963141482800845 0
5.039406438593911 3.574825076485574 0
1.205199259981025 4.321337664042916 0
4.801452338788363 4.329856133846 0
2.47327651254237 0.4949758953715539 0
4.941680311183507 3.953575985700589 0
4.222561912327158 0.8905880859116424 0
1.490007351331724 1.199760952075939 0
4.507877089688018 1.198513142506794 0
4.731351351843625 1.538068042431679 0
1.272677899606696 1.531482372495549 0
4.901421740396062 1.907043702712668 0
1.097835956417549 1.895701693353697 0
0.9452442046121213 2.492381847637316 0
5.062224540710552 2.492810438994553 0
5.094246259966791 3.093943985588735 0
2.886409006869718 5.899349050226792 0
3.009766713391423 0.1030635706554671 0
3.505833266357053 5.901535134734457 0
3.194856332787621 5.897765380304101 0
3.406446068244028 0.1015683274253054 0
2.703152125585368 0.101317736917139 0
3.801777299680415 5.901422208617646 0
2.001055703890701 5.899707078302018 0
2.099467835868455 0.1003733636715018 0
2.404195742575981 0.101777921445415 0
1.700346243868254 5.900149995369691 0
4.299283261537006 0.1010420822965146 0
4.300479622667993 5.899685130764415 0
1.79910910153484 0.09949523803026207 0
1.700072273345373 0.1000027288273356 0
1.400032303647428 5.900142063308519 0
0.09987980234815051 2.899936446573437 0
0.09998585394561815 3.399999193966071 0
5.900100682305523 2.89992191433598 0
0.09987480979265972 2.799961409561886 0
5.900205446283755 3.400097873622659 0
0.0999054112365685 2.499950879912572 0
5.900237550719529 3.500091134563943 0
5.900198498271213 2.299965314357938 0
0.09985222210422466 4.000010606374969 0
0.09984590223812427 3.700019296557208 0
5.900145368793304 1.899943941359907 0
1.300055404457306 0.09997699988955971 0
1.60075709298923 0.1009026724259817 0
4.700034082644826 0.09987145548072457 0
5.900188715178464 4.000087209649864 0
0.0998518339426112 1.999997719042285 0
1.199998015263497 0.09989628582858234 0
5.900131417182182 4.300072714589685 0
5.900134861867315 1.599967866593699 0
0.09982226586812143 4.400049962077586 0
0.0998681325198454 1.700027393536734 0
4.800075632164321 5.900121786185731 0
4.400327986461166 5.89982635468976 0
5.100064647504505 5.900083032817392 0
5.900117895345503 1.299986747994214 0
0.0998694578863254 1.600015706253327 0
5.900130537307075 4.400057544648815 0
0.09990654390993568 4.99999008386029 0
0.09987065210714717 4.699989845294434 0
0.09988587349834058 1.299971120215287 0
0.09988746943499105 1.199977855484419 0
5.199951726807091 0.09992976411450806 0
0.8999660768621228 0.09991905996851516 0
0.0998877920276942 1.099985941717619 0
0.0999189297857362 0.7999912822269685 0
5.900089516308846 1.00003316814637 0
5.900120347404694 4.900073956142062 0
0.09996736391263994 5.400015988835006 0
5.900030717825521 0.5999900594146788 0
1.100016226162675 5.90010214157214 0
5.400022021991935 5.900031458268042 0
0.5999757210807031 0.09996573405484144 0
5.900080425899695 5.200028472601562 0
0.600001016712202 5.90002447095738 0
5.600002645942241 0.09998973662544097 0
0.4999547631425516 0.09994852201658959 0
5.500014140061859 5.900020726964493 0
0.1994591438192002 0.09946033513385913 0
5.800003433487337 5.900002302149755 0
5.900002372267627 0.1999982012259528 0
0.09961177674298267 0.09961277876201639 0
5.900001683997965 5.900000707497903 0
5.900000855382093 0.09999924467344595 0
0.1999998414123336 5.900002245574958 0
0.09999966184218743 5.90000086637545 0
1.695951967274874 0.9633752714465736 0
1.934678925640405 0.7664329006994558 0
3.801540631915175 0.5969817612665387 0
3.485440862204925 0.4731459746329207 0
3.173281644380218 0.41469364348505 0
3.072440901073555 0.4077380970597245 0
0.9064623071040548 3.093982997089069 0
1.770515169544568 5.100910381632325 0
4.233086413857298 5.097218700078445 0
2.922625083146368 5.5942145383124 0
3.126696787441443 5.591230829809928 0
0.9399325113315309 3.485199327674012 0
0.9291391076854937 3.387228005760818 0
5.056353468404947 3.478649844990906 0
1.347614307527082 4.581600021134662 0
1.400530352450423 4.665101145566361 0
4.657038220171017 4.578168057707786 0
4.606204670347264 4.659900239082615 0
3.412709045874915 5.537141351956267 0
1.998678054351969 5.274879670957076 0
1.008313576593332 3.808253201527664 0
2.611396914515609 5.545723249993101 0
3.826684336240394 5.373958945187619 0
3.914024987257314 5.325389976930387 0
1.089776227287363 4.049717212306541 0
3.673480243718946 5.470413600136857 0
2.34362202287931 5.485784377042655 0
1.158623255061459 4.238349945498795 0
4.866586758018156 4.265854954378066 0
4.919679763832118 4.045992929929135 0
2.220446216543828 5.441727944981406 0
3.567534093746134 5.485370349740691 0
1.070571476653247 3.984642312288897 0
1.250247922710485 4.408479615151481 0
4.752547410165454 4.410502178881918 0
4.9687773953786 3.859922945909279 0
2.514149687152601 5.515853859900308 0
2.078946064747423 5.326392008149865 0
5.800230279390446 5.100105320290547 0
0.1997702717560547 0.899996155474742 0
0.1997052938391509 4.799994217378695 0
5.800262089446257 1.19998958787999 0
0.1997081590483331 1.399934452481821 0
0.8998918027858889 0.1998010762960171 0
5.100168055004024 5.800202267041152 0
0.9999745632212996 5.800203857152711 0
5.800312638823766 1.4998696015576 0
4.766544832543994 4.570301284020871 0
0.199488678727384 4.500073657670341 0
5.800210063014207 4.30017742430416 0
0.1996691229587791 1.700023928375446 0
1.29207120752049 4.660728028839878 0
4.927465751138759 4.350914900554769 0
1.199900726431338 0.1997480288881018 0
4.800070160892959 0.1997146487143052 0
0.199588724970814 1.999922720005106 0
5.800344123256973 1.799834138861277 0
1.141409874165741 4.397578729408387 0
5.801015221461762 3.900229081244721 0
0.9594905457463457 3.928945337974062 0
1.621713602245123 0.8844339109243038 0
0.1997681165752114 3.799865061719538 0
5.040991681811456 3.942722389194675 0
5.800866529574589 3.400590299417697 0
0.8408237644980594 3.482347322041548 0
0.2001310411179931 2.599783064289613 0
0.8137046140214678 3.189050668133786 0
1.300024803874499 5.80032306178731 0
1.775009845279483 5.231328958267111 0
5.136042848692179 3.563676842671966 0
0.1997448675361408 3.50006103584791 0
1.605026195870221 0.2056775961044958 0
0.2000214971626655 2.999578340989457 0
4.202325080889999 5.798419445277423 0
1.6008429926523 5.799730113718344 0
1.876597975887605 0.6885645327013739 0
1.894235977744191 0.199451121132159 0
1.903328740410733 5.80101111260956 0
3.885704895020369 5.442876722542597 0
3.846162132031167 0.5115245093563389 0
5.500039507962412 5.800054943411155 0
0.4999121101747686 0.1998986975692954 0
2.139707625330173 5.497483380860429 0
2.098676314702387 0.2006697802519412 0
3.70763289712348 5.803423976415418 0
2.354992344982157 5.551036106373006 0
3.58966504078072 0.3951157243947518 0
2.003717721153496 5.390790656518043 0
2.499700452532751 5.605807110392879 0
2.40754355908466 0.2044077317642364 0
3.727310928531472 5.51647541130512 0
3.431356317555859 5.625096734529164 0
2.821017420079682 0.208647763844202 0
3.148950422374024 0.3129749644375048 0
2.839310310020358 5.691538418922864 0
3.156255079723746 5.689989970705353 0
0.1997222288502516 1.199951566088487 0
5.700010358547268 0.1999866531308984 0
0.1999968847423499 5.800006195949095 0
3.503767057873659 0.1952523820068894 0
3.416838805949486 5.802999539988756 0
1.040649891212547 4.248723091051458 0
5.016511405166966 4.120742754497821 0
2.864562556535987 5.796933290836788 0
3.074542345426083 5.79649110699874 0
2.776281058049382 0.4162607428546279 0
2.556708589599386 0.463114893134563 0
3.382172500326607 0.4457864861457755 0
2.384791852836234 0.5240235381159472 0
3.706012220664446 0.5230373580940045 0
2.196995037729351 0.6051197814582704 0
3.975365123644985 0.7035628728415465 0
2.018593194112197 0.7087702431246666 0
4.141318082745359 0.8228047917400862 0
1.774292204860054 0.8931366120297146 0
4.300340272340915 0.9634600413725036 0
4.443100329893713 1.118710065368066 0
1.551877169780445 1.120063800571129 0
1.431053956652697 1.279489276726133 0
4.569017772469668 1.280819664231744 0
4.680684373529274 1.450881442934866 0
1.322841175153718 1.44487442119077 0
4.778598574387055 1.62721687760726 0
1.226102801520495 1.619480652626429 0
4.863898585553734 1.811639404828744 0
1.138824434101221 1.799520359990062 0
4.934903101205269 2.003488884998609 0
1.063404547742051 1.995929289501613 0
4.992977438419298 2.196856983154605 0
1.007527504340328 2.195323691838291 0
5.041889804254541 2.391661813408466 0
0.9628897539389066 2.392889181288406 0
5.075110719614216 2.59591143497093 0
0.9310484472830003 2.592586986456365 0
5.089757795902112 2.797963148348927 0
0.9117747844156984 2.794073031305915 0
2.973717028624002 0.4060358314691847 0
3.255518068008942 0.3196314965464704 0
0.9049785880921419 2.994720788421749 0
5.095735579973748 2.995980942396165 0
2.909449024118067 0.1030269310018715 0
2.987172825743797 5.898754514818947 0
3.111358311868634 0.1041807127257621 0
2.688924706362275 5.903102167897147 0
3.300585477323079 5.897468303578726 0
3.31091827756777 0.1037549892408102 0
2.604649121601904 0.09804966949558047 0
2.494858769892439 5.904268074022126 0
3.598983566214506 0.09997139784336917 0
3.604893551384063 5.901534009779699 0
2.300584019718687 5.901856716723755 0
2.301373612016591 0.1009189116754243 0
3.797446378949541 0.1003945150224541 0
2.101679140368743 5.899093859347376 0
1.797695569066366 0.1951304289557249 0
4.301987689200819 5.798319406778982 0
3.900978042155497 5.90130986836162 0
3.997256251614898 0.09985243281761035 0
1.998687010839435 0.1003944962777467 0
0.2000009451965578 2.899770214108699 0
4.100618974944862 5.900045636772203 0
1.800736554999239 5.900248022608623 0
4.198195046253768 0.1013785320370049 0
1.400503893513253 0.2010733464334318 0
0.1000425630513478 3.099814108357927 0
5.900116445847003 2.999995944227001 0
5.900162898459992 3.200113959844957 0
0.1001195620074537 3.299912195337201 0
5.900073804391766 2.799846864558748 0
0.09990161082232879 2.699952942008248 0
1.500099113643596 5.900098973028244 0
5.900116986629249 2.599845850498584 0
4.399798487507711 0.100481301624828 0
0.09984954159155669 3.600037377671518 0
5.900205752368946 2.39992629684069 0
0.0998961361450643 2.399947510735173 0
5.900277001602499 3.600100724791723 0
1.500861648286726 0.101104397208365 0
5.900195173165782 2.199958278100437 0
0.09985433670830507 3.899981919632364 0
5.900304032844431 3.800102842892593 0
0.09985579799570636 2.19995072568241 0
4.500192070737942 5.899981089367624 0
5.900159372100788 1.999934159259403 0
0.0998399337489192 4.100046519340239 0
5.900160354410775 4.100091744690957 0
4.600081475558992 0.09989839144754221 0
0.09981644390521878 4.300071628550246 0
0.09984542980740388 1.900008794437822 0
5.900144076396913 1.699963464824949 0
4.900076509266016 5.900115877012868 0
4.700090383169873 5.900116879117015 0
5.900132080285191 4.500048512908714 0
0.09983965495950649 4.600006560205216 0
5.900129227317155 1.399964361699887 0
5.900128081191067 4.700050363785695 0
1.099976514665677 0.09988580818383214 0
4.899958062975031 0.09987708444464813 0
0.09986858485163538 1.499993737258267 0
5.900114033123637 5.000068983624057 0
0.099889914830389 0.9999911192124699 0
0.09988842901512773 4.899982056212364 0
1.200027005593856 5.900126669388343 0
5.900105267385275 1.100027360026956 0
0.09991953457276315 5.100010309530131 0
5.900077343997786 0.9000211389885363 0
5.099935158444159 0.09990649802558153 0
5.200054044930853 5.900067559154043 0
0.09995172884187914 5.300021695823196 0
5.900045989362813 0.6999948662360413 0
0.7999625799048073 0.09993506905529273 0
0.09993301181803145 0.6999895634650549 0
5.900064351339092 5.300017132945504 0
5.299975155842035 0.09994807987910374 0
0.8999923982893918 5.900068242946306 0
5.300089669776614 5.800118329168929 0
0.6999216820793827 0.1998854005544158 0
5.900020619837667 0.4999887710669159 0
0.09997816347786706 5.500012328431664 0
0.09992942594663534 0.4999528351222233 0
5.900029669015706 5.500007253033718 0
5.600010403798729 5.900013385456249 0
0.3998653806788412 0.09986275918451801 0
0.6999976150186902 5.900037472185185 0
5.500000171464174 0.09997975272060119 0
0.09970351481503459 0.299710025265214 0
5.900009447995423 5.700003094056227 0
0.299623630914487 0.1996250358126982 0
0.1994968685362125 0.1995006320570117 0
5.700016924917734 5.80001594456864 0
5.800010211760267 5.800006638534964 0
0.500000921380344 5.900017271502282 0
5.900006324197573 0.2999952519640846 0
5.800006318334293 0.1999936489115336 0
5.800002371662859 0.0999971664671321 0
0.2999999574736555 5.900005884525894 0
0.09999475094462953 5.70000434767242 0
1.700427644523528 5.035506268688782 0
4.303079029498025 5.031643333638534 0
5.089305086812008 3.190853467207301 0
3.025368525345728 5.595655671427225 0
0.919218033916759 3.289939669782585 0
1.571105034879907 4.896019627175149 0
4.434013841307531 4.89125837537592 0
5.070264461202979 3.382761717717316 0
4.159012607771223 5.159756528501582 0
1.455338576691783 4.745311710069698 0
4.552139571620955 4.73938477561992 0
1.920281786406606 5.220791088128443 0
4.719210066145981 4.65236329608734 0
2.713464421172487 5.571464964190043 0
3.318359239652456 5.559816964249447 0
3.999036780339895 5.274003849634836 0
0.9256542082141612 3.843863788710232 0
5.065563341459386 3.847818737441481 0
0.9515948310916166 3.707738723691112 0
5.018660794061026 3.67070908527825 0
1.18978788342504 4.485109728482213 0
4.866117368386955 4.412759547274248 0
1.020845930748977 4.105800576361516 0
3.617557496051271 5.531154256939728 0
2.263350177040097 5.521457020016546 0
4.95310065090492 4.225928936216619 0
1.092348739741509 4.315749839787254 0
0.9903404346612712 4.012603327251968 0
5.022214382219251 4.036311769274777 0
3.794298407766811 5.490158070081021 0
2.412251215151028 5.573564280444231 0
3.542575329481632 5.605043082961731 0
4.814625791840946 4.488587878141494 0
2.078277621567017 5.441833089609296 0
1.239820833414848 4.573609120988843 0
1.34865980560633 1.227546093951799 0
4.561453133667938 4.886945345858108 0
4.817880098586065 1.495070449858556 0
5.800258415774993 4.700130237438585 0
1.45236504311639 4.897589646424228 0
1.144690123059444 1.566801375956558 0
4.700240479713739 5.800186377516117 0
4.830960604191882 4.644424403871228 0
0.9651188893987903 1.961462710504519 0
4.588819661444052 1.144064958427314 0
5.112942073108566 2.268325514243478 0
4.282621045616803 0.8080398657065759 0
0.1996592977581775 4.100009754672142 0
0.1998847083975542 5.300068417431214 0
4.991400042901251 1.873237424521596 0
1.178789707186212 4.651017868926235 0
5.003491245083437 4.308558583159336 0
5.183816178067485 2.466072612084819 0
0.888920247856116 2.271369689627189 0
1.013132398248876 4.379489605622519 0
4.304579793875966 5.162495397003017 0
5.191831400279209 2.89312173337429 0
0.9440407997056983 4.106706214604043 0
5.800580928597314 2.199863079029801 0
5.140642750022133 3.934803126959062 0
5.799871374655402 2.598889319532419 0
4.400100601827956 0.2015380563135212 0
0.8343206424427422 2.579513775116853 0
5.178624786273131 3.280987673852024 0
0.8079258828036205 2.990421604776651 0
5.79998267631266 2.999742421704994 0
5.800108509810468 0.699968586562749 0
4.108250427751979 0.6746489827163399 0
0.3009189998272164 2.998536451569582 0
5.299979147913843 0.199877450144989 0
0.6999797691600881 5.800095625546594 0
4.207152317452201 5.696273546379599 0
4.193435701670481 0.2071652300425773 0
1.87675428597687 0.3105118359841931 0
3.938944694349749 5.515657474714681 0
3.793109002803764 0.2004587621227673 0
2.147834697969922 0.5191271580410075 0
4.064718002593537 5.342355464918246 0
2.084905210833689 5.536963671080601 0
5.800070473416928 5.500029710707159 0
0.1998707632038907 0.4999141610449478 0
2.105181903882555 5.796290242492861 0
3.903275360116096 5.802794942891845 0
3.781541217493482 0.4755064723030307 0
2.558329989740542 0.3399140099250629 0
2.308225503106415 5.594258034078427 0
1.962110217175125 0.629684811399706 0
1.709272941304331 0.8143165009390957 0
3.047456755880241 0.3083680773655203 0
2.353930967994429 0.4235674726081601 0
0.2013407015199485 3.299748583333835 0
3.611321921050988 5.804598707983206 0
2.302068819545666 0.2020643652255633 0
1.702003127332075 5.799792624609013 0
0.1996797029363016 1.600010422009206 0
0.2005995384709361 3.099272983137082 0
0.2000759098649123 2.699801645106237 0
1.400018689796818 5.80030094616126 0
0.1994962177091775 3.599950250006996 0
0.1996353559724997 1.799993990995693 0
5.800342643845188 1.699853117952811 0
0.1995582437157669 4.60004055760722 0
5.80030331639197 1.399884210118283 0
1.100001285219897 5.800254113886599 0
1.099874803930102 0.1997291063394056 0
0.1997408570269076 1.000000992910236 0
0.1999947958524762 2.399843848625546 0
5.801249781084262 3.600728135965151 0
5.801291814921486 3.800385239029807 0
5.099896557735276 0.1997802312297708 0
0.1998095610469052 5.10006526193991 0
0.1997337576856101 4.900005921399318 0
5.800182799349698 0.9000174348346885 0
5.800245826638289 1.100025051305649 0
0.4999885195321026 5.800044950446863 0
0.1999715913981902 5.600022175937966 0
0.2999944761495209 5.80001488630937 0
5.800049901225499 0.4999659983887871 0
5.700027148235842 0.2999711964066364 0
2.306254827555686 5.806639918626457 0
2.466521882751647 5.707453987146502 0
1.567449256381842 5.039004689147254 0
3.698434957085416 5.59625517871042 0
2.672798727820046 5.810975733822743 0
0.8213894411218281 3.287287321182018 0
3.41816264451912 0.1975255280190402 0
1.849964610493562 5.287763258542229 0
5.11515554423968 3.658977859949361 0
2.697837483637243 0.2160471609998666 0
2.530107451316757 0.2117946735304092 0
0.8830740158129129 3.972035640641267 0
3.378236901057127 0.3226705242377383 0
3.689128609473044 0.4016986595394666 0
1.793780752580206 0.7500336946338544 0
3.254094038479797 5.672570493412376 0
2.748285536202058 0.3230084504101974 0
3.304208351413747 5.776048010174146 0
2.713865080954973 5.690283459628134 0
1.464083293339159 1.070580651442528 0
1.241968329373626 1.391821157998327 0
5.0834177670187 4.11404053612571 0
2.925338627477788 0.2061041226591962 0
3.231693217595288 0.2108287988180939 0
1.515326409259469 0.9673509787935024 0
2.487385614195231 5.811682887067125 0
3.490868446746572 0.3725974733907127 0
4.927291307359981 4.48574704643519 0
4.450583377041048 0.9741565605733645 0
0.9133057617690576 2.170126955218493 0
4.711432850625197 1.317172163251728 0
4.910988616775209 1.678289487585497 0
1.055589760463919 1.741760348320991 0
5.058583568533689 2.07144965387027 0
3.934497547991034 0.5621983912398598 0
5.182233496404681 2.691997746537855 0
0.8152301769507023 2.786717948138223 0
2.946115768075393 5.694610425010377 0
3.128614867565176 0.2086378238121129 0
0.8674423709678895 2.373129099916147 0
5.191802695870114 3.090429590676432 0
2.968601932487819 5.796719587944234 0
3.180554305349836 5.791320603127343 0
3.514871087085383 5.805321927216112 0
3.524972811635372 5.711688663750086 0
2.199637519778382 0.200254649372622 0
1.996008118271831 0.2015915921409345 0
2.763118953406652 5.802706975186442 0
3.596701470595832 0.1982905346243019 0
1.803228266930088 5.800580333434148 0
0.1996874185405003 1.49997073699855 0
1.502710452267852 0.2047568382687263 0
1.500271224333277 5.800024362814216 0
0.2000616659882182 2.799818379485846 0
2.00364214712277 5.79964544295835 0
3.805446200792159 5.803081668733139 0
0.1996289065659885 3.699843343579871 0
4.102321546322668 5.799442103904259 0
5.799669900330179 2.7990210217843 0
0.199588009660886 1.899944951375229 0
5.800344587540225 3.200254457436293 0
5.800546406086229 2.399505746582097 0
5.800335464967569 1.599856697143708 0
5.800380588167199 1.999810719212476 0
0.1996347081116955 4.700018473948921 0
5.800289095459199 1.299925755578448 0
1.20001933252873 5.800301603483028 0
0.9998753386052773 0.1997532133326013 0
5.800413711636245 4.100133220306834 0
0.199779959277596 3.899897220012328 0
0.2006713136665611 3.400042478023316 0
5.800637103624605 3.300451743130345 0
0.2002033027405926 2.49978291428228 0
0.1997223380115467 1.099984444649908 0
5.801214210703378 3.50082337335658 0
5.800223112703711 4.500151201450607 0
4.600705810717681 0.1998361363747672 0
4.700425113329477 0.1997532464338649 0
5.800361424109682 1.899791825645294 0
5.800758483547944 4.000150926898603 0
4.899934402685965 0.1997128188725574 0
5.800264815172217 4.200140000607496 0
3.990157593736873 0.1986353799845382 0
5.800194102070459 4.400186388401008 0
4.500600110401849 5.799462597675043 0
4.401256722848662 5.798722024001051 0
5.800265337495849 5.000142415465146 0
0.1997088121474563 1.299926922156466 0
5.200134225471751 5.800165223125228 0
0.7998981830369152 0.1998392641296121 0
0.199654256071858 2.199885731441735 0
0.1995369797017579 4.300101407263329 0
0.1994471162031319 4.400101877057497 0
4.900200512445978 5.800271605508641 0
5.000197898453889 5.800247142087921 0
0.8999644335831575 5.800169439569926 0
1.704170084999221 0.1992067256502333 0
0.1995875861576961 2.099892557151094 0
1.300040426927288 0.2000884599780771 0
5.500015870026052 0.1999501667104455 0
0.1998022385162688 0.7999857398079659 0
0.1998414051279155 0.6999714250195836 0
5.800196236040232 5.200070838488838 0
5.800154278757376 5.300051113125949 0
5.60002866047823 5.800034632351331 0
5.400061578548726 5.800086326198683 0
0.3998133297526932 0.1998085860275907 0
0.5999284599130388 0.1999043523065391 0
0.1999158516219807 5.400054013789739 0
5.600016825163503 0.1999702004191514 0
0.1999870336364602 5.700013721809444 0
5.700038670018829 5.70003332622771 0
0.2997249811083308 0.2997314258261228 0
0.1996570747494472 0.2996664365993107 0
5.800022971608628 5.70001408770818 0
5.800015863063515 0.2999855103027455 0
0.8091888907140419 3.09037310925747 0
5.152910302330788 3.468826067153009 0
1.345753510494293 4.743765276616566 0
0.8443657250146948 3.58088527436387 0
4.15096093268289 5.288688469509366 0
4.502074578247342 4.960196207082671 0
4.439313777622967 5.030825900517476 0
1.702691221195375 5.171039530717163 0
0.8311310817212327 3.385483740344443 0
4.669811012718145 4.73258677796985 0
2.006185999010463 5.519718318281803 0
1.073410484491589 4.46660131055497 0
3.97439808580069 5.392882700199973 0
1.926641006221131 5.340695024865617 0
0.9758510911405923 4.203889136485978 0
5.041434807257054 4.198655096779442 0
0.9986465643904868 4.301041032601091 0
0.8960961909064278 3.778691214120909 0
2.181055593578457 5.570855207132485 0
3.836299602464926 5.588938637928112 0
2.375158452410989 5.646986557009955 0
3.61981324448365 5.641193663614635 0
4.982465935260866 4.424559812689358 0
0.9190298217356332 4.050824910225141 0
5.131515747473252 4.045569160733645 0
3.34227223602699 5.646124101957172 0
2.597899563841755 5.639068913160482 0
5.091129037225961 3.753725422360924 0
4.878988439982556 4.56312381659426 0
1.123021250985085 4.557965802356187 0
5.100314775241555 5.70037557439461 0
0.299524364501053 1.000018998131124 0
0.999691471106527 0.2996147289647532 0
5.700531098969488 1.399879286044044 0
5.700451004961668 5.000262886026142 0
0.2994923566547966 4.900075472090975 0
4.630091203722485 4.956656053751689 0
0.2994712971240482 1.499968221079102 0
1.099954799916375 5.700472814547966 0
1.41592799563755 0.9741912089487276 0
0.2990424037491382 4.600050166131292 0
4.993723015847673 4.54882623860644 0
5.699674674538448 4.400594098999672 0
5.700749604360162 1.699537461694103 0
4.70128145865051 0.299539211134876 0
1.299646454557876 0.2999716388284493 0
0.2988427682070054 1.899780255491745 0
1.000455239515232 4.513700892639761 0
0.9089157875529712 4.163845963197056 0
0.7682896937372002 2.353414490877573 0
5.212837837323088 3.649320585953839 0
1.64894275440228 0.7277878174198165 0
0.300524883274656 3.899344166298797 0
5.702165758558368 3.999627190395613 0
0.2979633729459741 3.598387538213874 0
5.190729544445047 4.127954804799575 0
0.7312711007093795 3.391790676756553 0
4.402928860595173 5.696049265081806 0
0.3014229982840183 2.698758265974925 0
1.500180157213061 5.699343150740463 0
5.700182426783465 3.200474286761259 0
5.703768210668833 3.503488973975212 0
0.3013081728432465 2.498666510216807 0
0.299099806555336 2.199747388702269 0
1.501049807869304 0.3084263281403284 0
0.3062892898474084 3.300091434485932 0
1.783946333569422 5.360217961644638 0
0.7093322560728007 3.088455861496212 0
0.6998304423732429 0.2997762883692699 0
0.2997827117081495 5.300159543736919 0
1.810297945465666 5.700945896636484 0
3.983173326126243 0.4753854094996545 0
4.02517748731468 5.464069513925958 0
2.199118451439796 0.2971290381786267 0
1.903373673922648 0.5488137823054898 0
0.3020908459415574 3.097623768555902 0
1.996361444873781 0.30083836309987 0
4.107076787187245 5.697911281507587 0
0.299477444123256 1.299863256694807 0
5.700356792079291 5.200145233433523 0
0.2996378950894567 0.7999639481346137 0
5.300176961287832 5.700232080662338 0
3.783951645059464 0.4005692058458498 0
2.105357193251501 5.693579775158665 0
0.8108799561860645 4.027246561836062 0
3.915890801869053 5.632541216906298 0
2.492222516895513 0.3918054663134521 0
0.9253691506628297 4.360618928255945 0
4.19383057500122 0.7375263374498249 0
5.084989831406868 4.275081083132539 0
2.051923621539727 0.5722827176150678 0
2.297702724118922 0.2987629813877223 0
2.007095500252502 5.612584398706643 0
5.138765307728155 2.363377955971311 0
2.247306302104352 0.4745391963337018 0
4.371018948298606 0.8874400893494487 0
4.652266564718236 1.229792014469388 0
1.405483356728074 1.149844810162808 0
4.766374027245543 1.406012510479176 0
1.294386085675095 1.308208014578923 0
4.865681345928742 1.585682090519793 0
1.192171662383616 1.4785104998225 0
0.8172378460942026 2.143981347269187 0
4.952393401682051 1.774559695552674 0
1.100530377321625 1.654327575361091 0
5.026064085803107 1.971998751215002 0
0.9392184964497177 2.067715733195675 0
5.08719291791095 2.169682986083245 0
0.8489027289290703 2.476227755370835 0
5.179439110360983 2.587623470323234 0
0.8232425245863297 2.683751549805509 0
2.948172466031495 0.3077699080172587 0
2.22676262448272 5.674614141926347 0
2.006073327547602 5.702472761067903 0
1.818096555294144 0.6079092296592232 0
5.193184099630226 2.992425553172164 0
4.022236331426078 0.6171824289979734 0
4.521779297787642 1.059846505817428 0
2.675928589822436 0.3353289765881301 0
0.9882431827007658 1.831771764836702 0
5.187657107180519 2.793002306150119 0
3.027316896930363 0.2065283940639761 0
0.8101975425159483 2.889415195858669 0
2.60994682578313 0.1710981138544766 0
5.700751914893571 4.099320053768656 0
0.2994083695229075 1.600062404843382 0
0.1997576634219806 3.999919173276624 0
2.396452116752059 5.813713625009671 0
5.700735237034851 1.599603859914041 0
4.900347599680721 5.700436457256651 0
2.209138690384286 5.797245482865536 0
4.30531344960695 5.695451324249435 0
1.20000417352558 5.700537309847072 0
3.694047000232523 0.200387250953011 0
0.2015582198016948 3.199332159294922 0
3.89147495985101 0.1987801904388374 0
5.801443748528349 3.700657518071749 0
4.297661853697929 0.2055847800305523 0
4.899931726099092 0.2994490718521475 0
5.800102656756264 3.100029616460893 0
5.799734026657133 2.899258082338445 0
5.799565085881333 2.698691860126303 0
4.500779795292923 0.2002905647049665 0
5.800201795097833 2.499032655628981 0
5.800676698130859 2.299723502293347 0
5.800483782478082 2.09984241223058 0
0.199789330968259 2.299860181279848 0
0.1997631217578775 5.000043667686723 0
5.80022157618974 1.000028039644308 0
4.600383505681877 5.799849602380212 0
0.8997314611902745 0.2996644388691234 0
1.099627981320203 0.2995576362766043 0
5.800230652190217 4.600136838186669 0
2.581817775783021 5.812820490508763 0
1.728677809257418 0.2922253980210096 0
0.9999060332364439 5.700401807676443 0
4.002586550568506 5.801320252361967 0
4.089408634304142 0.2032229039821572 0
1.797583241515505 0.2643114381206839 0
5.199944344541962 0.1998254544395456 0
0.1998428446356502 5.200082686521513 0
5.800148908943656 0.7999844635387464 0
1.707478484492937 5.696354415975207 0
5.800271663145682 4.800152730187257 0
5.80028094239203 4.900161366956381 0
0.3010808476567716 2.898982570977362 0
5.800078643085238 0.5999598973779047 0
5.701208961371294 3.301612468332134 0
0.3020433121095192 3.401206933780048 0
0.1996164747372735 4.200033783986398 0
0.2988830191938487 2.099650047932991 0
0.2994523485103708 3.697852115187656 0
1.399857213802521 5.700200991983501 0
5.704350302993813 3.80138355225245 0
5.700683287857245 1.899491814306427 0
5.699676177314209 4.199639676429325 0
0.2989925300185708 1.799950563641557 0
4.80021601712293 5.80026455549032 0
0.2993841781274099 4.400167724799959 0
5.70043694801779 1.300076556143493 0
0.299491332632055 1.099980374378226 0
0.2992088443435466 4.699982434462605 0
0.799968831054531 5.800134559278685 0
5.700354556160075 1.100098022926437 0
4.999895773770235 0.1997310321489226 0
5.400008250583817 0.1999156693483224 0
5.600062371173323 5.700068358237306 0
0.3998152555156936 0.2998126204141771 0
5.700077089936146 5.600057992682643 0
0.2997998380305757 0.3998219277782338 0
5.400127693733411 5.700170171866755 0
5.600044913717937 0.299942190261023 0
0.5998573769744447 0.2998240816990195 0
0.5999822600905853 5.800070114035191 0
0.1998692535660296 0.5999503206396911 0
5.800112007033023 5.400041122740024 0
5.700056354132406 0.3999468369654228 0
5.800032222770251 0.399973597060909 0
0.2999457787198946 5.600050406760471 0
0.2999758715608223 5.700030762386652 0
0.1999442194924573 5.500038922307292 0
0.3999893185990291 5.800029558840878 0
5.800045255497425 5.600024901199116 0
0.1997978452851116 0.3998195762421902 0
5.232985265293892 3.554423615736461 0
1.235990353737088 4.740174531757096 0
1.932526978358585 5.459198482794783 0
3.593313578283155 0.2946933954512874 0
1.535817956044719 0.785292548818362 0
3.711889989079869 5.705394580799078 0
5.162971546281849 3.839668177160739 0
1.632836358600684 5.106525095410546 0
4.373099470507777 5.098144143444845 0
3.05069135314709 5.694366423119942 0
0.7177858330735596 3.291326780516336 0
2.581807821690366 5.726524902072627 0
3.431385518518876 5.711904031582136 0
5.186753456348971 3.186703166800767 0
4.112785718823333 5.422995969995323 0
2.501888659269854 0.2907239886029373 0
4.571803909886982 5.029368551233223 0
0.7497903842511904 3.578462442718747 0
1.711545687627984 5.30584093941419 0
4.617221527529959 4.810566776900181 0
1.507908641904822 4.969160232240299 0
5.167020733925629 3.374999199910051 0
4.230981658236141 5.226993461753286 0
4.784415405734238 4.724950475574483 0
3.331109604555062 0.2060367892464561 0
0.8324792659721993 3.677186861211712 0
4.946795507423047 4.634921449950821 0
1.034872957289716 4.632046228939787 0
5.234738751797604 4.013099968047668 0
1.399079173116943 4.822066815150557 0
3.811892906704382 5.703540894345354 0
0.8463800525577363 3.888150573108712 0
5.050840110292707 4.384204448239369 0
3.434324911193045 0.2656885291387266 0
0.9435960913850183 4.283026958308996 0
5.118471831377093 4.167544432714849 0
2.331292924588154 5.721494084693763 0
0.8555829419484774 4.104344935486981 0
5.021702028357103 4.473054470564306 0
0.9753869309113754 4.447503345430609 0
2.394848152177115 5.74943311502367 0
3.616940449863341 5.711119268143696 0
2.846970342671996 0.3117115005699629 0
2.09507597640817 5.601407692813794 0
2.443503059205287 0.4351908466579968 0
5.188644250866517 3.745213991237813 0
3.362102719669919 5.708769889594658 0
2.653838502823841 5.745098318960211 0
1.265555898389827 1.17568476356659 0
0.3992388457323707 0.9999739821004373 0
4.801068056402451 1.26975092310373 0
1.100210170421681 5.600717542355081 0
1.063704060976642 1.511536829464937 0
0.999389715556176 0.4000364355349726 0
4.998574616840773 1.637229173524678 0
4.535902729590413 0.9104711747004722 0
0.9473622268384717 1.740109946050688 0
1.390785988069847 4.968025653744067 0
5.050622975108795 4.623182413850328 0
4.70099657442497 5.02434950346624 0
0.3985473560029501 4.599863196343559 0
5.079515881725721 1.834140844911682 0
5.600710476208804 1.40143617376644 0
5.701359099071493 2.199786947205941 0
4.342535101882971 0.7147703727670226 0
5.151877969113513 2.034106066791446 0
0.3959563529504745 1.900002409608165 0
0.3994082344675537 1.50047503241886 0
5.700824451813642 2.398365137918645 0
5.698237171968431 2.595874824363493 0
5.602222849619579 1.69851874159513 0
0.9208725684423721 4.623711637466713 0
5.290696726047228 2.890077793011919 0
0.2996168135258703 4.099424829214822 0
5.132288352746583 4.352526487965653 0
5.199994238064188 0.299684760042896 0
5.700202937407555 0.6998966309761708 0
5.227821939021659 2.333660181711409 0
5.264316174542246 3.370521372977136 0
0.8525626703975111 4.256314427000548 0
5.283622349189641 2.586176159281142 0
0.7159768919318911 2.78439533872668 0
0.3974237877969882 2.19927993126065 0
5.28624942116959 3.18583380452454 0
5.699005096285663 2.998523594127996 0
5.605710504547542 3.996650895194062 0
5.300275656933481 5.600395305598624 0
0.6997520999018862 0.3996841412265784 0
0.5999348968701471 5.700137894969158 0
5.312878567203732 3.642887180944627 0
4.184273808417401 0.335094274895158 0
4.403767060244132 0.3048444461594922 0
0.3929039637885826 3.590730852074857 0
5.267553330099584 4.088014138709884 0
4.373640287450469 5.230251866230328 0
4.700488738406795 5.699948657958919 0
1.512326858819029 0.6756843598776374 0
0.6331672438473914 3.41543939432615 0
5.597616028049043 3.200981549239991 0
0.4041897526783808 3.094392080716704 0
1.498791379569279 5.596684166203074 0
5.600092373403684 0.3999006018817983 0
5.600121862989616 5.600116148678489 0
0.3998042408463954 0.3998192896183635 0
5.25985785199149 3.839959541424637 0
1.724359715494157 5.435580693321685 0
4.069396611162924 0.528122380776941 0
0.4284723694111389 3.304541283189543 0
1.782090936292459 0.3785348310302634 0
4.309297343764664 5.592413530495233 0
5.70456574379649 3.702596221657659 0
4.602692518083443 0.2996156529407088 0
4.999882094543652 0.2995022275914097 0
0.2998909404657277 4.299818964418888 0
5.699906646374979 4.600362405050652 0
0.2998966519092994 5.500083719660906 0
3.885385136360578 0.2967004017862284 0
3.97798382270786 0.2929305500076326 0
1.830124759524808 5.606499651586089 0
1.494863225416625 5.11120462739344 0
4.130807608099736 5.509073021769898 0
0.7386988536841806 3.661968614276945 0
4.684768984205791 4.881076514005228 0
2.088416897348151 0.4142172686210276 0
1.999911279269714 0.3734853289915133 0
1.376667112542148 1.028666651455641 0
4.67401809119445 1.087104152447428 0
0.741810153239537 4.087410759313368 0
0.842684590615383 2.039572734169153 0
0.9133007177560771 4.43688720972684 0
0.7316040412595826 2.571544066805014 0
1.919659131034315 5.616265074981924 0
4.464032492031968 0.7913556775721654 0
1.160737514298616 1.337952618233859 0
4.905792972595183 1.452209092967255 0
4.006396968722835 5.702134421801294 0
3.894836663358821 0.4076434109839475 0
0.7457837780267501 2.462081543208615 0
3.690562314506032 0.2997308652376366 0
1.734967821617005 0.668303354944935 0
5.283648198101512 2.687897974779319 0
0.8644405482123656 1.932783280333372 0
0.305578336020852 3.198064255760296 0
2.097786238164586 0.2994328556937086 0
5.69934690121871 3.099472689258773 0
5.704488787284393 3.603640341545223 0
0.7090292072526097 2.988861455127962 0
0.2999405845032559 3.999514910821294 0
1.909876324550495 5.704855199825567 0
0.3014001434607577 2.798879969084327 0
1.60286630084184 5.696413973644178 0
1.39993131328843 0.3022352644743532 0
0.2977724332274582 3.499582579709867 0
5.700399684551044 4.900347891862001 0
4.800369351820478 5.700299194053785 0
5.700643898175089 1.49982048181733 0
0.3017627984801279 2.598327600544713 0
5.700722823552921 1.999624395180682 0
5.699331924075302 4.300294078449433 0
5.697864925991039 2.796418086910418 0
0.2995685556221665 5.000154300947591 0
5.699715542924615 4.500520436820858 0
5.70032453840942 0.8999558995806486 0
5.700347719766006 1.0000223488647 0
0.2994868639444493 1.399916019881778 0
4.50162491508198 5.697369841538904 0
5.000344702880509 5.700418524498152 0
1.619072262397524 0.3332370781974112 0
0.2996415090043103 5.100197803145603 0
1.199568560080772 0.2995691441336527 0
5.700420401019175 5.100201140956499 0
0.2995665286813428 0.8999935016624809 0
2.41465252202696 0.3179970396609534 0
5.60029196068151 4.095099234102432 0
0.299709871011384 5.200196756760903 0
5.700201828638276 5.400103083922791 0
5.400061609208994 0.299845816507999 0
0.2997794603264847 0.5998998025304768 0
5.702804786260176 3.403028860890765 0
5.200251267004719 5.700312914079591 0
0.3007549503179845 3.798283592644642 0
5.703874900355221 3.900251686612136 0
0.2986150301195785 1.999652813575881 0
0.4035791264064541 2.896781011385466 0
0.7997785375849494 0.2997143977696822 0
5.700806197226094 1.79941308907379 0
1.299948118918054 5.700484670564511 0
0.300429924241199 2.399074974077133 0
0.2994508497304856 2.299508410438139 0
0.2992136413768168 1.700071029263914 0
0.7999116328924082 5.700258288769724 0
0.8998954080106306 5.700333927564316 0
0.2990822060215813 4.500167885779842 0
5.700284493316484 5.300127310558767 0
4.800370756419064 0.2994476858124588 0
0.2997070797814171 0.6999221082725207 0
0.2994725521225657 1.19991379007302 0
5.50009447579008 5.700117436515026 0
0.2993492423995705 4.800001532684498 0
5.700349966300227 1.200192357607715 0
0.499852162812348 0.2998369713809539 0
5.699978938973191 4.700390156976508 0
0.2998386282896617 5.400124327161699 0
5.700135838650957 5.500086287155032 0
0.299808043668803 0.4998669773830092 0
5.700146484240624 0.5998999216179975 0
5.500061648594491 0.2998979062009324 0
0.3999091079284006 5.600096660287392 0
5.700099021411435 0.4999185132991838 0
0.3999592669195741 5.700058597201691 0
5.208777731102266 2.239062580505694 0
4.223819373832631 5.382976925737955 0
4.005905534187231 5.592837861707186 0
0.7925105838226699 2.248059832489607 0
1.451874700124156 0.8703420332728273 0
5.290968441232257 3.089318167236545 0
1.115994736296399 4.725299835749018 0
0.7111940453956926 3.189212742591022 0
1.291882634383047 4.821639507590045 0
4.509610436648827 5.101649855465467 0
4.118484737250456 5.599591368592226 0
1.635856435315127 5.247591469529596 0
5.289527704381782 3.743713063218093 0
1.843934569217931 0.464571520542582 0
5.249461136370629 3.46180196757968 0
0.7440047379731581 3.489672127125684 0
4.899497568548695 4.715581346910668 0
2.287361169064703 0.3679050465749478 0
1.991928151818006 0.490353511974933 0
3.501535023547356 0.2816498030971534 0
3.909748061596251 5.705741172683882 0
4.736074404841012 4.803636354501966 0
5.082842906935348 4.457391296675374 0
0.7681072276203128 3.945934613295761 0
5.16460976966172 4.240455077703844 0
0.8025892019976729 3.788533444420437 0
0.7890449297274185 4.165303080161351 0
5.241979355832851 4.202331952062147 0
0.8652102536006991 4.342134188710659 0
5.101670876641132 4.533648118105726 0
0.9134724482054579 4.523491201249707 0
5.236223572330281 3.931509985049928 0
1.859131207422377 5.411029117358 0
2.619919237354934 0.2839799312001599 0
4.056386971683498 5.518558668142729 0
1.928635329893174 5.555243347264716 0
5.599952609835494 1.101153874803231 0
0.399415862583311 5.100286171707679 0
4.999829980737808 0.3992150948764803 0
1.370651722302498 0.9237035230525362 0
4.800098469484297 5.599877771497997 0
5.599998272198459 4.901368814560191 0
5.5978708606961 4.600980276849999 0
4.702020100867679 0.3987445929746009 0
1.298101498657971 0.3987442675379652 0
5.601497250015801 1.999709806484156 0
5.118144566098302 4.613519555288358 0
0.8156846150681472 4.613205273685468 0
0.3991689697599378 4.899882518116611 0
0.4041553410417523 4.299291952985654 0
5.595545004135403 4.300832114963101 0
5.314946783757981 2.314000867447707 0
4.587337181124641 0.7704364825022044 0
0.4044614813408309 3.897811169421079 0
0.7706951801390416 1.90641834829209 0
0.3998164731685447 2.396270608979556 0
5.344762092887464 3.455026018261925 0
0.754327516348144 4.301108842418327 0
5.214640797993804 4.315512580434998 0
5.387136781901144 2.587198414267066 0
0.4051951540438492 2.694961035575346 0
0.3994101944498103 0.7998994596778728 0
5.60053823364137 5.200396550723462 0
5.6003272088046 0.6998001873895022 0
5.406690276678439 3.754342850512899 0
0.6698851113925391 2.330173395128304 0
1.495431410528294 0.4065726528347762 0
0.6984031440742214 3.744839878362714 0
5.609546242092961 3.610168555072629 0
5.512604550648097 3.98980503053831 0
0.6735189844108471 4.13679373432984 0
5.319538736970094 4.160570511502457 0
0.6073165137098232 3.187708702465618 0
5.387829844041349 3.190874012617303 0
0.388743551750421 3.496980942724544 0
0.6674775563978473 3.59330927293384 0
0.395747595337435 1.999100918346293 0
1.099286563653495 0.3999619825656446 0
5.601915921766654 1.798369408387362 0
0.399082833661051 4.500832705076494 0
5.601288028098834 1.500272171372819 0
0.7996460276957944 0.3996369031918266 0
0.8998228910329138 5.600505466680381 0
5.500174663047066 5.600196491368043 0
0.4997889838804083 0.3997896319464988 0
5.600159573535619 0.4998494733369033 0
0.3996365714360141 5.30027872149966 0
0.3998299570991445 5.500155115083668 0
1.721022665274146 5.573514868973045 0
4.248675762184522 0.6440574166279104 0
5.295810304904258 2.488880033817163 0
1.019984946524914 1.597840016247802 0
5.040010979989448 1.734252990137129 0
5.319841944307194 3.942985452630257 0
4.604255745851584 1.000171850142658 0
1.111140283994921 1.4242843724929 0
4.74201624222705 1.176681199974503 0
0.7113056161699187 2.887885202510695 0
4.854525575465308 1.361775878195977 0
1.757585191561598 0.5243695503265083 0
1.695193977088457 0.4364572697332063 0
5.11584114159775 1.933110742858489 0
0.7224215531121364 2.679912712241914 0
0.6213331597578484 2.444589881801162 0
0.7178167587776423 2.113795211396293 0
1.443550623650384 0.7618786033541862 0
5.292106573991968 2.990429578330165 0
1.796853007899593 5.484928443756707 0
0.8733780068025712 1.822571465183418 0
5.287279413389222 2.789329209048055 0
0.4093643062501838 3.192664851431663 0
5.597442482118206 3.09786590320159 0
5.610329076788687 3.708079578640536 0
0.3993835006692946 1.399979950518816 0
0.4003776642646828 3.998868590593725 0
1.601450508763643 5.590270249957942 0
0.4046658192209704 2.795960776756747 0
4.405047509247043 5.592016123083889 0
0.3975921507544811 2.298476511783987 0
0.3952947330422981 3.408575761238276 0
4.900206711947287 5.600132896613657 0
0.3966155999430887 2.098691451885339 0
5.701027703137404 2.099806299969235 0
1.200559767516975 5.600855894835241 0
1.399288603587625 5.599631038338728 0
4.504218133236066 0.3015733826633862 0
5.602100107561852 1.599145875520345 0
0.3992990856855001 0.8999426453179216 0
5.099935711407038 0.2995861033738969 0
5.700133848183173 4.800469773014385 0
0.4053323200729629 2.593454906066216 0
5.594959694275061 4.197035146149948 0
4.302042894059808 0.3116814017457797 0
5.698281914465964 2.897255256643172 0
0.3000927941657079 4.199342667922843 0
5.699389327552291 2.496790707381837 0
5.701435978957671 2.299338023353863 0
5.600316343450794 1.000427151349629 0
4.0702922569881 0.3036405817342278 0
4.033630975543329 0.3927814956335142 0
4.214526923302182 5.596051278118271 0
0.9999719168397575 5.600578551012902 0
0.8994695493400073 0.3998111027676309 0
5.100405398235729 5.600599800248188 0
5.600313884188069 5.400226831579328 0
0.3996628325818778 0.5998185454926821 0
5.605564148502616 3.40949190382169 0
5.599647656996752 3.306085450936171 0
5.700272038631859 0.799909999460622 0
0.4005668341461686 3.689008594044538 0
5.400227608952262 5.600293972555306 0
0.5997796202157982 0.3997504320571494 0
0.3979312304427461 1.701027865777861 0
0.396617718662879 1.800810826524661 0
4.800214367514529 0.3988520599531128 0
5.400161181963389 0.3997456084545239 0
5.600094891988715 1.302633316009756 0
0.3991996387201398 1.19979114683791 0
0.3987416727266484 4.699477408251598 0
0.4033395027715191 2.995879805076141 0
5.697485900206198 2.695551158560703 0
0.4998684866789543 5.600161377347023 0
5.300046622139743 0.2997656876444619 0
4.600902864336957 5.698802036592459 0
5.200325467460153 5.600518189758628 0
5.610953908931195 3.804182214892992 0
5.609639860144476 3.899706615464366 0
0.3988080083095079 1.601152586009257 0
5.600212047918492 5.500176091040529 0
0.3997468789083684 0.4998130451454527 0
5.598062579084219 4.501371510626142 0
0.3992083909601593 1.099892584051372 0
5.600451792408667 5.001039436859159 0
5.500134395997952 0.3998288850953944 0
0.6999205171361719 5.700199018851396 0
0.4999405937937469 5.700098217592666 0
5.184193390172055 2.135378520052804 0
0.6076689621880044 3.089054380152118 0
4.953687490352712 1.543507106125685 0
1.006718710953972 4.725022574749532 0
1.212534334173297 1.255095525693487 0
1.559389193937806 5.181942222044039 0
4.441905864997135 5.169172886051556 0
4.852295902753588 4.793748623875077 0
4.755174753351307 4.948712820343625 0
4.218982109672297 5.497841520833065 0
1.178389671268555 4.817462260271825 0
0.5924992609182963 3.304430125298127 0
0.6535372018489651 3.510292411191486 0
4.643558758636639 5.097296366000899 0
1.655716459119003 5.383421636004486 0
5.276636128350865 3.279887661823078 0
1.932709264104116 0.4104508143960967 0
5.330571100727529 3.54596662376338 0
5.03299673673273 4.707552292883187 0
2.211783429688206 0.387552126039113 0
1.440793639245133 5.040768838936674 0
4.303751036388841 5.296099886879052 0
4.157963378702211 0.5825447398959812 0
3.789206387833314 0.300517895763588 0
0.6814691381076305 4.009202337273559 0
0.7157847316798321 3.877953418107883 0
5.170556735838383 4.433052210712179 0
0.8107874536003035 4.401031679731218 0
5.193191329848275 4.517533456840752 0
0.8129137791700382 4.514138965897604 0
0.7114936005411567 4.214320135906454 0
5.289869598704624 4.274989460686327 0
1.342958382315198 4.893430098100148 0
5.298249987118059 4.000637263586311 0
1.321439393500455 1.100347999985802 0
0.9791541112050852 1.68042283421152 0
5.352368170596018 3.858834075812437 0
1.872689045029923 5.527481933127697 0
1.184673905314778 1.121834240052273 0
4.894432764830252 1.227471753368737 0
0.4990356540446949 1.09932776391005 0
1.101872589719955 5.500501789062912 0
5.498088098123115 1.104884154814542 0
4.831697889074914 5.008778489192246 0
0.9986940817096138 0.5029743831117163 0
0.9825751999608082 1.456753021222387 0
4.994528351723644 1.408104180770383 0
5.502268126671431 1.502633032766717 0
5.497836220449247 4.906022415821552 0
0.4979135881442656 1.606275603071426 0
1.31624049756764 5.010086039999582 0
4.79858344930396 5.497104549654615 0
5.099893827790192 5.501005839946931 0
5.129063207144765 1.688539270178855 0
5.203941351352887 1.886900400820829 0
4.424142223812881 5.28510479188662 0
0.8997695179403176 1.627690611393759 0
0.4993018580635887 4.599667919531448 0
4.398786659171537 0.6208409905901776 0
5.206420821526872 4.599967348090805 0
5.391191651256734 2.889400460754847 0
1.405398745593455 5.165576356211822 0
5.504397349653485 1.795444537059661 0
1.417277865081152 0.6991620565514474 0
5.602497975153647 2.299416850063936 0
4.700054624093322 0.496827769190095 0
0.4869209890450082 1.997933901407342 0
5.495503627099154 4.502343663176987 0
0.6655383786609237 4.331327458002288 0
0.7798622838692938 1.805296244820819 0
5.593930637328619 2.691325691657529 0
0.5112849139087466 2.688093673957666 0
4.759500489994919 1.02317190450904 0
5.368011106396152 4.237284127388905 0
0.6420779036285578 3.829723484563658 0
4.310326860613848 0.413822211369299 0
0.6099852308769723 2.889644769533704 0
0.4988834424840914 0.8997333363178254 0
0.7997867039236151 0.4999666039865385 0
0.39956856324729 4.097229047331726 0
5.600437323713609 0.7998469464020437 0
5.300202313128528 5.500675500510987 0
5.500371317349526 5.400451458701547 0
0.4997539386944814 5.500247518197606 0
5.41489570609997 3.635723756949162 0
0.4914986232906751 2.298337610153842 0
5.374855676307077 3.286375334595743 0
0.5678483680851076 3.541502758119759 0
0.621573771104353 2.572860590579944 0
5.395144912344512 2.49188305311665 0
1.301868225031155 0.9798078710766687 0
1.598716573333046 0.5027159035208906 0
5.503974039676065 4.081694120031495 0
4.118265007714934 0.4381242791027114 0
5.280743401123662 4.397523418974788 0
5.519790343148796 3.897107689802915 0
0.4981454705300441 3.999430413636865 0
0.5058634991008438 3.376987409652317 0
4.625447950429927 0.8562129687729492 0
4.489520170503869 0.6645434126751382 0
1.597585205687416 5.471695691478589 0
4.204297140200552 0.4877487536642533 0
5.470428822183708 4.187944010552684 0
0.6174975771300405 2.682069628240049 0
5.240748862152293 1.984440738758513 0
5.482149755480664 3.318601659214977 0
5.516600637143829 3.720218178878919 0
0.5080367415709497 3.187314161426322 0
0.5091253803064381 2.791357094134392 0
0.505860131235388 2.992732957962848 0
5.494549608525118 3.094731387974709 0
1.385594589736388 0.8036936301039926 0
0.6935738628667891 2.223130952169246 0
0.7457637396910578 2.00671861167678 0
5.391814435275323 3.091260844681873 0
5.386463402342735 2.686840291865633 0
5.595876585713921 2.894166977145385 0
5.306780080839454 2.215262067246157 0
5.088140508925672 1.591678217157752 0
5.596762711923464 2.995832287153412 0
0.5002724120539527 1.503229883825165 0
4.512386602411761 0.3996928362798693 0
1.397095768646518 0.4009063762788886 0
0.492751386533871 2.094922894250967 0
5.601981888883779 2.100230726110494 0
1.198752361700042 0.3990184356368562 0
5.601679563261579 1.898928472740086 0
0.3993020247835415 5.000094593078156 0
0.4021835627533201 4.401229929352088 0
5.100011397421747 0.3993635782948414 0
5.300167129124625 0.3996288230176386 0
0.4025186061989144 4.196887359855404 0
5.597563024031055 2.49396271856846 0
1.080229329413078 1.284039071781954 0
1.568852049216164 0.4141952096089832 0
0.4914465582824686 1.803963478828884 0
5.600487649302352 0.9000327297215089 0
0.5998052468040488 0.499867615759595 0
1.00060184967551 5.50012225189719 0
5.600575475808675 5.100686781058794 0
0.6998138735540328 5.600334866314078 0
5.600421334172519 5.300324530222881 0
0.3995358395996995 0.6998450083689979 0
0.3992531486021116 1.299737046572678 0
5.000328239093153 5.60046056940147 0
5.501227078939931 1.409512042114508 0
4.601325681451293 5.596998314073811 0
4.700346955305198 5.598898610965469 0
1.300361606336113 5.60065760975177 0
5.400280605401555 5.500481706830094 0
0.599830072307073 5.600246171878074 0
4.605975081481428 0.398160331820923 0
0.499575886764238 0.5998226037297013 0
0.3997339404431194 5.400221972186664 0
5.599578183514342 1.202690635814048 0
0.7998023052978022 5.600428980863848 0
5.60919210201557 3.511217020149056 0
0.4031115145970497 2.493491592700405 0
5.500233380616023 0.4997499725515832 0
5.600241250900265 0.599806502436705 0
0.4068362797255706 3.792280679236258 0
4.502739276331518 5.593808386040031 0
1.492357281345264 5.494331341345811 0
0.3995199364901962 5.200299257081457 0
5.598648021873415 4.80182039607844 0
5.597600262376061 4.701459214245743 0
5.500266389933308 5.500317532586402 0
5.597412766728934 4.402072523958346 0
0.4997216858326611 0.4998063372035227 0
5.507970193147018 1.695814237571476 0
0.3989659123792395 4.799512501691152 0
4.8997301899259 0.3990283122497396 0
0.6080912085392164 2.990070462061093 0
4.309673914007164 5.416894726616958 0
4.310452219528628 5.492857585344733 0
5.409306348564233 3.987047449289522 0
1.053415396589224 4.791154302319356 0
0.920531306225594 4.744432038765832 0
4.583672724857246 5.172369300881359 0
1.579861713086376 5.330443635889201 0
4.965098608890712 4.781632371310376 0
0.5630236079847015 2.378307130586098 0
1.241618314317597 4.917888930883042 0
4.777566571937589 5.086062499058972 0
5.436221403223025 3.88404405087841 0
5.426320717676783 3.535114554004387 0
0.677721789092073 3.651349212223486 0
5.136251723741664 4.697036920363145 0
5.357256669290104 3.372400893873652 0
5.457549788696906 3.818179419897473 0
1.676139097970001 0.5862100622476274 0
0.6458736447953416 4.080828054688828 0
0.6267440730549735 4.251194278091389 0
0.4687086599050719 3.484062004083738 0
0.4819503725258153 3.570798706361709 0
5.311228597032486 2.400403177499592 0
0.6947552522307984 4.415112283859425 0
0.6666463011674054 3.931433830165004 0
5.324117056524429 4.327975813719078 0
5.290713516564426 4.505305479568106 0
0.7062545485479024 4.507916076134208 0
5.336502605057515 4.046404587460277 0
3.97174078949271 0.3621680923897015 0
5.243816418629865 2.396896510164126 0
4.805525917419144 4.870614108332947 0
1.681557395129781 5.492039541461688 0
4.999674451312596 0.4993567823147411 0
0.4991334220142274 5.099898265747909 0
4.923260780743529 5.054128803858098 0
1.307309263381233 0.8576968252347783 0
0.7995481527431976 5.500583110292576 0
1.106449290000333 5.397578962831795 0
5.221024192999348 1.634492298879636 0
0.6092751719595769 1.631411238912509 0
0.4990321570862032 4.798086189740927 0
5.504201685246002 2.101559811930624 0
4.585302915419391 0.6787861971717579 0
5.323036985496961 1.935573146344022 0
0.5986990514341617 4.416060944954257 0
5.49606044658778 1.210922737046857 0
5.501007749464779 0.900870268815263 0
0.5997357869890576 0.6003612385744619 0
5.000046222314014 5.500577912069874 0
0.4993266437478494 0.6999174423991708 0
5.500335155486607 5.102540044491159 0
5.500391532582785 5.300814792515936 0
0.5996711395810436 5.500363188218026 0
4.462356996003539 0.4866968892070437 0
0.6875333955541992 1.868502686441333 0
4.502893726780371 5.489241928996718 0
4.698674146575721 5.49779902549339 0
5.50328578882417 1.898715703214512 0
5.401824606008268 1.498760411439951 0
5.294500152421396 4.593705673475273 0
1.489489943000068 0.4994296184461391 0
1.39085101129835 0.49603701200888 0
5.40736180746076 2.304812202871743 0
5.492283759927505 4.601570838444049 0
0.7077431072389321 4.603902459252148 0
5.392077788375112 4.319248360527217 0
0.602115006352589 2.073188367034108 0
5.495851365583277 2.49241019153502 0
0.4967117266935193 4.092643718055811 0
5.167425761983377 1.786537894171738 0
0.5048856973578737 2.481077409772596 0
0.5000786744205985 3.664617945242141 0
0.5094172220510081 3.90121496220677 0
5.514606454710011 3.424837797215159 0
4.880218778941753 4.928135287115232 0
0.8777576665238723 1.718689662342679 0
4.853931867429456 1.115441842297541 0
0.5044419881521277 4.187849412866433 0
4.943832179814358 1.31831478329113 0
1.327245513372612 0.7361847456360119 0
5.494369865787196 2.992863068367172 0
0.6132641955652206 2.78695041450563 0
4.315163029909301 0.5336529311477042 0
5.396333094321109 1.778785575001741 0
4.687470007419591 0.9393476893325701 0
5.29777768082631 2.087616526232264 0
4.404205209875226 5.488583741709748 0
0.5282787271415572 4.300477242039991 0
0.5000740714365095 4.503051520913304 0
1.13189888471344 1.201318349307541 0
5.043014030597687 1.498434307050047 0
5.388742378229991 2.788281046864039 0
1.3023199629466 5.502385290964736 0
1.030707977716203 1.370087794398471 0
0.4944224416964793 2.198149989101732 0
4.417776093404779 0.4242365483510623 0
1.203362039509853 5.501764673376032 0
1.293511467731438 0.4927064016014279 0
0.4989399352096855 0.9994816946066654 0
5.492874908956406 4.806487214895098 0
0.4990663692147522 4.898762199237429 0
5.506107013638862 1.598793807218705 0
5.594616844587581 2.792578203887127 0
5.498384769741066 1.31420023233324 0
5.600678459615637 2.397318785712054 0
5.602637705985756 2.200297445604135 0
5.389845090812436 4.110111358109705 0
5.500621640233597 1.002005807202046 0
4.899781297343133 5.498286982387445 0
0.4872170846132294 1.90341244240361 0
5.299623127459774 5.401370143533097 0
5.499499143770578 5.004650822657004 0
0.4990151452829768 0.7998571651837286 0
0.8987544965459731 0.5007128765718277 0
1.398224864000463 5.500492060863258 0
4.605782046934184 0.4934646964503236 0
5.200124400367553 0.399500181861352 0
0.4991153579802863 1.298898204012864 0
0.4995159718508093 1.399730997483457 0
0.7000572714019917 0.5000998974596903 0
0.4994517413346162 5.30033117825073 0
0.4928945292352082 1.705947595615341 0
0.5071573278866129 2.8927791817455 0
0.8997929447215374 5.500371196248951 0
0.4992980643904282 4.698173963439173 0
5.400140096056735 5.400892259249804 0
5.500434743637997 0.6998278312604299 0
5.300353892358081 0.4995303942797794 0
5.400307128170436 0.4996345027546931 0
5.491232632676559 3.198983098114475 0
5.594902411352627 2.591860200413819 0
5.49158114175817 2.589247058767199 0
5.500346076609438 0.5997115847170257 0
1.099528588442014 0.5041050324609921 0
0.4996060031883529 5.400317341820866 0
5.199882732639671 5.500932151830403 0
0.4990939941940916 1.198957250826428 0
4.798308811587956 0.4982988650476589 0
0.8078037351189945 4.71178669570231 0
1.456436500844692 5.278095961665112 0
4.51280660949343 5.264734084347094 0
5.392500586584843 2.990842361368702 0
0.5112932360964707 2.582576230965265 0
1.115435213760035 4.885522753974862 0
0.9837820345982001 4.847436146806831 0
4.440752994905602 0.5416137577855675 0
1.547632449078886 5.395719425656535 0
4.719160152976045 5.162509170223622 0
0.5091778770477855 3.260519338742364 0
5.068200801002549 4.808753639158317 0
0.5063840552780727 3.091033630326274 0
5.514238693508642 3.623164541724734 0
1.491195680639656 0.5885993113344721 0
4.23644651375669 0.4167429636771723 0
0.578964829695422 2.307118342721854 0
0.5890333183249995 3.626432079065542 0
0.9385998205007656 1.542631197603437 0
0.6035203568280821 3.916368153997417 0
5.495136969485454 4.405243241268094 0
0.6286381524281973 3.696776858735274 0
0.4937502130237231 2.388256821765672 0
5.489177935649065 4.30615816248657 0
5.225352014594958 4.676927391351525 0
1.358079138497723 5.089243335244252 0
0.600281925173086 4.351950529995819 0
0.5968436664434018 4.16814730746491 0
0.5881850599754036 4.002403506827014 0
1.242115972730812 1.047279770205256 0
4.388749420994897 5.372354393764975 0
0.6014791827291189 4.506105890613974 0
5.393854500799793 4.407776217408952 0
5.392152187569848 4.502138846956703 0
5.431671275855229 3.443449676422231 0
1.562752565069898 0.5813733030494272 0
4.921365236845456 4.850977295207982 0
5.522596282044253 3.809975259951034 0
5.436302933128989 4.06501955993669 0
1.597553380450881 0.6410703257945042 0
0.5453537388299161 3.453173066851158 0
1.29721484809917 4.939238665524492 0
5.421312235672273 3.380715500840806 0
1.107065253647183 1.06518673694075 0
5.404100427809823 1.004580576163853 0
0.5987617213601009 0.9975909427565464 0
1.003125730293355 1.230775073578367 0
4.982518856243907 1.190065935831202 0
0.9921328212698893 0.6080503873593479 0
4.838084100968509 0.9537220602122775 0
5.400802497739 1.340828216129567 0
0.5986868959136478 1.295397836216644 0
5.396570810906677 5.013197173551092 0
0.9018873857102043 1.404569792122327 0
5.08210500023039 1.359666989838068 0
1.254062509702788 5.105121241812228 0
4.900977890594571 5.399241468541481 0
1.244220360306552 0.7876572542229836 0
0.6014887112366508 4.697509864710555 0
1.324360263290866 5.259996481608544 0
4.966072847804538 4.965804394838016 0
5.182068573577499 1.538285481951808 0
5.20032940385545 0.4995291597036809 0
0.8986898138349599 5.399961498464915 0
0.8124561310898789 1.574288181153496 0
5.405923441180637 1.602639969895765 0
0.5634737483973186 1.712809312362161 0
1.233839905078674 0.9183276834198058 0
1.210366591348986 5.404443577755134 0
1.395109653095008 5.407591395595457 0
0.7656702375436378 1.680797749086537 0
5.346510521390519 2.005307075697877 0
5.490456255453071 2.688804589693735 0
5.405981063637982 2.204658360002859 0
1.267609564183 0.663946096996803 0
5.292787949782141 1.835446832523317 0
5.493123101638716 2.891278358975021 0
4.793476915831345 0.6007422532457121 0
0.6550928625288926 1.96358608663643 0
4.505611060211949 5.385369354436334 0
0.7137834107695548 1.799730162805981 0
4.512151593683882 0.5718295076344513 0
4.767937308030625 0.8762128662650354 0
4.601118112503394 5.495748934260978 0
5.440591497816028 1.691271409520571 0
5.504640165753194 2.001172099190713 0
0.597925746124929 0.8987646033820025 0
0.5989467747667006 0.7007734038059253 0
5.382913205584033 4.820474982576259 0
0.6001657219651488 4.796868434092381 0
4.898743459510119 0.4992872429284217 0
5.403573360671373 1.433267768194801 0
0.8013852496941606 0.601575443280627 0
4.691729839805038 5.403195132435748 0
4.66110869486214 5.235511643748567 0
0.5374020398869223 3.777001797035416 0
5.298393809041652 5.303461800799298 0
5.500307607571018 5.201659224903085 0
0.5046062546205732 4.408003792149739 0
5.100144023164153 0.499567716198581 0
5.097226549156085 5.40215987915006 0
5.300692269933063 0.5998574234282908 0
0.6995782894311998 5.500487502314746 0
1.001286930326788 5.397213545766853 0
5.198264028721298 5.402046627713115 0
5.399681172668773 5.302043572593015 0
0.7010412220409071 0.6022666805818557 0
0.499284301786862 5.20012670117974 0
5.40063967891681 0.7001587348210505 0
0.5992618612751397 5.300305537890075 0
5.500643997843499 0.800475234628941 0
0.4990557367356949 4.999345752973212 0
1.197840970811376 0.4977802013354007 0
5.489144289730501 4.704089313228597 0
0.599442714300244 5.400426949813199 0
5.400503347167443 0.5997461748440359 0
0.5990313524538377 1.196070056372928 0
5.376942630110528 1.231102065779817 0
0.6014175882348698 1.50402178534031 0
4.598159779596939 0.5853963452940962 0
0.7047108625586204 4.701416048977273 0
5.50444707094383 2.201814171869064 0
0.5929525643417622 2.203749362903205 0
5.403611147971096 2.398929679186648 0
0.8695216857035504 4.816892611034348 0
4.394883623029994 0.5018637044182452 0
1.202382546864605 4.991954401319455 0
1.043735401020855 4.940768609176883 0
1.369477781894376 0.6015689892459881 0
4.865834849981595 5.138097028355437 0
5.409360561862121 1.905984925234903 0
0.5717584998134996 1.922575669301527 0
1.479934527886418 5.399296009113166 0
5.156042349350979 4.783817826629219 0
5.388103791564143 4.597943258834944 0
0.602417310576118 4.601463035388633 0
5.516381323332155 3.523398115102485 0
5.290685615336553 4.65655290207539 0
5.501115611836041 2.397422780167642 0
5.009233023552839 4.826596795641042 0
5.256965392982853 1.732669698021579 0
0.4564423237281765 3.421290501336613 0
0.5846433281887089 4.085355708545619 0
4.99359329475619 4.884131848223346 0
0.6986777476008046 0.990084535716481 0
0.9950269614506226 5.29366227184101 0
4.999629920686354 0.6013156046843485 0
5.301540729288869 0.7013786126750975 0
5.050740986675976 5.085167383301692 0
0.5989296124354102 4.997800038465679 0
4.908629495277574 0.8877704941389676 0
1.167861246897448 0.8483298286507168 0
1.157779512754771 5.131288049139441 0
5.292987917754661 1.315834720371009 0
5.200796279904444 0.6009801937674005 0
0.5992191069220265 5.199667254659477 0
5.400467095036161 0.8028855677536779 0
0.6951957015961454 1.287387990358116 0
4.949507058179329 1.128092647294719 0
1.182764494638449 0.7145350005698132 0
1.227380683374134 5.317488312070307 0
5.331019855414681 1.368615533384617 0
4.704756791284597 0.8022632363077274 0
0.700579214870236 4.798976696583836 0
0.7180089628441246 1.503999742311049 0
5.31368616423083 1.572672829180076 0
4.676545126035578 0.6878315554544528 0
5.408137949133658 2.101804037280992 0
5.030969447744846 1.273045557953015 0
1.054115665599272 1.147432153876537 0
0.9520365143080178 1.316878433732696 0
5.133624886627469 1.446617747995844 0
1.104562084313496 5.036717967719792 0
5.491583994338943 2.789948955851196 0
0.5963923380429188 1.80505565045238 0
1.306609423585985 5.411665369633133 0
4.897263539811145 0.6020904999988819 0
0.5978743389778582 0.8002218600247897 0
0.813476110535071 0.718011603380549 0
5.397890182494141 1.107090064864332 0
4.793538421212677 5.379807154033567 0
4.808396752629452 5.234533603439054 0
5.092220121112557 5.304472870431741 0
0.6003184663765053 1.396757513843618 0
5.397928043294768 5.108450416477305 0
5.296456455820992 5.208921305746177 0
5.402615854463486 0.905611501795376 0
0.8966489666972144 0.6017715057903306 0
0.6985485457609548 0.7042705577522987 0
5.196093935910282 5.305337538585867 0
0.6988409393555647 5.300731313043852 0
0.7986960512796567 5.400713837093484 0
0.5991474134116367 4.897378153701577 0
4.997085549339879 5.402146526114734 0
0.6991264402329255 5.400635899436441 0
5.398755709542733 5.20493107314751 0
0.599282064877927 1.096296360904183 0
5.391716028646379 4.919005062259013 0
5.360031287832168 4.706310730830197 0
1.216227098315698 0.5876706875748332 0
1.109006980257215 0.6268260242877883 0
4.618719348690841 5.311194735518228 0
0.8949407171522629 4.905558547949583 0
5.075812888221037 4.888525519324298 0
1.289956925919314 0.5588441639843144 0
4.965587664324742 5.19405238356067 0
4.60260888713425 5.398465714701778 0
0.8573006773275594 1.490185423038913 0
5.503888302218627 2.300735887840561 0
0.6750058996438586 1.734202862547869 0
1.385151949259779 5.343597456362425 0
0.7972450408636839 4.806931945026824 0
5.066991041028795 4.974676594563847 0
5.251774227011598 4.75630128687287 0
1.168121170505156 0.9879070006008362 0
4.91986637937698 1.018466621635132 0
1.300145023839805 5.186893340770051 0
4.692538209936351 0.5944783188356823 0
0.6965664333982172 1.603803912773907 0
5.34146861793633 1.669859735740765 0
5.413381848581532 2.004305698022104 0
0.551336716633571 1.994322376144998 0
4.520351785609609 0.4881600500026937 0
5.332653970711492 1.007589374058056 0
0.9318715429197584 1.180604542867493 0
5.061984496376264 1.141805600136456 0
5.175931258750675 4.960961871136668 0
4.979149503097844 0.9460544866398687 0
5.202560648459047 0.7055906449583786 0
0.7005558521607632 1.089540562838123 0
5.302345426347807 0.8049423761441362 0
0.7972038711393011 5.301722283108991 0
4.899998779144792 0.7035479984300935 0
1.02053256648686 5.078306480569859 0
5.195042677308848 5.214407271379622 0
4.897644383533029 5.310648558455863 0
5.284348130920643 4.938326328546235 0
5.289372345079385 5.028906399881715 0
0.8069215759595688 1.356316929732153 0
5.165340149050181 1.303599945774263 0
4.846564376912814 0.8168228234718828 0
4.784115780035965 0.7214507279196993 0
5.111108451726455 5.145659215021736 0
0.6979102232197247 4.896762727308515 0
1.107470960215554 0.7727758034909239 0
0.8930157679419685 0.6802055902108274 0
1.028504739914449 1.006008848951649 0
1.095705118242103 0.9211312622509641 0
5.293315563775414 5.118780982847102 0
0.6979573128743927 1.190146087889947 0
0.6995282573883991 1.384720118627094 0
0.8944637201067661 5.30068980005662 0
5.301794083938411 1.19304394751132 0
5.100415434959626 0.6020564404400154 0
0.7633799768679197 0.8027473584400253 0
0.6938596784828224 0.8936941473697152 0
0.599187160371675 5.098620060598726 0
1.118948414315655 5.277454515885402 0
4.98901343481556 5.306614046075668 0
0.6926420320725718 0.8003218701694201 0
0.7000569818916171 5.199838787337957 0
0.7920041907705823 4.898506863501336 0
0.9678960132100657 4.992732168412928 0
5.170358644462988 4.870671817392325 0
5.291387801258524 1.460790132891931 0
4.729590365446364 5.297286060871055 0
0.796340856573271 1.451106057184978 0
1.20896968227059 5.212641542643372 0
1.063865278855181 0.7121614766689174 0
1.250599477953179 5.262870249298318 0
1.317346869842412 5.33376054482742 0
4.658577478074299 0.753272870961551 0
4.681779375031118 5.337744783317426 0
4.889369656176272 5.247977966184731 0
5.20941314549018 0.8097142204863698 0
0.8976629966433188 5.040855133607346 0
4.984683396221423 0.8190812174092095 0
0.9262679204917676 0.9399521793468527 0
0.7011145781936116 5.097348845813722 0
0.8011499966791283 1.074776239310032 0
0.8000682665211138 0.9702424868164076 0
4.998602147634541 0.706263145286136 0
0.9752857010772065 5.19779484767388 0
0.8877670456405382 5.208177792741568 0
1.027987177385633 0.8419092643277496 0
0.8743526280775424 0.8191134559193936 0
0.8791165970486852 1.261874828986374 0
0.7940743144089063 4.990124052781646 0
4.999283235720007 1.074577267947179 0
0.7841119971421957 0.8705746242293567 0
5.100864115595268 0.7101002181728675 0
5.294012646403457 0.924334754692112 0
0.7981414801222453 5.204342267886936 0
5.290334170811986 1.096686228780208 0
5.113731054371133 1.220851850246724 0
1.066246382460224 5.16897214521883 0
5.180402154831801 5.049245815509518 0
0.9773809685414748 1.096920050808202 0
0.7664616208888133 1.278713266833921 0
5.217791980000785 1.381938825886923 0
0.6990579975711689 4.996005566182695 0
5.09556145372514 5.211809646001738 0
0.9705648658053087 0.731400326030245 0
4.906111658573825 0.7771033748446131 0
5.190619209809737 5.1320278416286 0
0.8613024128752163 4.984146495705765 0
5.272732726188742 4.845258483869463 0
4.83647327176489 5.310383202956123 0
5.085748557029887 0.9915842029206107 0
5.104718333795654 0.8354019763896288 0
5.140901598017335 1.078549882054118 0
0.815907271204695 5.09681666058205 0
5.217390449465858 1.009161055294599 0
5.217487544923966 0.8862106858356322 0
5.01710586428281 0.8957496010625379 0
0.8946225806253928 1.06881562089219 0
0.8057103660274209 1.191733160117313 0
5.243038600989451 1.241250154800614 0
5.19398866672582 1.161041554242525 0
0.9413192089242741 5.115591906435503 0
0.8845361469775637 5.142707236170025 0
5.163193259537428 0.9302781757023817 0
5.060623863053513 0.9048633687651472 0
0.8803469595183999 1.145290665758985 0
2 2 0 1604
2288
2289
2290
2291
2292
2293
2294
2295
2296
2297
2298
2299
2300
2301
2302
2303
2304
2305
2306
2307
2308
2309
2310
2311
2312
2313
2314
2315
2316
2317
2318
2319
2320
2321
2322
2323
2324
2325
2326
2327
2328
2329
2330
2331
2332
2333
2334
2335
2336
2337
2338
2339
2340
2341
2342
2343
2344
2345
2346
2347
2348
2349
2350
2351
2352
2353
2354
2355
2356
2357
2358
2359
2360
2361
2362
2363
2364
2365
2366
2367
2368
2369
2370
2371
2372
2373
2374
2375
2376
2377
2378
2379
2380
2381
2382
2383
2384
2385
2386
2387
2388
2389
2390
2391
2392
2393
2394
2395
2396
2397
2398
2399
2400
2401
2402
2403
2404
2405
2406
2407
2408
2409
2410
2411
2412
2413
2414
2415
2416
2417
2418
2419
2420
2421
2422
2423
2424
2425
2426
2427
2428
2429
2430
2431
2432
2433
2434
2435
2436
2437
2438
2439
2440
2441
2442
2443
2444
2445
2446
2447
2448
2449
2450
2451
2452
2453
2454
2455
2456
2457
2458
2459
2460
2461
2462
2463
2464
2465
2466
2467
2468
2469
2470
2471
2472
2473
2474
2475
2476
2477
2478
2479
2480
2481
2482
2483
2484
2485
2486
2487
2488
2489
2490
2491
2492
2493
2494
2495
2496
2497
2498
2499
2500
2501
2502
2503
2504
2505
2506
2507
2508
2509
2510
2511
2512
2513
2514
2515
2516
2517
2518
2519
2520
2521
2522
2523
2524
2525
2526
2527
2528
2529
2530
2531
2532
2533
2534
2535
2536
2537
2538
2539
2540
2541
2542
2543
2544
2545
2546
2547
2548
2549
2550
2551
2552
2553
2554
2555
2556
2557
2558
2559
2560
2561
2562
2563
2564
2565
2566
2567
2568
2569
2570
2571
2572
2573
2574
2575
2576
2577
2578
2579
2580
2581
2582
2583
2584
2585
2586
2587
2588
2589
2590
2591
2592
2593
2594
2595
2596
2597
2598
2599
2600
2601
2602
2603
2604
2605
2606
2607
2608
2609
2610
2611
2612
2613
2614
2615
2616
2617
2618
2619
2620
2621
2622
2623
2624
2625
2626
2627
2628
2629
2630
2631
2632
2633
2634
2635
2636
2637
2638
2639
2640
2641
2642
2643
2644
2645
2646
2647
2648
2649
2650
2651
2652
2653
2654
2655
2656
2657
2658
2659
2660
2661
2662
2663
2664
2665
2666
2667
2668
2669
2670
2671
2672
2673
2674
2675
2676
2677
2678
2679
2680
2681
2682
2683
2684
2685
2686
2687
2688
2689
2690
2691
2692
2693
2694
2695
2696
2697
2698
2699
2700
2701
2702
2703
2704
2705
2706
2707
2708
2709
2710
2711
2712
2713
2714
2715
2716
2717
2718
2719
2720
2721
2722
2723
2724
2725
2726
2727
2728
2729
2730
2731
2732
2733
2734
2735
2736
2737
2738
2739
2740
2741
2742
2743
2744
2745
2746
2747
2748
2749
2750
2751
2752
2753
2754
2755
2756
2757
2758
2759
2760
2761
2762
2763
2764
2765
2766
2767
2768
2769
2770
2771
2772
2773
2774
2775
2776
2777
2778
2779
2780
2781
2782
2783
2784
2785
2786
2787
2788
2789
2790
2791
2792
2793
2794
2795
2796
2797
2798
2799
2800
2801
2802
2803
2804
2805
2806
2807
2808
2809
2810
2811
2812
2813
2814
2815
2816
2817
2818
2819
2820
2821
2822
2823
2824
2825
2826
2827
2828
2829
2830
2831
2832
2833
2834
2835
2836
2837
2838
2839
2840
2841
2842
2843
2844
2845
2846
2847
2848
2849
2850
2851
2852
2853
2854
2855
2856
2857
2858
2859
2860
2861
2862
2863
2864
2865
2866
2867
2868
2869
2870
2871
2872
2873
2874
2875
2876
2877
2878
2879
2880
2881
2882
2883
2884
2885
2886
2887
2888
2889
2890
2891
2892
2893
2894
2895
2896
2897
2898
2899
2900
2901
2902
2903
2904
2905
2906
2907
2908
2909
2910
2911
2912
2913
2914
2915
2916
2917
2918
2919
2920
2921
2922
2923
2924
2925
2926
2927
2928
2929
2930
2931
2932
2933
2934
2935
2936
2937
2938
2939
2940
2941
2942
2943
2944
2945
2946
2947
2948
2949
2950
2951
2952
2953
2954
2955
2956
2957
2958
2959
2960
2961
2962
2963
2964
2965
2966
2967
2968
2969
2970
2971
2972
2973
2974
2975
2976
2977
2978
2979
2980
2981
2982
2983
2984
2985
2986
2987
2988
2989
2990
2991
2992
2993
2994
2995
2996
2997
2998
2999
3000
3001
3002
3003
3004
3005
3006
3007
3008
3009
3010
3011
3012
3013
3014
3015
3016
3017
3018
3019
3020
3021
3022
3023
3024
3025
3026
3027
3028
3029
3030
3031
3032
3033
3034
3035
3036
3037
3038
3039
3040
3041
3042
3043
3044
3045
3046
3047
3048
3049
3050
3051
3052
3053
3054
3055
3056
3057
3058
3059
3060
3061
3062
3063
3064
3065
3066
3067
3068
3069
3070
3071
3072
3073
3074
3075
3076
3077
3078
3079
3080
3081
3082
3083
3084
3085
3086
3087
3088
3089
3090
3091
3092
3093
3094
3095
3096
3097
3098
3099
3100
3101
3102
3103
3104
3105
3106
3107
3108
3109
3110
3111
3112
3113
3114
3115
3116
3117
3118
3119
3120
3121
3122
3123
3124
3125
3126
3127
3128
3129
3130
3131
3132
3133
3134
3135
3136
3137
3138
3139
3140
3141
3142
3143
3144
3145
3146
3147
3148
3149
3150
3151
3152
3153
3154
3155
3156
3157
3158
3159
3160
3161
3162
3163
3164
3165
3166
3167
3168
3169
3170
3171
3172
3173
3174
3175
3176
3177
3178
3179
3180
3181
3182
3183
3184
3185
3186
3187
3188
3189
3190
3191
3192
3193
3194
3195
3196
3197
3198
3199
3200
3201
3202
3203
3204
3205
3206
3207
3208
3209
3210
3211
3212
3213
3214
3215
3216
3217
3218
3219
3220
3221
3222
3223
3224
3225
3226
3227
3228
3229
3230
3231
3232
3233
3234
3235
3236
3237
3238
3239
3240
3241
3242
3243
3244
3245
3246
3247
3248
3249
3250
3251
3252
3253
3254
3255
3256
3257
3258
3259
3260
3261
3262
3263
3264
3265
3266
3267
3268
3269
3270
3271
3272
3273
3274
3275
3276
3277
3278
3279
3280
3281
3282
3283
3284
3285
3286
3287
3288
3289
3290
3291
3292
3293
3294
3295
3296
3297
3298
3299
3300
3301
3302
3303
3304
3305
3306
3307
3308
3309
3310
3311
3312
3313
3314
3315
3316
3317
3318
3319
3320
3321
3322
3323
3324
3325
3326
3327
3328
3329
3330
3331
3332
3333
3334
3335
3336
3337
3338
3339
3340
3341
3342
3343
3344
3345
3346
3347
3348
3349
3350
3351
3352
3353
3354
3355
3356
3357
3358
3359
3360
3361
3362
3363
3364
3365
3366
3367
3368
3369
3370
3371
3372
3373
3374
3375
3376
3377
3378
3379
3380
3381
3382
3383
3384
3385
3386
3387
3388
3389
3390
3391
3392
3393
3394
3395
3396
3397
3398
3399
3400
3401
3402
3403
3404
3405
3406
3407
3408
3409
3410
3411
3412
3413
3414
3415
3416
3417
3418
3419
3420
3421
3422
3423
3424
3425
3426
3427
3428
3429
3430
3431
3432
3433
3434
3435
3436
3437
3438
3439
3440
3441
3442
3443
3444
3445
3446
3447
3448
3449
3450
3451
3452
3453
3454
3455
3456
3457
3458
3459
3460
3461
3462
3463
3464
3465
3466
3467
3468
3469
3470
3471
3472
3473
3474
3475
3476
3477
3478
3479
3480
3481
3482
3483
3484
3485
3486
3487
3488
3489
3490
3491
3492
3493
3494
3495
3496
3497
3498
3499
3500
3501
3502
3503
3504
3505
3506
3507
3508
3509
3510
3511
3512
3513
3514
3515
3516
3517
3518
3519
3520
3521
3522
3523
3524
3525
3526
3527
3528
3529
3530
3531
3532
3533
3534
3535
3536
3537
3538
3539
3540
3541
3542
3543
3544
3545
3546
3547
3548
3549
3550
3551
3552
3553
3554
3555
3556
3557
3558
3559
3560
3561
3562
3563
3564
3565
3566
3567
3568
3569
3570
3571
3572
3573
3574
3575
3576
3577
3578
3579
3580
3581
3582
3583
3584
3585
3586
3587
3588
3589
3590
3591
3592
3593
3594
3595
3596
3597
3598
3599
3600
3601
3602
3603
3604
3605
3606
3607
3608
3609
3610
3611
3612
3613
3614
3615
3616
3617
3618
3619
3620
3621
3622
3623
3624
3625
3626
3627
3628
3629
3630
3631
3632
3633
3634
3635
3636
3637
3638
3639
3640
3641
3642
3643
3644
3645
3646
3647
3648
3649
3650
3651
3652
3653
3654
3655
3656
3657
3658
3659
3660
3661
3662
3663
3664
3665
3666
3667
3668
3669
3670
3671
3672
3673
3674
3675
3676
3677
3678
3679
3680
3681
3682
3683
3684
3685
3686
3687
3688
3689
3690
3691
3692
3693
3694
3695
3696
3697
3698
3699
3700
3701
3702
3703
3704
3705
3706
3707
3708
3709
3710
3711
3712
3713
3714
3715
3716
3717
3718
3719
3720
3721
3722
3723
3724
3725
3726
3727
3728
3729
3730
3731
3732
3733
3734
3735
3736
3737
3738
3739
3740
3741
3742
3743
3744
3745
3746
3747
3748
3749
3750
3751
3752
3753
3754
3755
3756
3757
3758
3759
3760
3761
3762
3763
3764
3765
3766
3767
3768
3769
3770
3771
3772
3773
3774
3775
3776
3777
3778
3779
3780
3781
3782
3783
3784
3785
3786
3787
3788
3789
3790
3791
3792
3793
3794
3795
3796
3797
3798
3799
3800
3801
3802
3803
3804
3805
3806
3807
3808
3809
3810
3811
3812
3813
3814
3815
3816
3817
3818
3819
3820
3821
3822
3823
3824
3825
3826
3827
3828
3829
3830
3831
3832
3833
3834
3835
3836
3837
3838
3839
3840
3841
3842
3843
3844
3845
3846
3847
3848
3849
3850
3851
3852
3853
3854
3855
3856
3857
3858
3859
3860
3861
3862
3863
3864
3865
3866
3867
3868
3869
3870
3871
3872
3873
3874
3875
3876
3877
3878
3879
3880
3881
3882
3883
3884
3885
3886
3887
3888
3889
3890
3891
4.897486864327865 2.908183589897477 0
1.100716853453227 3.005464542377336 0
1.316162799364567 1.895433572016848 0
4.743892804309233 3.980256170027348 0
1.755982354480863 4.823592342517654 0
4.68199834490934 1.887907289551207 0
4.199778022777289 4.933766738700218 0
3.876574857842053 0.8650274879099125 0
1.976611163801145 0.9816933798516689 0
3.016007159055179 5.411392997874152 0
2.994457486375554 0.6027033629506866 0
1.225747363758782 3.887186709701164 0
2.371090715913678 5.271902717174894 0
4.292602789620743 1.244399507082031 0
3.660871664543485 5.253335138875303 0
4.874118264890394 3.402629325815431 0
4.478175933891248 4.506922437368565 0
1.174396334118745 2.334719685606805 0
4.82607685964875 2.340035340351002 0
1.650637112570844 1.308886152619715 0
2.546433084450487 0.6708885378297521 0
1.467111701968747 4.422834780070345 0
1.126845723537119 3.401824954729775 0
3.366206903914942 0.646888062530723 0
1.998628593126986 5.022788363484962 0
3.281345771960066 5.371313383252118 0
2.748547322811476 5.378658359174711 0
1.125238677323198 2.618019953479391 0
4.462610340091357 1.470708657153036 0
1.328836935971161 4.161798553539946 0
4.309166173339978 4.749347342281633 0
4.628639814756474 4.250277107809443 0
4.010443091214487 5.031311348819935 0
4.89771135170104 3.104974029558311 0
1.631893555205358 4.669630953720052 0
4.861811913484905 2.524125664559192 0
1.54097371587139 1.466346724067148 0
4.019995295401491 0.9799082927925549 0
2.373541693529014 0.7368872071345317 0
3.543458469944289 0.7037621186491438 0
1.157230734216026 3.598924524916755 0
4.843395391666702 3.59930894485028 0
2.813653893813878 0.6094664326713697 0
3.475543273739732 5.327351196291771 0
2.556296156241717 5.336214084825463 0
4.800683206315398 3.792500056539979 0
3.089265602785899 5.428217145127162 0
2.929404980139345 5.404708018897138 0
1.831807389092757 4.937697252871478 0
1.102304670335169 3.104611027869367 0
4.892965056247879 3.204294039418594 0
1.107201570793395 3.203878258666088 0
3.840164043096036 5.150023589323215 0
2.198741806075892 5.176585449647117 0
4.368195427630077 4.669429434909127 0
1.107030012001194 2.809605847512578 0
4.874552152908744 2.618291488392316 0
1.280184737870436 1.982586982416866 0
1.246104826607643 2.067240777090829 0
4.717076571431692 1.977167323500551 0
4.749100625458817 2.067032221612893 0
1.570825420851796 4.588007115080929 0
4.513010109599558 1.549639810349971 0
4.560180350790063 1.630708287696343 0
1.489985669818467 1.547675042232637 0
1.442383936011311 1.631144159216523 0
4.093608257518718 1.041463124129528 0
1.903708974635554 1.045151674963015 0
1.831381743578341 1.109305163849545 0
4.884703921634519 2.714094709223558 0
2.288815286354621 0.7763978678736689 0
2.207155313153992 0.8207308591365704 0
3.632071209820843 0.7398123841991546 0
1.155730753233821 2.427440019189244 0
1.215344487116471 2.15426745500888 0
4.777849039854004 2.157511029176435 0
1.397790301294493 1.717570650564952 0
4.603752857464438 1.714244016924219 0
4.352546106768557 1.317979245815988 0
1.764062526293454 1.170101022675204 0
4.163264463845849 1.106048273789851 0
1.17662021117489 3.696383466219016 0
2.128006335510678 0.8701317337086214 0
3.719485648435818 0.779185522428407 0
2.721465906855623 0.6208569292507063 0
4.531485662313544 4.422660115583937 0
3.183365292528672 0.6136991821192571 0
1.417853818673787 4.337254688521936 0
1.256132463690802 3.980250537177571 0
4.671019473003111 4.161704874087606 0
3.567507916115431 5.294038720341778 0
2.463186093676296 5.307369748812665 0
1.290660283027583 4.071658342477872 0
4.709282098487475 4.071627029925464 0
1.37177295256898 4.25011855375671 0
4.773953466939667 3.887042752283276 0
4.581590975919524 4.33703552304371 0
3.750478440926205 5.204794584413392 0
2.285000465226877 5.228943443423991 0
1.199531447070406 3.792449694080358 0
3.378342304075937 5.353158229608209 0
2.653711020874983 5.359798577276102 0
4.823560209961713 3.696476625885168 0
1.519054241618111 4.506600791490885 0
1.1996646961169 3.01202907166994 0
4.78179664908686 2.721361178831534 0
1.341466608407185 2.09779418591996 0
4.725118156439548 3.71014070701978 0
1.69233111954969 4.593354767644941 0
4.518214339793118 1.757051789813861 0
1.809324361318401 1.219681641453424 0
4.242351162347773 4.672017370023223 0
3.686876778297063 0.8698270798531671 0
2.950817131975913 5.338064289141188 0
1.275261137033219 3.710114039842126 0
3.736300191326015 5.101560677271218 0
2.330547447161517 0.8609861503484066 0
2.253226318002119 5.099071655541569 0
4.278505425812671 1.384483147751791 0
4.521228252054192 4.257220663823837 0
2.731918723082739 0.6885607728717549 0
4.798609689572665 3.112672822357159 0
1.432581386059288 4.170564521500014 0
1.48506376059541 1.766466127169394 0
3.258027995464033 5.280805900300977 0
2.703107823529829 5.271220418502702 0
4.094196858535375 1.177581384150165 0
4.644588846682192 3.992326181808936 0
1.58130677952007 4.427374534612532 0
1.576064505780158 1.598215652550308 0
1.965303308471718 1.123945436515212 0
1.323847521322204 3.900586802456018 0
3.448584533711367 5.233045820543909 0
2.507232197342342 5.226044323228741 0
4.248306878708513 4.836820168464129 0
1.918661869358007 5.021034900015143 0
4.100207356154901 4.976981872118214 0
1.201388654675242 3.112125727490586 0
1.691727121180119 4.742482545330084 0
4.899007390020712 3.006424612186195 0
1.115539406874201 3.303019186097955 0
4.885022411973928 3.303623692841734 0
3.161394198817288 5.37701428387937 0
2.841339459919409 5.394792628683256 0
1.102524571375628 2.907232635631744 0
4.416024207587421 4.426857824895424 0
4.892245470328566 2.810845235515196 0
1.114757053271647 2.713417165291907 0
1.13914024683529 2.522620301587646 0
4.845680141789272 2.431790824814509 0
4.773325994891032 2.625135999034605 0
1.192897326253326 2.244144210053446 0
4.803442022033282 2.248864611998026 0
1.365269767685574 2.034405254408409 0
1.35555158659312 1.806655914937089 0
4.644076538264439 1.799958455036986 0
2.113185548717947 5.113377659374594 0
3.925827571436806 5.091791977137345 0
4.479369044115622 1.67699421137141 0
4.433265063237036 1.602126690457825 0
4.409336292413846 1.393990371774656 0
1.595267372899606 1.386319396210257 0
1.14093942224506 3.500658498392691 0
4.86001923841095 3.501277137612651 0
1.705485382157094 1.234856579813553 0
4.229419270908561 1.17397763593026 0
4.422788986393364 4.5893516103323 0
4.025964025136323 1.114899297582829 0
3.94624956929191 0.9196768749359436 0
2.051072179295899 0.9240536232157576 0
3.802628480470017 0.8193591031477321 0
2.460605565222489 0.7018171090023863 0
1.529080059811481 4.342925183525205 0
3.598140798464658 0.8333419220297107 0
3.454898395739957 0.672788277639458 0
2.631328751657959 0.6430682740415815 0
3.276065124775114 0.6274157130220043 0
2.902789558525182 0.6046886639822134 0
4.702273100023802 3.806210120849563 0
3.641020658285047 5.154022011692598 0
2.334729908924805 5.155162385275513 0
3.088766164646974 0.605713269247626 0
4.56705686015218 4.170377599957487 0
1.355163451890264 3.992343186065644 0
2.182808249489721 0.95086665537688 0
1.391744386284036 4.082015494773592 0
4.607948394617789 4.081996289380591 0
3.543175179915837 5.196477973021563 0
2.417331663357849 5.197110338906517 0
4.675340218740579 3.900137846881494 0
1.479368999652247 4.257161227369935 0
2.60519676652901 5.249622643066289 0
3.350322776057344 5.260156250073567 0
1.29775105517391 3.806325681702851 0
4.469895090255915 4.342299608493054 0
1.256892278827391 3.611887537435984 0
4.744212835668572 3.612249680303967 0
1.297481453961303 3.019878824209607 0
4.654571843309987 2.615599353213434 0
1.486725448420801 1.998923334663466 0
4.646319441100093 3.626530110387738 0
1.642246899320966 4.34768336444376 0
4.420714503585062 1.710783545705477 0
1.355123217756607 3.626526395663641 0
4.356942426925001 4.346599270598561 0
1.2242455351332 2.628259182059799 0
4.684747653135259 2.191680894019568 0
3.079133238947596 0.7051800859295349 0
1.452741604319691 4.002686097499577 0
4.545043232781166 4.003315346636505 0
2.317010889211781 5.030255500349355 0
1.933592847870528 4.900554048592769 0
3.711191551794842 5.001461842579238 0
2.651822520717464 5.164950389679836 0
3.307083616691308 5.171153716340648 0
3.183759190467097 5.294145191240466 0
4.090241713187702 4.832801520444733 0
2.17263625966428 5.031379064146839 0
2.799921759697275 5.289610751899547 0
4.785838347320194 3.313147966790272 0
1.215278046991083 3.312389907821167 0
4.358875039514261 4.510789233233204 0
4.760612314405931 3.513217869317714 0
1.241176556791585 3.51247426747757 0
3.343482310432382 0.7391534167648315 0
4.732393868849923 2.367853871599286 0
3.50916642997597 0.7994584080835243 0
4.384472641428911 1.530879724274876 0
3.837022175167806 0.9188669893746955 0
3.95370478284827 1.055063141892495 0
4.220220500720968 1.313096391161261 0
2.035804727452557 1.062219505809224 0
2.450199195734508 5.145664762527293 0
3.502739782720123 5.088256442618525 0
3.040171418603776 5.313436672968672 0
4.216370408228761 4.745857526528155 0
1.537741344933501 4.177481375313436 0
4.461787438253905 4.177619877552345 0
1.393760713947347 3.820794744522749 0
4.604747468368197 3.820225580945125 0
4.011117201199603 4.904215874826279 0
3.827703345350846 5.040280330778524 0
2.890912044528658 5.300391912582107 0
4.799855366803305 3.013799930545986 0
1.206698697329905 3.212452911701387 0
4.793639799580863 3.21290607720884 0
1.706838719560529 4.658052150526438 0
4.753503255753653 2.453041202176546 0
1.201604793088395 2.913392361023015 0
1.402686150823081 1.946788462981744 0
4.76745412344809 2.53628519930154 0
1.626500293020625 1.517866966885325 0
4.300226980530164 4.595117266044604 0
2.411632450588515 0.829311218297202 0
2.833863060003157 0.7066685271165777 0
1.63405305214116 4.510863124581375 0
1.206308546708149 2.816478990896523 0
1.238112631592054 2.534075047682226 0
4.791331287317208 2.818779236135795 0
1.529360932217424 1.680725464306063 0
1.679826808991246 1.437562503859671 0
4.553474722549399 1.838737352528343 0
1.888803254274577 1.204333793597425 0
1.288878658633161 2.273378191405223 0
1.280242827085112 2.174943066769673 0
2.256218810172664 0.9009904838737344 0
1.779656402731204 1.279085128342061 0
1.442653937431331 1.856336866886685 0
2.499243672384204 0.796216614997152 0
3.17282619716435 0.7121975915133644 0
4.333666121407538 1.458485494239981 0
4.158611348973103 1.244031056723998 0
2.640318717538155 0.7423903544462644 0
2.108542290168566 1.004965707873788 0
3.773229063513706 0.9010056054422952 0
1.492845760795193 4.090131690184741 0
4.505732735350267 4.090937443866778 0
2.894128856318764 0.7037051610296606 0
1.420246808288416 3.91274160629422 0
4.577070933186636 3.912764353981046 0
2.396432898689661 5.092685789864912 0
3.61430102803733 5.056944258748473 0
2.542674489958768 5.129326323208195 0
3.400502555254733 5.141273630477833 0
4.410883233301916 4.262328412827424 0
1.588789506756614 4.262828003676095 0
1.372816233409013 3.724923764414502 0
4.627072705519631 3.724479187334983 0
1.452679830994914 3.643001839765429 0
4.548959154913034 3.642083786143052 0
2.019608368250871 1.201829934463238 0
3.657353174244768 0.9616530526466855 0
2.750851069402295 0.8025431906607061 0
4.299471078034562 4.266006200089123 0
1.699644693330814 4.266871560954459 0
4.025723491090734 1.248388430235512 0
1.661142643003143 1.64838941668914 0
4.108255207363011 4.713010923407395 0
3.806670245592755 4.936169865455423 0
4.700408373825177 3.122070973839829 0
3.070916567816648 0.8032700467789896 0
3.347786730156462 5.058780969363811 0
1.509859769781443 3.921805807878302 0
4.479473463966953 3.924408031284577 0
2.950765780234504 5.23830721782348 0
3.210638100040235 5.19557630300246 0
2.238496308250753 1.028165197866618 0
1.809987139382182 4.724211710852043 0
2.749266535238903 5.182981152465354 0
2.541130567581816 0.8912043668829219 0
1.304695759799716 3.222449266777216 0
2.239601441415279 4.965446351315272 0
2.479511914937738 5.023300938982662 0
1.787511041921925 4.603622370825028 0
1.697325726523124 4.431130489214206 0
1.862232158786981 1.311832167378711 0
3.585927351127381 4.985493472226492 0
1.254826612229664 2.438236606941118 0
4.671354633148032 2.483909837680989 0
4.207651337624105 1.45350907656452 0
4.239654345536861 4.514118990127592 0
1.569946132157369 1.815211335703057 0
3.564060369749084 0.9255873319061121 0
1.868206582806369 4.805233190494563 0
4.662340603994074 3.52663361933274 0
1.340192615918976 3.526144894833494 0
4.402781635145526 4.097868512443407 0
1.593085561423346 4.093824445121224 0
3.99228631175147 4.802378541321954 0
1.29944784838184 3.121276674952603 0
2.095748168589485 4.949688642034706 0
4.695515414031799 3.223000582199408 0
4.797412234490406 2.916012398173165 0
4.298967555151738 4.430028183485589 0
1.299502545291203 2.920260316259413 0
2.356096246961751 0.9243800886479638 0
1.447033190949751 2.093350175034926 0
4.589397004822072 1.924283294847327 0
4.65642505953211 2.103268062865319 0
1.227263324393424 3.412695759129019 0
1.468841967348671 3.741875912346857 0
4.530109375484678 3.739656363977744 0
4.774463507938587 3.413527624926726 0
3.917095880995642 4.976578689785388 0
1.213976116813023 2.721777176937864 0
4.709827779875181 2.280709258259562 0
4.67423987545624 2.730678660467683 0
1.764380087466922 1.487389335013273 0
1.37276647447571 2.343859526907559 0
1.336609273526695 2.543904860972609 0
4.431789249909972 1.805247568511938 0
3.957922925671595 1.185738689282262 0
1.272494195717786 2.343929109714164 0
3.864064353905006 0.9939146121121273 0
4.347836279343753 1.653384309132282 0
2.976128176646588 0.8013349016483181 0
3.423356090730473 0.7674885022087328 0
3.261933083655413 0.721881297920745 0
1.732458805056316 1.356899627042936 0
4.699622254562016 2.542061689451566 0
2.985544489725789 0.7031611971719322 0
4.089537289823053 1.31393639568304 0
4.261806209865187 1.526214379468524 0
4.444051246190846 4.011551453983284 0
1.546779025602929 4.005987888882755 0
2.585043222871018 0.7629363591854835 0
2.37801359978359 4.961556111904759 0
2.609175348589635 5.070757918911929 0
1.486442191445449 3.834494935799446 0
4.507066738144273 3.833485802298014 0
4.353087302269199 4.182051510278924 0
1.64477464949384 4.180541721077914 0
2.164473805303242 1.084984187985901 0
1.748119843494614 4.515190549878723 0
3.122328132612936 5.238566382346843 0
4.535002114720815 2.657523434886853 0
1.573512571388881 2.044825304060893 0
4.452123891513425 3.658751904346139 0
1.549923552887378 3.661857071629925 0
4.321975041518979 1.765290218032296 0
2.296971309406221 4.902782058301211 0
4.022382873026765 1.383268841951469 0
4.04208141191348 4.672970612171989 0
1.396295167095581 3.129617341582192 0
4.602964257141873 3.133190794525806 0
3.671981000196705 4.889614202446651 0
4.245432385057343 4.182630281949246 0
1.74944700893471 4.178440956841627 0
4.593267163744422 2.227516326287243 0
3.0247656689705 5.139665853909793 0
2.680573863384667 5.082072044182988 0
3.256787273946276 5.081323370960499 0
2.028703634434478 4.859464241937667 0
2.973156017356573 0.898719301224981 0
1.867831501919515 4.517606422366827 0
1.326323917064754 3.425107000805296 0
1.757790191944863 4.350543664879868 0
4.643888542989887 2.402954821769705 0
4.182288754605647 4.431266804733816 0
1.58209334736455 3.856601665047596 0
4.411793991816745 3.846631563808811 0
3.322681953644603 0.8073239310313973 0
3.475573796455269 0.8932627171720228 0
3.165227142470342 0.8104445086871537 0
1.817938779020406 1.401810434890628 0
1.354042893391621 2.446275998892136 0
2.220760360461855 1.165039333891474 0
4.180793949907856 4.601127116558082 0
4.564770910148858 3.541722237885199 0
1.43898408856597 3.540959807492122 0
1.928740753403627 4.691734761535352 0
2.632806335946981 0.8524025130681724 0
2.175568267005362 4.894945590114572 0
2.849897417829292 5.203113719664893 0
1.39658565146021 2.926727431905324 0
4.698439298256157 2.925047203420322 0
3.899187030623106 4.870880200783797 0
4.687388475998177 3.324460629053158 0
4.701105337560818 3.023139947100445 0
2.58947565856546 5.008351688406951 0
4.241505735381941 4.348586295313475 0
1.388601219509499 2.210649553290875 0
3.754309844518711 0.9875308790229127 0
3.888167024208433 1.124015294617276 0
1.711194573371218 1.568561399649412 0
1.304417789743271 2.823637616971759 0
1.322695171093234 2.637387236114755 0
1.314242989163501 3.323873691366823 0
4.313248716050387 1.598330686178781 0
4.150009888288891 1.38270539460588 0
2.437932827813491 0.9446634546869626 0
2.878914714521633 0.8036050384757705 0
1.963037772200756 1.246608058977604 0
1.691742097594468 4.089502919008011 0
4.299340381021225 4.099040187120857 0
3.41945026640495 5.019009430198714 0
4.689096130422328 2.828775622688782 0
2.492891248203867 4.94350549735363 0
3.890843123983133 1.257003885928528 0
4.624175657070927 2.013508805718744 0
4.459699993133489 1.86574690825778 0
1.61468306647807 1.730015233979016 0
2.091304244855136 1.143240183506299 0
2.308259185892072 0.9709951777810382 0
4.555178650070221 2.441288775926376 0
1.527525376234823 1.905465263051944 0
3.521414014850014 5.009186095161017 0
1.563236374033091 3.762840155526312 0
4.433676891330344 3.754875271989229 0
1.815273856307205 4.433164805629212 0
4.676035928560049 3.425935170257557 0
2.562939269408207 4.925361569511266 0
1.848089283852168 1.53964109885609 0
3.525714690885731 1.016012489847586 0
4.467713107958226 3.558179760040983 0
1.539524722599687 3.555553884800142 0
1.434986233129653 2.552783810287567 0
1.401508001523023 2.830034360656415 0
3.308346178170738 4.975825242107766 0
1.903504807298759 4.606200319027114 0
2.235571171621422 4.862000455583338 0
2.371566617279262 1.0402366054391 0
1.65495847115325 1.862076427739567 0
1.782979380424101 4.074435542018072 0
1.658266188012378 3.789348092991763 0
4.203694686981725 4.089289978036063 0
4.339171263239957 3.772050213856309 0
3.587225079183065 4.836183942908702 0
2.773230925161609 0.9183012510619663 0
1.935844321240306 4.431640899898938 0
1.412434015945322 3.33440564772581 0
4.58847005584219 2.841748771375642 0
4.603591372247423 3.033552300613309 0
4.127757187933006 4.346415331502287 0
2.776983585682484 5.093533851072558 0
4.1219633088685 4.515293029133629 0
4.136798685934933 1.520857665948422 0
3.474024004428961 4.963075201121008 0
4.528006873699479 2.352258025517519 0
2.297924353470404 1.106237242773796 0
2.682272619630651 4.999575472033229 0
1.613595734181275 1.951410923265504 0
2.434926599323346 4.895419295820345 0
3.155040160690149 5.103506789925635 0
3.621260742767088 1.05597646849986 0
3.818901177855626 1.191730873265653 0
1.971171750599396 1.343247292269052 0
2.146296660647894 1.223977749833212 0
1.810963192408868 4.266248054453026 0
2.876211974039212 0.9044082153743385 0
4.080848904975038 1.450524319766513 0
1.395008311900754 3.027372933436656 0
3.877048312593238 4.768477610264506 0
1.425692619592689 3.437328564485811 0
1.970861885567308 4.773811618158758 0
3.969576598142499 4.711350071378558 0
4.589918500189168 3.337609108180266 0
4.597848834564858 3.235334245109975 0
1.744262540596277 1.698770744987435 0
4.187303378716324 4.264172764240439 0
1.402547290637484 3.231485700679239 0
4.362517239017573 1.88554590740547 0
3.065283293629909 0.8979815196529803 0
2.584691384845703 0.982191058521336 0
1.536041814381328 2.141464575144567 0
1.474233436538613 2.35261865109338 0
4.590521472391421 2.525974087005476 0
3.958984006337955 1.319755107065813 0
4.56714857523632 2.74932215052023 0
4.618753361093663 2.31582869526566 0
1.312204576806411 2.729963072055964 0
1.637859050206987 4.001035607576842 0
4.34602068415798 4.01550458643142 0
4.564498738879351 2.137512241723151 0
4.495789028861439 1.95411511050574 0
2.8835426428667 5.109267378688808 0
3.373340193864674 0.8704219698129819 0
4.060201247737484 4.600695955063911 0
4.190036139636253 1.593278564320401 0
4.244598573722452 1.669745584267649 0
3.835018598553921 1.075510331213375 0
4.382977428398004 3.932192402655298 0
3.255727587612202 0.8140018816607808 0
1.873723756025711 4.350170025303018 0
2.121113317550258 4.816584187680665 0
3.531772241901978 4.903580585958538 0
3.78395485283506 4.833636700975921 0
1.647677088919705 3.683492127133891 0
4.356012932684994 3.675675059246499 0
3.374016566360843 4.965773405045441 0
4.578373303141562 3.440198727504853 0
1.6645285652507 2.083542637571682 0
4.220122129876678 1.821465579468072 0
4.371158966455663 3.573818997557576 0
1.493656366658826 2.930697820809293 0
2.511027051852913 4.840745036706203 0
1.642295254607543 3.57405759847628 0
4.506723676284953 3.044476538825738 0
1.994072592557012 4.514584557313523 0
2.234237590220002 4.783211142292716 0
4.063043446860874 1.581660727119607 0
3.827807705878606 1.336064935535232 0
3.573725308080899 1.148957247058381 0
3.002876360736374 5.009908251912235 0
2.662979826319904 4.908375189821395 0
3.851402939373047 4.644301995058163 0
1.493009367273809 3.132975582121292 0
1.511785348731812 3.338417467913185 0
4.501261160811379 3.248873878434208 0
2.795720718968078 1.017188392284346 0
1.987255178121546 4.342769464036579 0
1.848976111865651 4.1647586866871 0
4.463067270146214 2.477354338711589 0
2.98106474351667 0.9935189831263661 0
2.062784157341716 4.737921221043738 0
3.215156622782537 4.988270482034357 0
3.253612067594298 0.9288096855745664 0
1.420343952283538 2.645430276624521 0
3.440580153764246 0.9809388709464719 0
3.283108470880551 4.86767157968283 0
3.53748848508123 4.793522421385849 0
4.294846368268256 3.940459460798276 0
2.348852015206574 4.835331217132777 0
1.66137532338556 3.890416604646507 0
1.453411883106996 2.455417102385125 0
1.905584249624952 1.452376636587359 0
3.15114116798961 0.9051692975630488 0
3.741426106094753 1.101751350129545 0
4.06836827980115 4.427818102446049 0
3.770219213393195 4.745910542634296 0
4.59909449788081 2.936541991930456 0
2.070545665078934 1.28312729639624 0
4.492807731479982 3.352525744848569 0
2.279530651793482 1.243997148293936 0
1.735093822313936 4.006455907805854 0
1.528091948809255 3.445359673719107 0
1.501365355998056 2.245255576734029 0
1.794177693103167 1.62064791838765 0
3.959095868046637 1.448702478451127 0
4.40175589342985 1.980919683960412 0
4.261933848975195 3.69176890387452 0
1.745146798048766 3.705434578262186 0
4.080840368232439 4.252313401685056 0
4.144054831781273 4.169076313142831 0
2.51122587364015 1.038670167498029 0
2.674120565018557 0.9458202310004326 0
2.012252481629447 4.682927738293746 0
3.956331204207531 4.612374190497896 0
1.69858836917796 1.778275954806179 0
4.531443218689509 2.045639420499958 0
4.167700431499333 1.733485599310193 0
4.492864827072927 2.856062722999127 0
1.409421720433225 2.736928211112711 0
4.256955186532378 4.010682281051798 0
1.917322173283913 4.254676378802735 0
4.320581878472811 3.858973128581244 0
3.691479672487526 4.792801056554656 0
4.481263036774935 3.455599843292069 0
4.501710600741438 2.261537779779832 0
2.781587361955748 5.001311076647181 0
2.629062506772597 4.791202472950451 0
4.276180561198572 3.584762480354802 0
1.930577431397148 1.598086398715105 0
4.052927117481061 4.138146927596217 0
1.742489157426702 3.599189222672707 0
1.532093143101423 2.562361908303376 0
3.905159285388709 4.5113686968999 0
2.053660754281922 4.421349791008404 0
2.451107309133022 1.133809512598574 0
1.741315676640711 1.903743167067519 0
3.665767084824575 1.205981062315197 0
4.020374873712437 4.331496615761274 0
4.405170991051377 3.260914498481811 0
2.04938201427079 4.615839166116423 0
4.190003450355559 3.983522896604171 0
1.781560016859422 3.938948973970425 0
1.608057525793322 3.329604081757148 0
3.181434265083104 4.892683102244835 0
4.083973231943301 1.787371175381419 0
3.750739357318609 1.273698737369543 0
1.551774301816045 2.468566141159682 0
2.357235245855675 1.187513896743392 0
3.757986695875706 4.585010263480483 0
1.702595516779104 1.991735769446936 0
1.4919800217287 3.030825576303732 0
4.005413363632242 4.508842786015596 0
2.05669063800403 1.434120808578149 0
2.205125233672642 1.302929538415322 0
2.296483489456067 4.722106974035148 0
2.15134801055966 4.69596383661068 0
1.49975022705543 3.233838039181246 0
4.505506672547658 3.145782991451996 0
4.230741197418189 3.880714872588786 0
4.396527321705705 3.365120944100815 0
1.648107643651658 3.445076408697775 0
2.018044492382426 4.233765047524366 0
1.759602218920545 3.81231692708816 0
1.574108930332043 2.371530667825125 0
3.699055956267168 4.672699978347475 0
3.481585094846631 1.10482747980561 0
4.114134607891176 1.654322726378074 0
1.821931555472734 1.748613542729864 0
3.06835567080656 0.9836249132459581 0
4.435609733441883 2.385962711048972 0
1.498122278635002 2.833858213479695 0
4.266926417508933 1.916678356914308 0
1.630454125217546 2.177069273286293 0
2.704068444776312 1.03964978676778 0
2.409921874686718 4.745600190148223 0
4.497267831723363 2.566546815884664 0
4.012340464207587 1.511700342674545 0
4.472547512293552 2.168927610994989 0
4.502321223632301 2.947349776065359 0
4.470137595532829 2.773938995477081 0
2.889832275039584 1.003027562105105 0
2.889070887806106 5.007735601009953 0
3.400900951228542 4.886233477091193 0
3.897583587969844 1.392230210774989 0
2.61854718113233 1.067969442333174 0
3.113032892893212 5.001812303283107 0
4.248293428177945 3.791533929599738 0
1.943328971585444 4.141332264083639 0
1.871006976076447 4.047718626137433 0
3.377398550027082 0.9573898304087367 0
1.505075736874344 2.741727565137636 0
3.483963061647794 4.8289424011016 0
3.638822150686682 4.753785661482508 0
2.770752643746892 4.904418033680283 0
4.384878582016941 3.468868115157448 0
1.572781290289216 3.921852271908338 0
4.239530460884913 3.934498575199717 0
1.757048504914873 2.117865105978102 0
4.434257739977077 2.692334474058894 0
3.779429665785638 1.42910783350943 0
2.414956999706366 1.265290403458878 0
2.092191342982248 4.319693105658528 0
1.590642035516673 2.929769181346411 0
2.359168909915886 4.637755985690683 0
3.806655231892625 4.486278815903606 0
1.625213143024862 2.575263291694411 0
3.554375054176907 4.69750192550794 0
1.834201782687015 3.620846370769093 0
1.967442531558547 4.024566385424881 0
3.985957084940972 4.220154378713963 0
4.160276328513971 3.91467215757725 0
2.639609713915818 1.15402127871068 0
3.000252678519924 1.086152590148935 0
3.605594067997927 1.294615312593431 0
4.409985729081752 3.053326558857814 0
4.309774462798402 3.265698094536676 0
3.223842386625713 4.800230156737343 0
4.367546154773142 2.509418796186369 0
1.707271809652487 3.384688743729478 0
4.183897263234647 3.589932398865426 0
1.861650196276126 3.818525602652236 0
3.91366143164336 1.495222197866534 0
3.320617853655658 1.013261120928065 0
2.183905918521854 4.581269422105892 0
2.117693335683676 4.501699186920433 0
2.983625549095414 4.905100210805582 0
2.878487918967382 4.906029205495316 0
2.115123952432677 4.206594448730574 0
1.588536211925813 3.029789732418889 0
1.594949207757727 3.229212055249945 0
3.961952248859747 4.415147862884512 0
2.341000098411667 1.320390229372914 0
4.409043576388177 3.155605381883314 0
1.990140295612431 1.513913041375872 0
3.69640642520511 4.551574909695278 0
4.125596182066649 4.051064223147279 0
1.829147269690921 1.937868064896867 0
4.301404543555948 3.369819722007438 0
4.170708413117141 3.703816019424494 0
1.754047340592474 3.496427566868781 0
4.403991329504431 2.862296651506062 0
1.670589339757704 2.395315040611818 0
1.600220135417889 2.273657150319429 0
1.87374031258678 1.677612631911568 0
4.131137411886449 1.871311632844435 0
2.556977035054471 1.092373799323924 0
4.308663019161718 2.012277070427376 0
3.435382059790181 1.192994007829672 0
2.819692103729305 1.111997637715334 0
4.380370991341695 2.200498580194448 0
4.408856445214684 2.293734289447867 0
3.320836820404967 4.770802790096865 0
3.085322024343052 4.900950623237198 0
3.984228620217976 1.632622084968155 0
1.516136589901289 2.652249114766484 0
2.130699267808411 1.364606320162507 0
3.132362991214479 0.9708023514525773 0
4.438651393264034 2.075294110612742 0
3.395044314250102 1.064878712234736 0
4.159199831336101 3.815078945098841 0
1.596674963920298 2.741583247331305 0
2.760750097599227 4.805373123314292 0
1.906049317586207 3.921769430771075 0
1.779522593865213 1.821464487420921 0
2.040464336838868 4.118496280620928 0
1.841160507267457 3.716969105569252 0
4.289959931512626 3.47547168654744 0
2.53342318743052 4.696458802012648 0
4.034306640474159 1.708648787118023 0
2.404813000731016 1.394582086180939 0
2.069132791214108 1.578914571700791 0
1.685009544804549 3.025287556169579 0
3.691588296775331 4.455879377990129 0
3.969990916141096 4.089887347855079 0
1.696121273411514 3.315412809064552 0
1.919314276878051 3.619456193849651 0
2.13927120206349 4.097046174955589 0
4.2150853020312 3.263046610807727 0
2.023298348857594 3.895751348181948 0
1.724422805136439 2.209052652306416 0
1.771810554041823 3.403630858407635 0
4.066506434801381 3.835486727817251 0
1.875544157067747 1.788129102259294 0
3.172689968262591 1.020373313487519 0
3.860805522411674 4.388621601626093 0
3.240737825344004 4.735941696593279 0
2.233016418681492 4.479657643976571 0
2.468998005487456 1.226005904077209 0
2.970521811006133 4.805260729165779 0
4.346284350499926 2.106731042658092 0
3.903506023739022 1.681508962456333 0
4.00025242705982 1.838507576644991 0
3.159537377602109 4.8027384220931 0
1.589739181292548 3.129396418886407 0
4.313161353071201 3.15990367171987 0
4.053191863448588 3.972542784805536 0
3.639055813307113 4.606326446945177 0
2.868130429701972 4.806392036394491 0
1.929386840475365 3.712966930236007 0
1.84229333349605 3.523439426490954 0
2.163251574255092 4.400137668369738 0
3.682015935910326 1.383565749978849 0
2.073878886631225 4.008292606329167 0
4.207819968132469 3.367241451165179 0
2.13092005169201 1.506893050070584 0
2.268247306042126 1.378888161637246 0
4.34170378313013 2.417289275241272 0
4.407292424592975 2.954471272913059 0
3.43994447378466 4.729665881301247 0
2.013218885540683 1.660032625312763 0
3.939071213843199 1.55436747363527 0
1.647751130612612 2.488219971393054 0
4.287479612871628 2.233669812470036 0
4.397987062100376 2.60243726124267 0
1.593639363006282 2.832102346969464 0
3.523176348872032 1.239471989103281 0
3.346507253420431 1.152827462923598 0
4.175754581265029 1.959806534058754 0
1.695820672828279 2.301832382003208 0
2.729937832223932 1.131292115213727 0
1.793314376897637 2.027003953511501 0
4.079958097339768 3.711764924452898 0
1.859004849248716 1.851908811389246 0
1.605641708109593 2.657775537312079 0
3.090414080004305 1.064867845014127 0
2.674118697779559 4.711530933917013 0
4.404771249900188 2.796588981039072 0
3.837024427847308 1.468660391551304 0
2.251025499737561 4.645330092686311 0
1.953728037046303 3.800098558414057 0
2.466257648403908 4.609088436663489 0
2.910274466275413 1.098494041615741 0
4.197164225688648 3.476008584116621 0
3.382612738965222 4.796134486500013 0
1.817196079169228 2.241244498223828 0
3.024585451488932 1.182706272663725 0
4.331856358174232 2.748643827136739 0
3.984591362659974 3.718439506024739 0
2.212812371961844 4.176950836922625 0
4.217515836792364 3.159805453425379 0
3.391987154342256 1.281858343307548 0
1.670697477280796 2.662169299292686 0
1.91877984814727 1.96748950016762 0
3.899358921067052 4.17283659992102 0
2.173472588007931 4.0018932767289 0
3.673973329247101 1.502718394228694 0
1.780217204288828 3.312597330034375 0
4.115603482613308 3.366747461098871 0
3.765583414621982 4.343046541218589 0
3.506679317879509 4.594185771390221 0
4.270696328959301 2.538617783979202 0
2.840613701240653 1.203002886028645 0
1.763381715648835 2.425586304991557 0
2.332549312069077 1.452499820476903 0
2.142805345045466 1.642537435757017 0
2.861611740914287 4.70653171262678 0
3.156948388273263 4.714922564645553 0
1.688210848353947 3.22171581460029 0
2.403006492650944 4.526258767206968 0
4.31331932662679 3.056805298861994 0
3.586315878920954 4.527302251235361 0
2.19169299224507 4.289993527516033 0
1.858698460250087 3.426007344449293 0
2.012718273706485 3.708709997129187 0
1.906971935310948 3.541935781747217 0
2.130983200409857 3.92070936346457 0
3.35003052882148 4.681491788818294 0
3.841100476385821 1.580313781925223 0
3.972468464543437 3.841664765885755 0
3.947398338803704 3.950594879164594 0
4.105871071349447 3.477593006924764 0
4.313106059246515 2.859487423205822 0
4.04486177967817 1.920400208122108 0
1.952593048930698 1.760100629988229 0
2.296125156494799 4.555557193911189 0
1.687908302078749 2.924440947843795 0
2.663208405771329 1.240176490716864 0
4.315651907405456 2.325574398046769 0
1.721666888949936 2.591730141583655 0
2.479566960491159 1.337503127295113 0
3.238881364734616 1.113208092030244 0
3.553564816337089 1.376003881588648 0
4.217018448081228 2.050591359598745 0
1.849764088030582 2.151035736561171 0
3.953650632268215 1.760456659831971 0
2.198103487993088 1.440667694417712 0
3.92333320265225 4.299845812709098 0
2.628550940147179 4.647748413560361 0
1.68506584373607 3.124044886406449 0
1.683502050698348 2.726694822606429 0
4.093037771049538 3.593452031089433 0
3.447795783292762 4.637534951467921 0
1.909350202365423 2.274063173784677 0
2.235276929038596 4.067384444082193 0
3.864400584748591 3.722390227732376 0
1.869130328914634 3.321027378813005 0
4.12066429976906 3.263526718025452 0
3.524588723320358 4.446635586673181 0
1.781689124195834 3.019336650703127 0
1.784063700179503 2.680623152833326 0
3.166320918454808 4.619565264349042 0
3.891503816419854 4.033338892594156 0
2.021646798097027 3.591525395887214 0
4.023735417001629 3.37672210654587 0
2.210988992190288 3.91468549626638 0
2.265792152716361 4.369705784949153 0
3.888120316146956 3.925290028816232 0
3.389628950887779 4.595099591777892 0
1.779886866492436 3.216920380191825 0
2.965280735830895 4.706311037972657 0
2.200274592956259 1.575596065395444 0
1.884832054249016 2.059872348614195 0
2.2875912060095 4.254219409589973 0
3.604124988173864 4.367028189174681 0
3.83301911063423 4.253286630991215 0
3.305258708785589 1.24184022950324 0
2.55400044757454 1.26374905190833 0
4.254210453492123 2.142192873577542 0
4.195491280736332 2.268376391897716 0
4.014817105610902 3.485490377906735 0
3.831423956943014 1.737607273364478 0
3.917010448428015 1.889076122824871 0
3.747087843822428 1.527506844906036 0
2.737778205758019 4.596764944790959 0
2.335195014810968 4.446825608275105 0
2.061038436577824 3.811457953261182 0
4.312102914227344 2.957053506912519 0
1.943978805793431 1.873274510607793 0
1.738341096893246 2.519638356020956 0
2.469320548610844 1.4685850013397 0
4.087566692219326 2.005755068128791 0
2.09296892279089 1.717108667722548 0
4.247119302026091 2.446915145186136 0
4.29690910053075 2.635000596688639 0
3.123456598986004 1.156993877447236 0
1.689115372516327 2.822286703364608 0
3.476061478568202 1.326624029602232 0
2.75301543553672 1.219012131883561 0
2.929058410205189 1.193826533475845 0
1.789007364035449 2.332750318926586 0
2.565001614998077 4.564505704612545 0
3.064321505503723 4.708064138266795 0
3.262200436266586 4.643273759805448 0
2.755033843016749 4.708203871929285 0
1.963331347585677 3.467892005367785 0
2.264138964453221 1.512879299614916 0
3.606204788043247 1.419925962997204 0
3.999281078999012 3.599238208483789 0
2.010500745451617 3.776060783964823 0
3.88106149257544 3.848572509909892 0
2.551383631975096 1.16045846814661 0
2.253952786915941 3.960301768397767 0
2.653808291425145 4.512443967811795 0
3.52595478167555 4.292969048379737 0
4.026998321464179 3.273908181191812 0
4.208558719287849 2.75944325438711 0
3.83027044366155 3.965781480539662 0
3.065234911549738 4.609830794889862 0
2.012041974935991 1.99723361826279 0
1.963146896736621 3.329399143686181 0
3.665964448268137 1.573589767800826 0
1.788294249752435 2.811810123455457 0
3.932543114249317 3.396122291248587 0
2.12388745021498 3.628533509363703 0
4.163558497031435 2.180385155054568 0
4.173171861184456 2.564613182234982 0
3.509753643153266 1.456513629697804 0
3.264720833617668 1.330151566263319 0
3.04263967063716 1.28424811676818 0
2.851441795309246 1.271401272751151 0
2.686163058488849 1.305060320551604 0
4.216969047227488 3.058481262945466 0
3.775008959406712 1.668694800774647 0
1.853650675813034 2.459972453044197 0
2.360985023904374 4.330378226446912 0
2.305650975633317 4.138138183184287 0
3.752286746468638 3.785047390035383 0
1.785565200921356 2.918066663059752 0
3.926227060112991 3.498950066029608 0
1.87191501420217 3.215897399591673 0
3.679202545366172 4.280248234671847 0
3.448721660787855 4.519216005484629 0
2.858693802925247 4.606669161496027 0
4.214054997059195 2.859962352232503 0
3.167073871223476 4.514783974504811 0
3.95928662400234 1.968675908252097 0
1.826682093374637 2.560260616611885 0
2.395483011839314 1.526148803054975 0
2.209164938088656 1.702895346081776 0
1.942123432732562 2.184194298979266 0
3.846487547387395 3.591863742026939 0
3.351318882925257 1.370907391540354 0
4.222548600911062 2.357211035004609 0
4.127289870602844 2.092985011252743 0
2.058417243179784 1.801465831836209 0
2.54907754776299 1.411204691348197 0
2.498302646137466 4.484053980850446 0
3.790730545566301 3.878622179413202 0
1.779839719931132 3.118541845156718 0
2.154977440213691 3.830446525841181 0
3.290852775746762 4.522675834197459 0
3.238234492155948 1.211265798658022 0
3.876021590164086 1.813305063304117 0
2.078047543663274 3.519388797219692 0
3.908584048900715 3.599985251044543 0
4.121719980768189 3.163027710892689 0
3.819129442029108 4.109676663605951 0
1.880561722378524 2.365646245285985 0
3.069658526743382 4.804201424835256 0
2.262020184038616 1.642181138396803 0
1.945358490808254 2.493199557806267 0
2.147810341412667 3.532407506946226 0
3.789634088602589 3.637891111461402 0
2.2583225399641 1.743858364084758 0
3.933493857460251 3.293936691577735 0
2.317663769234545 4.021604144421102 0
3.059194634083602 4.505221049696162 0
3.700387485361764 3.915805588006554 0
1.884208627493632 2.914573214171045 0
4.113530091303158 2.869026619789754 0
2.31831270032647 3.902712196981847 0
3.254843980177632 4.403099975784851 0
1.874406652593776 3.114388896971966 0
3.227351628821852 1.422847472446578 0
2.587156198226404 4.434912260468607 0
2.001534464528732 2.307169152205323 0
3.450678317643665 4.373293377417212 0
1.901259390010625 2.702243000454722 0
3.163640652457065 1.273270518409044 0
2.065164011051592 3.440527883516717 0
1.977224569274007 2.092625083381395 0
3.841907298369562 3.420752544520634 0
3.731444201341493 4.025885544045025 0
2.961754228454636 4.606812717655344 0
2.242939217155662 3.856500185352007 0
4.02633106962141 3.173969371984814 0
2.037461627033409 1.897143203549082 0
3.782221542014068 1.783699271602922 0
3.830757761382042 1.932803904431886 0
4.105412345192667 2.303410537193423 0
4.152565617000398 2.474188477300753 0
2.430275868605857 4.406035426284149 0
4.215337240166185 2.959545424119626 0
2.77541891810828 1.317150960254602 0
3.843643470970981 3.518150770560994 0
4.000789174086946 2.052428349161493 0
2.325792948273272 1.584676050629389 0
3.433244729418143 1.413074387744486 0
2.53023430943366 1.543411659671425 0
4.193663670789768 2.660139900147968 0
2.164329740834287 1.771058658231793 0
2.378265444880812 4.21002026986938 0
4.074787648974074 2.220315496125397 0
2.096855782417344 3.720597998076849 0
2.930465892785877 1.304783810556954 0
2.629137016852419 1.351337592140651 0
3.58691864139297 1.509296444492751 0
2.776763592458784 4.518641936749466 0
3.748986336501658 4.192177972328899 0
3.711988386956592 1.611951182079931 0
3.380199984736134 4.447100412722633 0
3.839656650559457 3.318025067196211 0
2.15495798055914 3.4318288429788 0
2.388902542119622 3.962099616926653 0
3.154107432566402 4.407288015776709 0
2.109116921226386 2.031205501407799 0
3.645384306350235 4.012480736185661 0
4.074276079775042 2.586902933271333 0
3.470661192472349 1.539083846691406 0
1.965567749444977 3.217492784613085 0
4.020742328237219 2.338061292952937 0
2.519494684086391 4.358177921286667 0
2.951242927149044 4.501670367210909 0
3.453820990639387 4.217196937471016 0
4.024020191330791 3.075182576509835 0
2.385618157308011 3.833472875158469 0
3.044424797424459 1.382184730720543 0
2.85728072403671 1.385319411118384 0
3.312732381158585 1.460871381017857 0
3.615323056535924 1.608036602630108 0
2.214641502340818 3.652631553120592 0
1.921017738242739 2.594413046674888 0
1.878645087675428 3.014810794276557 0
3.758462837339067 3.546580705481609 0
3.930899247710629 3.193807605086653 0
3.702428822137064 3.688393180892535 0
2.254566389366947 1.8254361385276 0
2.059120968216083 3.329813683727778 0
3.601308047585078 4.210694634833573 0
4.117811053884717 2.966231006205946 0
2.848907804009784 4.509972168766441 0
3.873185549631391 2.014973234106468 0
2.03460710458087 2.217470070122428 0
3.669479814253205 4.127832983638678 0
1.890613997216533 2.810523086755352 0
2.126453129366209 1.824321178516056 0
2.312129945073922 1.709954107494783 0
2.455607645645307 1.600339509605332 0
2.387980078434557 4.086799268746886 0
4.039504828499328 2.136821040006879 0
2.186257504672367 3.741907255134384 0
1.972455621035243 2.398407785169727 0
4.105463639044417 2.774546833045514 0
4.130747563417556 2.387473545477396 0
2.612070138211811 1.489154516017437 0
2.715887077160486 1.428757619307636 0
3.136824327959538 1.39394884711133 0
2.731773380707855 4.460168793107354 0
3.328467865282168 4.390012863660912 0
3.797256966324933 1.876230134327456 0
3.727821187438305 1.746725863583644 0
3.748978574756733 3.443396784561836 0
2.456032857459275 3.896924642109768 0
2.153865272555825 3.324751449736972 0
3.9274385852845 3.094905597409389 0
1.983099492790618 2.91411403232721 0
3.687199893461317 1.852932804308161 0
3.744512383261273 3.338976732031941 0
3.600118324743231 4.066585755778612 0
2.248016839720161 3.427978782152929 0
2.745808657191783 1.534906389668502 0
3.035276786437154 1.472390298338029 0
4.015521716533301 2.884496998858174 0
2.003128574096993 2.716363190293149 0
2.094006153036347 2.339017956296237 0
3.192926834427461 1.514673865043335 0
2.585826582014601 1.615372626417479 0
1.969797094453092 3.113317888136236 0
2.460299743855804 4.155733575244475 0
4.05767540900785 2.49616733331272 0
3.73962832432979 1.970647872302146 0
3.654009431753344 3.457169091389916 0
3.617214608384334 3.950944833747673 0
3.049539820036747 4.398394996172522 0
3.532390673343254 4.139684236394817 0
2.060966112391818 3.218477389338387 0
3.658475823525977 3.826435778491726 0
2.281345498181687 3.672864884306921 0
3.646403407224585 3.575883262907827 0
2.154944512057895 1.913402652278821 0
3.355122725260081 4.298492358239034 0
2.258796495432296 3.546518902901965 0
3.835014854546458 3.216805019556491 0
2.070668604032671 2.126380552992599 0
2.448982087227366 4.282567685159001 0
2.358239146527761 1.784649075775475 0
3.914791575531106 2.099009181834531 0
3.989384608582619 2.261744682542927 0
4.092065117726676 2.680593244902253 0
2.808039319450716 1.43878601921254 0
2.460716123029523 4.0249696136794 0
4.120294234880987 3.065090762415493 0
3.662254951002158 1.683748606581789 0
2.039502556196492 2.521280951344599 0
2.670265416833694 4.381489466690916 0
2.973194530199893 1.381814482734824 0
3.394018567369637 1.500323141343655 0
2.298501555745963 3.758085711479388 0
2.38307265777907 1.657356172670237 0
3.526210858822789 1.567474142468929 0
3.237698058927188 4.303310122960379 0
4.043355653742919 2.413635396277929 0
3.830398495406486 3.117370145828878 0
3.569614670776731 3.535181768336353 0
2.529647848998093 3.957839630431675 0
2.205278653634138 2.071107420952444 0
3.974581421921997 2.609587007447586 0
3.94635644566214 2.378380315010356 0
2.754857409420793 4.322767707197937 0
2.392481653230502 3.690973488086658 0
3.396466886793248 4.135542833692208 0
3.544257568599564 3.999877022641394 0
2.833573021160062 1.505750600696397 0
2.065985696858965 3.112880355627405 0
3.59494938511192 1.755451271394299 0
3.437112287042002 1.623498208142893 0
2.127324024366583 2.250312463991219 0
3.274778411252322 1.551448586954389 0
2.602206728341616 4.302796298781259 0
3.648502043861373 3.354005606333718 0
2.019178358192441 2.61711604389888 0
3.314290175240231 4.185302806238609 0
3.737993432000311 3.237005451521795 0
2.156649474221567 3.216641135278383 0
2.337688067855957 3.504621117244673 0
2.325956270852723 1.916031670246151 0
3.923770544807254 2.998172878737099 0
2.932582785677662 1.460981366235603 0
2.534397887119185 4.092489032190561 0
3.556826031859118 3.64978846069132 0
3.786353600465095 2.06038027298178 0
2.332582522628058 3.623867969296825 0
2.441586731859183 1.73190866995486 0
2.517661187502573 1.672183548273127 0
1.991967868353745 2.815317979938362 0
4.006967144588242 2.792470997310503 0
4.020418429126962 2.980456465324267 0
2.660150938085355 1.569495284979623 0
2.065188593443182 2.428669316824567 0
3.139777830814215 4.304448139265096 0
3.115052247342021 1.485664620521773 0
3.953668095065547 2.181710429160495 0
1.975917539789395 3.013119148054568 0
3.57246126307943 3.870409988972824 0
3.60968101590601 3.736488664567155 0
2.530943086311745 4.227031150148501 0
3.980076208038929 2.428748325079031 0
3.73222917123031 3.137516112429156 0
2.338948265890056 3.428277460837104 0
3.564875372976779 3.464511377261267 0
2.503692040552968 1.810911183369742 0
2.607021968301786 4.024667700989174 0
3.298071478707959 4.105948768952315 0
3.493566054063058 3.923186979549783 0
3.043046545506734 4.298817432447314 0
3.649297802652044 2.017546838806083 0
3.828377394399532 2.355091642080657 0
2.162646726801575 3.111929111333473 0
2.08162497175452 2.914271406987828 0
2.607282956999078 4.164117526447204 0
2.953430031453264 1.571953462992813 0
3.14528649829637 1.606274336404543 0
2.628297014656858 1.665700792025532 0
2.102013849317064 2.72499590108528 0
2.185661821971638 2.369485122611898 0
3.583900556920758 1.925062659776382 0
3.473027479315383 4.065219688690576 0
2.508886018055535 3.847772393506603 0
3.511154484827686 3.568713930690941 0
2.411989784348757 3.554262085551764 0
3.227205449162724 4.198936102816893 0
2.815218542904634 4.414525492393558 0
2.412726670963953 1.86408479245008 0
3.640106384287756 3.252989565649444 0
3.527654028046217 1.657154726859794 0
2.133599552911176 2.542590416030863 0
2.248060871665029 3.322031431521229 0
3.826682496626067 3.020152754850968 0
2.680851283623031 4.239407808489262 0
2.442349343040698 3.639122338548693 0
3.918707945097279 2.904528968763066 0
3.829434319253069 2.145851571518583 0
2.073326386132099 3.01220456901954 0
3.99360379727335 2.701394857103195 0
2.256824662519868 1.98394254067694 0
3.946888796670486 2.503103667722298 0
2.776898042493845 1.622971918540315 0
2.164286518683276 2.161158220254792 0
3.037938034874021 1.556924007036177 0
3.908400141778072 2.306364998972799 0
3.357438434619005 1.588265673685024 0
3.522789494080843 3.786451890309419 0
3.63321186489138 3.154358315844591 0
2.342176685324388 3.326242295749023 0
3.481580440062314 3.484676781263455 0
2.468514390271201 1.964022348459708 0
3.822396739365024 2.925759186530978 0
3.132363749871147 4.205847233456115 0
2.68141050199282 4.097182586726363 0
3.879975967645583 2.635654888103513 0
3.441309105162174 3.840401510872275 0
2.296971721723796 2.11182252272786 0
2.845477043753978 4.24144194451824 0
3.910466640252224 2.812701442803952 0
2.52401259916733 3.555297742543395 0
2.430543730910892 3.4404151187329 0
3.419448636276087 3.986161802835014 0
2.170581400249117 3.011533697073525 0
2.926831317672803 4.368730671271032 0
3.473431479326362 1.73092221581739 0
3.059895038272466 1.636821502962072 0
3.554259324854484 3.369107489432892 0
3.786984175093731 2.276473187046395 0
3.728640710971086 3.04060383556462 0
3.69983851745959 2.108425449950122 0
2.219043168436015 2.283830295392027 0
2.687130134799587 3.957550872413253 0
2.602286818972894 3.87324917638453 0
3.238595211682751 1.638770766604912 0
2.116000825705354 2.632139158491413 0
2.157121057612431 2.455044108141873 0
2.252453655874771 3.21692726342079 0
3.490854098087931 1.825862749400665 0
3.40601631857972 1.708729183422337 0
2.865141020143263 1.59560028428062 0
3.875549778396358 2.42854034697921 0
2.604285103145203 1.744205242616437 0
2.091174370652107 2.818685792148373 0
3.869724852013074 2.227862109961781 0
2.374189263630106 1.970405174525524 0
3.349263503479849 4.052822034760781 0
3.473021789922749 3.700420722870039 0
2.754080131067401 4.169625351792577 0
2.481881425881513 3.762390835563081 0
2.271319950025122 2.402090969402595 0
3.629638099870074 3.057920035368197 0
2.437016931215627 3.337993403897559 0
3.462649868951879 3.391811986793277 0
3.396463605778065 3.518754261055976 0
2.7618027471893 4.030636888346473 0
3.562800484058239 2.072653942489502 0
2.865276941215949 4.153877917128204 0
2.705694374107066 3.826880538682591 0
3.387726745056727 3.752427935206301 0
2.224249893801531 2.556899861123594 0
3.815238349553972 2.833341115787592 0
2.199420818323786 2.729829758689575 0
2.808626328724633 1.710804285437407 0
3.225044446208201 4.073677926510014 0
2.427403905745771 2.068335210642385 0
3.542907044008915 3.270563344186761 0
3.035401063244452 4.208368757855333 0
3.504529590063542 1.99200562442879 0
3.36589293700774 3.900940700740416 0
2.526939468551101 3.452606388170462 0
3.725401185112966 2.945928328456851 0
2.347946133560242 3.223680232576521 0
2.515573398839415 3.652612615908827 0
2.716827482893424 1.732293413335375 0
2.565472111879061 1.891952784834584 0
3.747462880063654 2.406285279254242 0
2.179510506038937 2.91482488449786 0
3.146668692626297 1.682567717870087 0
3.744747812331152 2.194266709391913 0
2.969442557367258 4.287307355980473 0
3.371503374011159 1.796150386273036 0
2.256101767026708 2.197872603146524 0
3.846681068501071 2.556355078216039 0
2.981939920555833 1.660853968920344 0
3.321167096720461 1.674451768690039 0
2.341137464198214 2.030796009258672 0
3.122434695781482 4.110099243105651 0
3.897817653924017 2.722750151858309 0
2.824429174518735 4.103872630840668 0
2.259244832263242 3.114429035737985 0
3.429928525034232 3.611414049504615 0
3.098179713210175 1.547085270364369 0
2.600672861022897 3.76816928618975 0
2.443710954515549 3.236529438442151 0
3.446750149059629 3.294286209827189 0
3.451206551305696 2.038600969346813 0
3.306485446928487 3.554978599318051 0
3.627383626470535 2.963225051653441 0
3.105409714145968 4.036021571117619 0
2.770707110691957 3.888789020004059 0
3.304948578736346 3.809790986724987 0
2.624124891645625 3.45716585567681 0
3.280001584886389 1.756868501506012 0
2.745820537836539 1.823283766011861 0
2.631091729423054 3.66418753492499 0
3.792181077413251 2.655152124444234 0
2.38466607957494 2.154328382900746 0
3.295447246539039 3.972373443138233 0
3.024369064150243 4.119539454901001 0
2.532998287140172 3.349595876164671 0
3.372672638216544 3.422735429835639 0
3.34056606731705 3.656554678889422 0
2.93100179461917 4.135300433651828 0
2.568898258281579 2.03356766578049 0
3.719504233871765 2.852580066151952 0
3.613412601331479 2.160800832121625 0
3.200965930227432 1.713627108853947 0
3.424348035086675 1.93180756910903 0
3.797284220407393 2.48293989856588 0
2.355512349766821 3.122789299470239 0
3.705056807007723 2.326398221566947 0
2.189045697492834 2.821275017143838 0
2.897702574769299 1.685709289121436 0
2.65174856850237 1.847548710698119 0
2.306102929396357 2.323187369821272 0
2.242392591763412 2.47818318635134 0
2.211238245669774 2.64110161858033 0
2.866918630280791 3.956592251324413 0
2.67105922391598 3.772721000654413 0
2.267499978534593 3.015025458733773 0
3.804171779239228 2.74241159891527 0
3.095235732601502 1.709093341810641 0
2.6923125646438 1.648752102140137 0
2.621350147762917 3.555051050067551 0
2.946043532396174 4.217997827324132 0
2.303353163559112 2.495832653552446 0
2.540341474230178 3.248589566315698 0
3.350419128742929 3.324653546161906 0
3.212103094172735 3.580052207941768 0
2.36412405547676 3.023963195450481 0
2.7106607093944 3.555063451960442 0
2.842479363373628 3.816548690234384 0
3.62270577977643 2.869445189330123 0
2.295633592321571 2.735015215588872 0
3.016610569412028 4.01616490673359 0
3.38286856360233 2.014219419439096 0
3.527794814194575 2.97937804457242 0
3.434517617036547 3.19499392910985 0
3.155864548986341 3.981425442624163 0
2.710051489673397 3.720285946987787 0
2.632402728735884 1.961958546310952 0
3.229343566926499 3.713387635897844 0
2.514639908592374 2.116817709980259 0
3.148068674335255 1.774443855738038 0
2.907419138910905 4.056086792340959 0
2.6297919582995 3.356121636444378 0
2.452077124861976 3.136493455832575 0
3.282270926309086 3.454405375667168 0
3.323361489241514 1.886262582202491 0
2.342301874602942 2.449258719186563 0
2.8432209516494 1.801034839757638 0
3.699934360540829 2.664313475202204 0
3.664635275606757 2.453121898827571 0
3.709711517852561 2.759344230444415 0
3.458780236329265 2.125591881206328 0
3.661500850248252 2.245559756476691 0
3.785143019849241 2.590497555242947 0
2.343824804023452 2.24014456691463 0
3.02109620232138 1.742145264906549 0
2.704558188175819 3.621327156039829 0
2.276471668339672 2.919085257836467 0
2.309179778357631 2.558384893054831 0
2.409948263766811 2.534284446301256 0
2.549294690755157 3.14871214841616 0
3.332368972700439 3.223201175901885 0
2.718491716462074 3.461492182793187 0
3.192301775364955 3.479371827782303 0
3.127905559245665 3.664113876631653 0
2.795938946097233 3.570775114552486 0
3.524699087450306 2.885072662580601 0
3.267759615037707 1.992147402814157 0
2.372931554077633 2.927962626534125 0
2.921007532114284 3.858325643513299 0
2.771670747342101 1.933774726506481 0
2.649775981197002 2.095178090355756 0
3.7075436045555 2.55255055906869 0
2.637865724995696 3.255696721548971 0
3.597835436989614 2.67700303425948 0
2.461166161377934 3.037684235133218 0
3.612609740515502 2.775035440752097 0
3.53452269707952 3.172892027709823 0
2.386296564471155 2.374589418991055 0
3.355186864042285 2.092766228451148 0
3.257055753676833 3.35893073652056 0
3.225088872170345 1.834734395515789 0
3.626936149288794 2.375549336458125 0
3.529239285806529 2.218503811874857 0
2.75908728595812 3.651758145142425 0
2.469449004080972 2.203163889666409 0
3.240808788029066 3.866952181886482 0
2.305296862655844 2.644595273845138 0
2.936012433830592 1.772695907721943 0
3.071655239979511 1.822549785629855 0
2.773493893734076 3.766005562711529 0
2.963898448281926 3.95186825417376 0
2.285686157215223 2.826591819789844 0
3.078411371571235 3.932594185935849 0
2.647159334460094 3.156224879702283 0
3.21178816918485 3.256525599349474 0
2.470407834863338 2.939902568484571 0
2.812832725179585 3.47488266989739 0
3.116682328733294 3.589535429299921 0
2.903051067326913 3.742973406180677 0
3.4261612728142 2.901283714227375 0
3.325409496583382 3.118747425955909 0
3.599359678332546 2.478053755854159 0
2.401018565002655 2.651474168239103 0
2.381233283275095 2.835421098547808 0
2.99965605996906 3.895144160529238 0
2.55851896978163 3.049830230093145 0
2.707856077079918 2.022141897520151 0
2.726072899455394 3.362533327252137 0
3.172627452284731 3.388624220782965 0
3.136934847225055 3.777996087542753 0
3.13986740670226 1.922800542013223 0
3.568341391086326 2.558986460772659 0
3.429021677065417 3.096049403084138 0
3.495763397954188 2.698303134099088 0
2.468058872681356 2.432132809706636 0
3.29051437550141 2.071295953963545 0
2.902846564726372 3.610720071037257 0
2.883444616516132 1.892504086952264 0
3.113967430463454 3.875971303029802 0
3.514541384196147 2.791313834845701 0
3.391295319654924 2.215587001185774 0
2.427611265037987 2.289717306412377 0
3.581502141201584 2.298911244118926 0
2.552353369380011 2.256001162792846 0
2.598256940448756 2.173363726268768 0
2.681304927812902 1.913144489703405 0
2.520133304740633 2.580382663184871 0
2.655515244249656 3.057359576717645 0
3.219604462514788 3.13436038124639 0
2.821022815103988 3.374115982683225 0
2.634599501278541 2.307904125784824 0
2.476044841425914 2.845577370847357 0
3.102136567838563 3.493066532252461 0
2.727610294240062 2.154544791046499 0
2.849529593633224 2.021567728351479 0
3.018727349366589 1.948293710011902 0
3.17997625664323 2.060001369486278 0
2.910383661772768 3.490997468294244 0
3.326867172453567 3.016767066448354 0
3.155146550391049 3.32490564294545 0
3.04136178061521 3.700459899533785 0
2.56741868918539 2.952259120785041 0
2.51089018715068 2.34280490465983 0
2.734649718190941 3.262644862970284 0
3.485213055527696 2.478562464110512 0
3.457184568378331 2.608760406133122 0
3.42746184845836 2.998059002825365 0
3.31613447219465 2.169641457865688 0
3.418275882229575 2.807802127345795 0
3.453295645753883 2.277930299215865 0
2.390060562201713 2.745051608415746 0
3.556272775295303 2.424862449678856 0
2.979600746172522 1.859826924941965 0
2.978720001126946 3.784702066241294 0
3.529985667194642 3.076215627278727 0
2.831166539677414 3.695320999153902 0
3.045452063865161 3.817295765266707 0
3.019247203987507 3.595278855256874 0
2.660764625167602 2.960232474487666 0
3.225792849752257 3.03169782002507 0
2.82863576348752 3.27435167635888 0
3.103098573736092 3.230195910326793 0
3.09149692108149 3.40152460194451 0
3.402925186985163 2.52633104513302 0
2.493175471309899 2.672758077383346 0
2.914035326979019 3.388821115708078 0
3.327183254593508 2.918580350863967 0
3.429243402972969 2.401850591512474 0
2.927396482914052 1.977149278315509 0
2.784469096960329 2.084412657766098 0
2.556397200669278 2.485135556983708 0
2.583065525634046 2.843810245932211 0
2.947114043403593 3.687369390367172 0
3.2450478854139 2.120930185811642 0
2.743836117246198 3.163102056452339 0
3.008303347278082 3.496596667404376 0
3.125164859269087 2.013645775911065 0
3.349422956775973 2.269774489550961 0
3.401261239872859 2.720449242396154 0
2.678358265713267 2.228645052971068 0
3.505373933907595 2.351380030803205 0
2.479688289806331 2.758513093350847 0
2.714218680924808 2.353748343784179 0
2.661461979490514 2.88635138656686 0
2.83724117738723 3.175088950107088 0
2.611272424005428 2.625337665553471 0
3.348049183618789 2.446599046222271 0
2.802503186431231 2.213397467527243 0
2.914688357489766 2.08361756296968 0
2.595655117779811 2.393653356396645 0
3.367197055539632 2.643603601658105 0
3.381256741105408 2.326150750418201 0
3.041524193107078 2.050474599893576 0
3.115956479481427 2.127009034266261 0
3.26605669095155 2.265105242181936 0
3.005048549408272 3.398802342796349 0
2.544716251490138 2.767945040299512 0
3.313187438759395 2.734864890711076 0
3.322319864733192 2.824083854760903 0
3.229715768619664 2.933810454115758 0
3.092276846956991 3.316020544520824 0
2.751392238768486 3.063376986878925 0
3.137066662262538 2.944427432563867 0
2.846788325700023 3.073430127244188 0
2.683630197785968 2.43728913019886 0
2.651607519340864 2.763381365560718 0
3.011865558638607 3.214417395027724 0
3.315385123773188 2.570567970753889 0
3.302129329599104 2.365193180303113 0
3.222833125849892 2.743259886887168 0
2.984077383388593 2.137787144839785 0
3.228398308623823 2.838003604183868 0
2.918871482916682 3.290397726143282 0
3.184418357130758 2.191661267349371 0
2.649443923652123 2.5309212740752 0
2.574171771530886 2.710060416093304 0
2.857672680108568 2.146816586408791 0
2.753082486880525 2.281703992338258 0
2.957829179479058 2.036710330268058 0
3.007299427713578 3.304836518328899 0
3.305663353126937 2.672371408343875 0
2.753995463254614 2.962198263953181 0
2.74604198209471 2.575256334156445 0
3.225316832728048 2.635957797152487 0
2.851950590965712 2.967946853120866 0
2.74175326827411 2.841585744227022 0
2.773935884523635 2.381862002311038 0
3.114495230536849 3.135654487777877 0
2.935030871174954 3.095094503474792 0
2.702364711582199 2.674221317317525 0
3.138622900599449 2.850757405743367 0
3.173926619514577 2.326530108910694 0
3.260479171673031 2.490319691697348 0
3.054588367416019 2.19683516205644 0
2.924887204407221 3.194586037131019 0
3.126444145752012 3.038222229581702 0
2.872828153356457 2.273681859557215 0
2.858007295107173 2.86423214399482 0
3.168459612731337 2.533445857656249 0
3.041736679958249 2.867832945501681 0
2.862060382712959 2.620575241245101 0
2.795600077084665 2.725773353809171 0
3.130660114182811 2.757010150476965 0
2.968319098208103 2.972634533430166 0
3.215450206005029 2.404873461436029 0
2.928341215438435 2.206900405022856 0
2.793096282779237 2.464374077955888 0
3.070086571897689 2.951002853294457 0
2.817706793756658 2.337199620876133 0
3.021218217270891 3.034783306577329 0
3.120634592693627 2.258980936245686 0
3.005547499295199 3.137506201031257 0
2.879181107952665 2.400963031935647 0
3.110236077991745 2.438868984923797 0
3.062685573323427 2.773874945103757 0
2.883200844245264 2.768926013349088 0
2.869138985645183 2.521964999455913 0
2.928318239301734 2.87692143138004 0
3.108391848474477 2.662712000512173 0
2.997794363486247 2.266398904571052 0
3.116318940406809 2.360408769117273 0
2.977834547164474 2.592740617683908 0
3.003116704435787 2.708620035754786 0
3.074951054632398 2.569336883399953 0
3.015762174179053 2.391141072807833 0
2.941686954141914 2.334846711307056 0
2.914575583525569 2.701652321985379 0
2.95999914708446 2.812155803878332 0
3.064991279542326 2.321660026313782 0
2.957372664423595 2.482394046077771 0
3.049407105288197 2.499597353266792 0
$EndNodes
$Elements
10 4154 1 4154
1 1 1 60
1 1 9 
2 9 10 
3 10 11 
4 11 12 
5 12 13 
6 13 14 
7 14 15 
8 15 16 
9 16 17 
10 17 18 
11 18 19 
12 19 20 
13 20 21 
14 21 22 
15 22 23 
16 23 24 
17 24 25 
18 25 26 
19 26 27 
20 27 28 
21 28 29 
22 29 30 
23 30 31 
24 31 32 
25 32 33 
26 33 34 
27 34 35 
28 35 36 
29 36 37 
30 37 38 
31 38 39 
32 39 40 
33 40 41 
34 41 42 
35 42 43 
36 43 44 
37 44 45 
38 45 46 
39 46 47 
40 47 48 
41 48 49 
42 49 50 
43 50 51 
44 51 52 
45 52 53 
46 53 54 
47 54 55 
48 55 56 
49 56 57 
50 57 58 
51 58 59 
52 59 60 
53 60 61 
54 61 62 
55 62 63 
56 63 64 
57 64 65 
58 65 66 
59 66 67 
60 67 2 
1 2 1 60
61 2 68 
62 68 69 
63 69 70 
64 70 71 
65 71 72 
66 72 73 
67 73 74 
68 74 75 
69 75 76 
70 76 77 
71 77 78 
72 78 79 
73 79 80 
74 80 81 
75 81 82 
76 82 83 
77 83 84 
78 84 85 
79 85 86 
80 86 87 
81 87 88 
82 88 89 
83 89 90 
84 90 91 
85 91 92 
86 92 93 
87 93 94 
88 94 95 
89 95 96 
90 96 97 
91 97 98 
92 98 99 
93 99 100 
94 100 101 
95 101 102 
96 102 103 
97 103 104 
98 104 105 
99 105 106 
100 106 107 
101 107 108 
102 108 109 
103 109 110 
104 110 111 
105 111 112 
106 112 113 
107 113 114 
108 114 115 
109 115 116 
110 116 117 
111 117 118 
112 118 119 
113 119 120 
114 120 121 
115 121 122 
116 122 123 
117 123 124 
118 124 125 
119 125 126 
120 126 3 
1 3 1 60
121 3 127 
122 127 128 
123 128 129 
124 129 130 
125 130 131 
126 131 132 
127 132 133 
128 133 134 
129 134 135 
130 135 136 
131 136 137 
132 137 138 
133 138 139 
134 139 140 
135 140 141 
136 141 142 
137 142 143 
138 143 144 
139 144 145 
140 145 146 
141 146 147 
142 147 148 
143 148 149 
144 149 150 
145 150 151 
146 151 152 
147 152 153 
148 153 154 
149 154 155 
150 155 156 
151 156 157 
152 157 158 
153 158 159 
154 159 160 
155 160 161 
156 161 162 
157 162 163 
158 163 164 
159 164 165 
160 165 166 
161 166 167 
162 167 168 
163 168 169 
164 169 170 
165 170 171 
166 171 172 
167 172 173 
168 173 174 
169 174 175 
170 175 176 
171 176 177 
172 177 178 
173 178 179 
174 179 180 
175 180 181 
176 181 182 
177 182 183 
178 183 184 
179 184 185 
180 185 4 
1 4 1 60
181 4 186 
182 186 187 
183 187 188 
184 188 189 
185 189 190 
186 190 191 
187 191 192 
188 192 193 
189 193 194 
190 194 195 
191 195 196 
192 196 197 
193 197 198 
194 198 199 
195 199 200 
196 200 201 
197 201 202 
198 202 203 
199 203 204 
200 204 205 
201 205 206 
202 206 207 
203 207 208 
204 208 209 
205 209 210 
206 210 211 
207 211 212 
208 212 213 
209 213 214 
210 214 215 
211 215 216 
212 216 217 
213 217 218 
214 218 219 
215 219 220 
216 220 221 
217 221 222 
218 222 223 
219 223 224 
220 224 225 
221 225 226 
222 226 227 
223 227 228 
224 228 229 
225 229 230 
226 230 231 
227 231 232 
228 232 233 
229 233 234 
230 234 235 
231 235 236 
232 236 237 
233 237 238 
234 238 239 
235 239 240 
236 240 241 
237 241 242 
238 242 243 
239 243 244 
240 244 1 
1 5 1 36
241 5 245 
242 245 246 
243 246 247 
244 247 248 
245 248 249 
246 249 250 
247 250 251 
248 251 252 
249 252 253 
250 253 254 
251 254 255 
252 255 256 
253 256 257 
254 257 258 
255 258 259 
256 259 260 
257 260 261 
258 261 262 
259 262 263 
260 263 264 
261 264 265 
262 265 266 
263 266 267 
264 267 268 
265 268 269 
266 269 270 
267 270 271 
268 271 272 
269 272 273 
270 273 274 
271 274 275 
272 275 276 
273 276 277 
274 277 278 
275 278 279 
276 279 6 
1 6 1 36
277 6 280 
278 280 281 
279 281 282 
280 282 283 
281 283 284 
282 284 285 
283 285 286 
284 286 287 
285 287 288 
286 288 289 
287 289 290 
288 290 291 
289 291 292 
290 292 293 
291 293 294 
292 294 295 
293 295 296 
294 296 297 
295 297 298 
296 298 299 
297 299 300 
298 300 301 
299 301 302 
300 302 303 
301 303 304 
302 304 305 
303 305 306 
304 306 307 
305 307 308 
306 308 309 
307 309 310 
308 310 311 
309 311 312 
310 312 313 
311 313 314 
312 314 7 
1 7 1 36
313 7 315 
314 315 316 
315 316 317 
316 317 318 
317 318 319 
318 319 320 
319 320 321 
320 321 322 
321 322 323 
322 323 324 
323 324 325 
324 325 326 
325 326 327 
326 327 328 
327 328 329 
328 329 330 
329 330 331 
330 331 332 
331 332 333 
332 333 334 
333 334 335 
334 335 336 
335 336 337 
336 337 338 
337 338 339 
338 339 340 
339 340 341 
340 341 342 
341 342 343 
342 343 344 
343 344 345 
344 345 346 
345 346 347 
346 347 348 
347 348 349 
348 349 8 
1 8 1 36
349 8 350 
350 350 351 
351 351 352 
352 352 353 
353 353 354 
354 354 355 
355 355 356 
356 356 357 
357 357 358 
358 358 359 
359 359 360 
360 360 361 
361 361 362 
362 362 363 
363 363 364 
364 364 365 
365 365 366 
366 366 367 
367 367 368 
368 368 369 
369 369 370 
370 370 371 
371 371 372 
372 372 373 
373 373 374 
374 374 375 
375 375 376 
376 376 377 
377 377 378 
378 378 379 
379 379 380 
380 380 381 
381 381 382 
382 382 383 
383 383 384 
384 384 5 
2 1 3 2095
385 1740 1755 1723 1968 
386 2270 2177 2162 2052 
387 1615 1614 1356 1745 
388 1971 2089 1921 1879 
389 2276 2257 2282 2274 
390 2034 2173 1865 2182 
391 1893 1784 1956 1957 
392 2280 2262 2121 2213 
393 1584 1721 2034 1901 
394 699 959 1144 910 
395 2028 2128 2230 2171 
396 1975 2097 2227 2167 
397 1750 1321 1398 1528 
398 2128 2028 2034 2182 
399 2200 2201 2260 2190 
400 1757 1738 1549 1955 
401 1995 1914 2062 1870 
402 2138 2030 1865 2173 
403 1857 1752 1666 1371 
404 1991 1844 1913 1903 
405 1754 1987 1891 1725 
406 916 1493 1153 1438 
407 1755 1907 1760 1723 
408 2262 2202 2214 2121 
409 1763 1861 2021 1905 
410 845 1291 1065 433 
411 2124 2233 2023 2234 
412 685 961 963 988 
413 1902 1572 1392 1724 
414 1373 1974 1663 1749 
415 993 950 1313 964 
416 1904 1574 1316 1691 
417 2263 2203 2281 2117 
418 1981 1985 2059 1897 
419 962 1180 1509 955 
420 2248 2211 2210 2241 
421 1907 1755 1578 1347 
422 2225 2207 2127 2175 
423 2205 2196 2267 2204 
424 1493 1671 1135 1153 
425 1957 1956 1722 2036 
426 1907 1728 1948 1760 
427 2084 2022 2099 1890 
428 2097 2177 2270 2227 
429 1290 969 476 735 
430 955 682 1308 962 
431 2179 2191 2272 2252 
432 1404 1269 994 1195 
433 1402 1854 1615 1133 
434 1766 1762 1955 1549 
435 308 845 433 309 
436 1387 1838 1551 1283 
437 2039 1909 2094 1869 
438 1773 1803 1941 2186 
439 1307 918 989 990 
440 1306 947 971 1189 
441 1478 1401 1496 1147 
442 1275 685 988 694 
443 1402 1133 980 669 
444 1861 1763 1480 1515 
445 1572 1158 871 1392 
446 2239 2275 2251 2269 
447 654 1491 1118 1070 
448 1892 1775 1718 2185 
449 2145 2237 2199 2271 
450 2259 2246 2283 2197 
451 1574 1160 976 1316 
452 1576 1374 1489 1575 
453 2086 1892 1580 1764 
454 846 504 659 954 
455 1900 2024 1860 1695 
456 2240 2273 2286 2278 
457 1150 703 441 894 
458 1571 1163 867 1318 
459 2036 1722 1928 2137 
460 682 968 1173 1308 
461 1330 1565 1908 1710 
462 840 471 684 964 
463 1902 1724 2013 2179 
464 2179 2013 2114 2191 
465 1577 1167 876 1327 
466 2052 2161 2200 2270 
467 1691 2011 2132 1904 
468 1710 1751 1398 1330 
469 2040 1768 1771 1906 
470 1892 2086 1920 1775 
471 1911 2035 2184 2131 
472 1497 1856 1660 1388 
473 1144 1675 1382 1402 
474 1403 1170 889 1396 
475 2128 2182 1865 2082 
476 871 1158 709 511 
477 1578 1172 982 1347 
478 1081 1296 1271 949 
479 2031 2115 2021 1861 
480 433 1065 654 601 
481 1508 1583 1371 1128 
482 1160 710 385 976 
483 1152 913 1136 1494 
484 1976 1761 1824 1653 
485 727 958 697 468 
486 984 969 727 683 
487 1162 712 512 864 
488 2042 1765 1580 1892 
489 837 1285 863 397 
490 1165 714 399 977 
491 2204 2267 2240 2114 
492 1167 716 514 876 
493 2137 1928 1768 2040 
494 914 1113 1405 960 
495 2263 2135 2018 2203 
496 277 841 470 278 
497 1169 718 487 979 
498 1908 2089 1971 1710 
499 880 975 719 414 
500 2250 2134 2017 2202 
501 1155 720 413 872 
502 1540 1758 2001 1841 
503 1759 1586 1365 1976 
504 1968 1896 1579 1740 
505 2171 2230 2202 2017 
506 958 727 969 1290 
507 2265 2206 2268 2198 
508 1721 2044 2173 2034 
509 1997 1719 1889 2098 
510 1967 1906 1762 1766 
511 2162 2098 1889 2077 
512 1710 1971 2045 1751 
513 1157 705 509 873 
514 2186 2045 1971 1879 
515 838 953 658 430 
516 1727 1979 1356 1608 
517 1856 1900 1695 1660 
518 1902 2122 2011 1691 
519 1148 1310 916 1438 
520 2022 1950 1709 2099 
521 1564 1583 1689 1384 
522 1150 894 1674 1565 
523 1321 1750 1910 1570 
524 2133 1915 1785 2010 
525 1388 1660 1325 1098 
526 1759 1974 1373 1586 
527 1756 1706 2039 1869 
528 2115 2208 2123 2021 
529 1407 1394 1765 1530 
530 684 983 987 693 
531 1268 1689 1583 1508 
532 262 837 397 263 
533 1584 1407 1530 1721 
534 1285 1388 1098 863 
535 683 915 1183 984 
536 1749 2105 1595 1373 
537 1178 980 1133 1372 
538 1171 722 517 879 
539 1494 1136 1489 1668 
540 1113 914 650 1270 
541 2172 1888 2037 2085 
542 2134 1919 1697 2017 
543 1914 1555 1780 2062 
544 468 697 353 352 
545 683 727 468 594 
546 2036 1767 1535 1957 
547 2202 2262 2280 2250 
548 1767 1406 1346 1535 
549 1905 2021 2123 2038 
550 469 699 356 355 
551 2173 2044 1880 2138 
552 1168 975 1164 1394 
553 1309 1145 1175 1154 
554 1765 1394 1164 1580 
555 980 451 592 669 
556 451 701 359 358 
557 894 1178 1372 1674 
558 290 838 430 291 
559 669 910 1144 1402 
560 441 703 361 360 
561 1663 1974 1759 1548 
562 2087 1741 1566 1847 
563 1394 1407 870 1168 
564 509 705 363 362 
565 1159 862 1314 1686 
566 1398 1751 1868 1528 
567 1575 1489 1136 1176 
568 1291 1501 1543 1387 
569 1404 1195 902 1675 
570 403 706 365 364 
571 1156 903 1389 1671 
572 1997 1996 1984 1719 
573 1338 1582 1177 883 
574 914 960 434 704 
575 2087 1888 2172 2102 
576 2131 1867 2085 2037 
577 2102 2172 1716 1930 
578 1491 1664 1363 1118 
579 511 709 367 366 
580 983 1275 694 987 
581 965 970 402 707 
582 2019 2116 2136 2090 
583 385 710 369 368 
584 512 712 371 370 
585 831 951 656 428 
586 2135 1916 1698 2018 
587 399 714 373 372 
588 451 980 1178 701 
589 514 716 375 374 
590 1398 1321 974 1157 
591 1999 1743 1842 2003 
592 2251 2275 2242 2264 
593 487 718 377 376 
594 2228 2025 2135 2263 
595 970 965 1391 1101 
596 403 974 1179 706 
597 413 720 379 378 
598 517 722 381 380 
599 1747 2001 1641 1642 
600 489 724 383 382 
601 1570 1179 974 1321 
602 2037 1888 1527 1769 
603 467 911 1509 1180 
604 1966 1830 2058 2165 
605 965 1159 1686 1391 
606 2117 2125 2228 2263 
607 1755 1740 1396 1578 
608 1917 1585 1406 1767 
609 2137 1917 1767 2036 
610 913 1152 452 702 
611 862 1159 510 708 
612 1075 1508 1128 953 
613 1904 2132 2018 1698 
614 1658 1485 1830 1966 
615 966 1161 386 711 
616 903 1156 463 700 
617 867 1163 513 713 
618 1584 1181 870 1407 
619 978 1166 401 715 
620 1706 1895 2104 2039 
621 1274 1068 1485 1658 
622 489 981 1182 724 
623 1585 1182 981 1406 
624 889 1170 516 723 
625 982 1172 490 725 
626 264 833 503 265 
627 828 503 1068 1274 
628 1579 1541 1111 1403 
629 1318 1697 1919 1571 
630 1373 1127 1408 1586 
631 2104 1864 2129 2183 
632 2131 2184 2049 1867 
633 1401 1218 909 1496 
634 2268 2260 2201 2212 
635 1479 1764 1580 1164 
636 1909 2183 2029 2048 
637 2280 2213 2193 2243 
638 1359 1853 1932 1547 
639 2139 2234 2174 2033 
640 883 1177 729 427 
641 1389 1409 1135 1671 
642 2186 1879 1921 1773 
643 2205 2041 2140 2196 
644 1743 1886 1542 1786 
645 1270 1362 2003 1113 
646 2122 2252 2189 2011 
647 1706 1756 1331 1577 
648 2162 2077 1925 2052 
649 1588 1544 1411 1376 
650 1723 1760 1592 1536 
651 2110 2140 2054 1858 
652 2115 2031 2178 2211 
653 2032 2139 1918 1922 
654 1776 1867 2049 1521 
655 1579 1896 1986 1833 
656 1174 1192 908 1145 
657 2084 2127 2053 2022 
658 656 1483 1129 1062 
659 2050 2009 1924 1729 
660 1573 1184 891 1412 
661 2029 1927 1821 2048 
662 1718 1775 1597 1552 
663 1397 1414 1132 1384 
664 1996 1891 1987 1984 
665 1135 991 919 1153 
666 2257 2276 2255 2187 
667 1592 1415 1120 1536 
668 1906 1967 1712 2040 
669 1179 1570 1392 871 
670 2013 2046 2204 2114 
671 1894 1903 1783 1731 
672 1774 1417 1126 1542 
673 1594 1531 1453 1454 
674 1550 1418 1230 1595 
675 1183 968 730 520 
676 2281 2216 2081 2117 
677 1764 1541 1980 2086 
678 1317 1599 1194 1100 
679 1567 1982 1697 1318 
680 1478 1510 1386 1486 
681 2265 2198 2153 2146 
682 1593 1119 1193 1375 
683 1417 753 997 1126 
684 1556 1421 1190 1602 
685 1187 921 996 1099 
686 1783 1610 1339 1731 
687 1675 902 1197 1382 
688 1771 1768 1609 1350 
689 1415 999 923 1120 
690 2242 2220 2113 2264 
691 2038 2123 2164 2163 
692 1743 1786 1433 1576 
693 2100 1899 1622 1808 
694 2159 2148 1876 2061 
695 1376 1411 934 1198 
696 1238 1108 1005 926 
697 1419 1605 1225 1226 
698 1357 1608 1199 888 
699 1190 1008 927 1105 
700 2118 2217 2063 2026 
701 1518 1646 1427 1380 
702 2015 2147 1944 1943 
703 969 984 732 476 
704 1333 1099 1430 1589 
705 2169 2222 2199 2237 
706 2051 2141 1938 1875 
707 963 734 522 988 
708 1243 1010 928 1102 
709 1100 1194 1012 930 
710 2275 2256 2224 2242 
711 1185 736 524 955 
712 1410 1350 892 1201 
713 1377 1601 1204 1022 
714 1290 735 523 952 
715 1408 1127 917 1196 
716 1155 872 1476 1343 
717 2268 2212 2149 2198 
718 1094 1013 931 1213 
719 1335 1611 1205 887 
720 1516 1596 1191 1420 
721 1334 1612 1206 1007 
722 1598 1207 885 1329 
723 689 465 738 994 
724 918 739 521 989 
725 1609 1202 892 1350 
726 1242 1019 932 1093 
727 1186 1115 1025 1014 
728 987 694 478 731 
729 1188 543 769 1015 
730 1031 1119 1431 1030 
731 1696 2012 2151 1939 
732 1000 908 743 526 
733 2127 2207 2156 2053 
734 2275 2284 2247 2256 
735 1768 1928 1425 1609 
736 947 1277 1215 971 
737 1001 909 746 525 
738 1777 1435 1107 1520 
739 1356 1614 1219 899 
740 2152 2070 2056 2142 
741 2010 2188 2261 2133 
742 2215 2195 2256 2247 
743 2064 2146 2153 2068 
744 663 491 750 1003 
745 921 560 788 996 
746 1538 1791 1436 1141 
747 2219 2223 2218 2253 
748 995 751 529 920 
749 1874 1796 1596 1934 
750 950 993 479 733 
751 2120 2074 1872 2150 
752 1432 1040 1039 1191 
753 1603 1437 1142 1537 
754 1730 2056 2070 1945 
755 2053 1866 1950 2022 
756 1732 1624 1428 1788 
757 2222 2157 2020 2199 
758 2069 1951 1936 2060 
759 2163 2076 1923 2168 
760 1922 1918 1800 1599 
761 479 993 693 519 
762 522 478 694 988 
763 2113 2075 1926 2156 
764 524 477 682 955 
765 2142 2218 2223 2152 
766 1878 2066 1792 1802 
767 998 760 534 924 
768 1858 2054 1823 1514 
769 992 666 443 748 
770 2059 1812 1625 1897 
771 1031 1030 772 557 
772 900 1374 1216 1220 
773 1191 1596 1796 1432 
774 902 1195 457 742 
775 1023 1022 776 548 
776 1402 1382 1383 1854 
777 1871 1806 1632 1929 
778 2155 2158 2154 2195 
779 919 991 454 741 
780 1733 1936 1951 1801 
781 1005 778 409 926 
782 1413 1339 874 1188 
783 1788 1872 2074 1732 
784 1934 2020 2157 1874 
785 1028 1197 453 747 
786 2148 2159 2149 2212 
787 1729 1924 1315 1603 
788 1017 1006 756 493 
789 1948 1761 1635 1449 
790 1426 1434 937 1209 
791 525 456 674 1001 
792 1420 1239 868 1361 
793 1701 1947 1628 1643 
794 1557 1450 1212 1618 
795 1624 1223 939 1428 
796 1524 1926 2075 1779 
797 644 498 787 1026 
798 1604 936 1221 1341 
799 1115 1186 1439 1351 
800 1625 1233 1116 1358 
801 454 991 673 527 
802 1132 1414 667 995 
803 1183 520 732 984 
804 997 753 420 767 
805 2047 1798 1813 1881 
806 1520 1923 2076 1777 
807 1012 792 574 930 
808 2158 2078 2073 2154 
809 1027 1014 775 404 
810 937 1434 1440 1222 
811 1601 1377 1803 1773 
812 745 531 491 663 
813 955 1509 956 1185 
814 1610 1231 874 1339 
815 744 532 443 666 
816 1866 1822 1634 1950 
817 1438 679 956 1281 
818 908 1000 1175 1145 
819 1215 466 737 971 
820 1478 1486 1139 1401 
821 1800 1452 1194 1599 
822 1119 1031 745 1193 
823 1197 1028 1383 1382 
824 1591 1564 1224 1416 
825 2065 2079 2072 2111 
826 2060 2149 2159 2069 
827 990 989 690 1278 
828 1620 1793 1459 1441 
829 1121 1416 664 998 
830 1621 1794 1461 1443 
831 730 968 682 477 
832 1042 744 1220 1216 
833 1816 1925 2077 1817 
834 1102 1326 1634 1243 
835 749 662 492 535 
836 731 519 693 987 
837 634 1034 797 558 
838 2071 1815 1513 1859 
839 1189 461 740 946 
840 1006 1201 437 756 
841 1471 1228 893 1342 
842 923 999 538 759 
843 2068 1961 1704 2064 
844 1216 1433 661 1042 
845 922 1196 438 754 
846 1226 1225 497 571 
847 892 1202 537 755 
848 1773 1921 1357 1601 
849 917 1016 536 757 
850 686 1033 564 565 
851 1622 1623 1229 1444 
852 1632 1241 1095 1328 
853 1124 1422 655 1018 
854 734 963 690 464 
855 933 1018 540 765 
856 1004 1203 494 758 
857 934 1020 541 766 
858 1876 2148 2016 1937 
859 1409 673 991 1135 
860 887 1205 421 761 
861 1389 1390 1138 1409 
862 1559 1463 1252 1626 
863 1007 1206 542 764 
864 1734 1818 1801 1951 
865 1174 1302 946 1192 
866 1036 1208 432 771 
867 1454 1453 933 1208 
868 925 1002 544 763 
869 935 1198 416 770 
870 557 531 745 1031 
871 1784 1930 1334 1611 
872 1953 1954 2079 2065 
873 1560 1466 1254 1627 
874 633 1035 800 567 
875 1946 2073 2078 1960 
876 1552 1597 1232 1448 
877 1789 1873 1804 1820 
878 885 1207 431 768 
879 461 1189 971 737 
880 733 466 1215 950 
881 1192 455 743 908 
882 1806 1465 1241 1632 
883 995 920 1224 1132 
884 952 689 1495 1299 
885 1925 1816 1517 1700 
886 465 689 952 523 
887 1014 1025 549 775 
888 1218 446 746 909 
889 532 744 1042 533 
890 464 690 989 521 
891 528 460 956 679 
892 739 918 674 456 
893 1009 1024 545 773 
894 540 1018 655 423 
895 1918 1940 1600 1800 
896 1004 1425 1636 1203 
897 1787 1935 1332 1629 
898 1138 992 673 1409 
899 1776 1521 1423 1598 
900 2130 2181 2041 2205 
901 1006 1017 1229 1122 
902 917 1127 1230 1016 
903 1342 1539 1811 1471 
904 455 1192 946 740 
905 634 1092 1445 1034 
906 1754 1744 1439 1607 
907 919 679 1438 1153 
908 1590 1413 1114 1529 
909 1092 1619 1640 1445 
910 2030 2138 1787 1947 
911 1037 1038 554 777 
912 1021 1029 561 782 
913 1526 1607 1237 1424 
914 674 1271 1296 1001 
915 1104 1424 639 1029 
916 1036 1043 1232 1125 
917 1716 1931 1329 1612 
918 927 1008 553 779 
919 1639 1431 1813 1798 
920 771 496 1043 1036 
921 925 1116 1233 1002 
922 2134 2250 2188 2010 
923 1628 1629 1238 1455 
924 1952 2072 2079 1958 
925 2125 2117 2081 2014 
926 496 550 645 1043 
927 1233 1625 1812 1446 
928 633 1212 1450 1035 
929 865 1214 396 785 
930 998 924 1234 1121 
931 1030 1431 1639 1211 
932 738 457 1195 994 
933 2081 2216 2257 2143 
934 1154 1175 1414 1397 
935 1539 1952 1958 1811 
936 1140 1430 632 1033 
937 741 528 679 919 
938 1380 1427 1021 1214 
939 1616 898 1139 1486 
940 1984 1987 1526 1819 
941 420 753 1044 546 
942 2214 2128 2082 2147 
943 545 1024 646 410 
944 1798 1799 1361 1639 
945 928 1010 563 783 
946 1107 1435 643 1044 
947 548 498 644 1023 
948 561 1029 639 552 
949 992 1138 900 666 
950 1562 1946 1960 1805 
951 929 1011 559 784 
952 1014 1027 1237 1186 
953 1816 1817 1467 1605 
954 1003 1139 898 663 
955 409 555 640 926 
956 1219 447 752 899 
957 2059 1898 1529 1812 
958 2014 1929 1797 2055 
959 1668 900 1138 1390 
960 1627 1789 1820 1560 
961 1906 1771 1587 1762 
962 742 453 1197 902 
963 1620 1644 1818 1734 
964 932 1019 568 790 
965 1626 1801 1818 1559 
966 1633 1795 1140 1462 
967 958 1290 952 1299 
968 1434 1513 1815 1440 
969 750 446 1218 1003 
970 1026 1200 1460 644 
971 1621 1645 1820 1804 
972 1619 1704 1961 1640 
973 747 447 1219 1028 
974 748 527 673 992 
975 448 667 1000 526 
976 1616 1375 1193 898 
977 1219 1614 1383 1028 
978 2109 2221 1863 2067 
979 1416 1121 1366 1591 
980 2193 2213 2080 2160 
981 1564 1591 1752 1857 
982 1956 1335 1636 1722 
983 1635 895 1227 1449 
984 1948 1449 1592 1760 
985 931 1013 394 786 
986 564 1033 632 389 
987 1054 572 798 875 
988 1955 1364 1623 1757 
989 1606 1536 1120 1422 
990 1039 1040 406 780 
991 1418 660 1016 1230 
992 1000 667 1414 1175 
993 1199 530 762 888 
994 1214 865 1467 1380 
995 1441 1469 1644 1620 
996 909 1001 1296 1496 
997 2027 2067 1790 1949 
998 1779 1426 1097 1524 
999 1846 1358 1550 1845 
1000 1455 1187 1643 1628 
1001 1228 573 799 893 
1002 1211 407 772 1030 
1003 929 1095 1241 1011 
1004 1444 653 1020 1123 
1005 1916 2135 2025 1770 
1006 1809 1124 1453 1531 
1007 1116 925 660 1418 
1008 1141 1436 628 1048 
1009 1446 651 1002 1233 
1010 1443 1470 1645 1621 
1011 1456 1457 1041 1244 
1012 530 1199 899 752 
1013 1558 1617 1217 1457 
1014 1199 1608 1356 899 
1015 1872 1788 1613 1933 
1016 1622 1899 1757 1623 
1017 1737 1594 1348 1920 
1018 1642 1641 1235 1447 
1019 666 900 1220 744 
1020 1204 419 776 1022 
1021 1542 1886 1887 1774 
1022 1808 1123 1411 1544 
1023 1814 1752 1591 1366 
1024 1142 1437 629 1046 
1025 1943 1944 1589 1795 
1026 1641 1588 1376 1235 
1027 1231 411 774 874 
1028 1451 646 1024 1236 
1029 2282 2258 2189 2274 
1030 1778 1236 1423 1521 
1031 442 664 920 529 
1032 2147 2082 1772 1944 
1033 1447 648 1025 1115 
1034 1920 1348 1597 1775 
1035 1833 1986 1737 1980 
1036 751 995 667 448 
1037 1717 1941 1803 1519 
1038 2195 2215 2027 2155 
1039 1448 645 1005 1108 
1040 1243 1634 1822 1464 
1041 1132 1224 1564 1384 
1042 1802 1792 1650 1354 
1043 2026 2063 1781 1942 
1044 1795 1633 1962 1943 
1045 1377 1106 1519 1803 
1046 1781 1514 1378 1604 
1047 2253 2218 2142 2249 
1048 1204 1601 1357 888 
1049 663 898 1193 745 
1050 1209 938 1097 1426 
1051 1943 1962 2080 2015 
1052 419 1204 888 762 
1053 569 1046 629 390 
1054 1876 1937 1648 1791 
1055 1410 1122 1364 1587 
1056 997 661 1433 1126 
1057 2158 2155 1862 2066 
1058 1599 1317 1693 1922 
1059 1827 1836 1747 1545 
1060 1923 1520 1774 1887 
1061 1425 1928 1722 1636 
1062 1927 1602 1336 1821 
1063 577 1048 628 387 
1064 1862 1949 1558 1807 
1065 1047 1046 569 801 
1066 1992 1748 1898 1983 
1067 1433 1216 1374 1576 
1068 1217 1100 930 635 
1069 1418 1550 1358 1116 
1070 730 37 38 520 
1071 1210 940 1245 1429 
1072 759 423 655 923 
1073 1913 1525 1783 1903 
1074 1137 895 1635 1365 
1075 754 492 662 922 
1076 755 437 1201 892 
1077 1421 636 1008 1190 
1078 1049 1048 577 802 
1079 477 36 37 730 
1080 479 519 157 158 
1081 731 156 157 519 
1082 922 662 895 1137 
1083 535 538 999 749 
1084 478 155 156 731 
1085 493 539 653 1017 
1086 662 749 1227 895 
1087 1208 1036 1125 1454 
1088 1202 1609 1425 1004 
1089 1201 1006 1122 1410 
1090 1454 1125 1348 1594 
1091 524 35 36 477 
1092 1458 638 1038 1240 
1093 1239 556 781 868 
1094 1587 1364 1955 1762 
1095 547 533 1042 661 
1096 520 38 39 732 
1097 1883 2094 1909 1714 
1098 758 537 1202 1004 
1099 1203 1636 1335 887 
1100 757 438 1196 917 
1101 920 664 1416 1224 
1102 1417 1774 1520 1107 
1103 1462 1242 1647 1633 
1104 1772 1701 1643 1333 
1105 1408 1137 1365 1586 
1106 1122 1229 1623 1364 
1107 1821 1336 1554 1714 
1108 479 158 159 733 
1109 734 153 154 522 
1110 478 522 154 155 
1111 2161 2016 2201 2200 
1112 422 536 1016 660 
1113 1415 1592 1449 1227 
1114 2147 2015 2121 2214 
1115 923 655 1422 1120 
1116 1780 1240 1379 1525 
1117 732 39 40 476 
1118 1127 1373 1595 1230 
1119 1455 640 921 1187 
1120 761 494 1203 887 
1121 1205 1611 1334 1007 
1122 1198 935 1235 1376 
1123 539 541 1020 653 
1124 1452 657 1012 1194 
1125 1022 1023 1106 1377 
1126 733 159 160 466 
1127 938 1209 562 791 
1128 1126 1433 1786 1542 
1129 1618 1939 1730 1557 
1130 736 34 35 524 
1131 1797 1328 1556 1699 
1132 764 421 1205 1007 
1133 1652 1911 1769 1476 
1134 1017 653 1444 1229 
1135 1444 1123 1808 1622 
1136 464 152 153 734 
1137 476 40 41 735 
1138 1365 1635 1761 1976 
1139 1009 1423 1236 1024 
1140 1206 1612 1329 885 
1141 763 422 660 925 
1142 1792 1807 1456 1650 
1143 1782 1942 1341 1638 
1144 768 542 1206 885 
1145 1213 1553 1319 1094 
1146 2164 1959 2076 2163 
1147 765 432 1208 933 
1148 735 41 42 523 
1149 1095 929 636 1421 
1150 1714 1554 1778 1883 
1151 521 151 152 464 
1152 766 416 1198 934 
1153 1426 1779 1513 1434 
1154 2129 2228 2055 1884 
1155 770 495 648 935 
1156 1630 1519 1106 1460 
1157 1544 1588 1758 1977 
1158 635 499 804 1041 
1159 1877 2061 1538 1793 
1160 523 42 43 465 
1161 415 544 1002 651 
1162 460 33 34 736 
1163 466 160 161 737 
1164 760 998 664 442 
1165 1018 933 1453 1124 
1166 1611 1335 1956 1784 
1167 1819 1104 1427 1646 
1168 1545 1747 1642 1351 
1169 935 648 1447 1235 
1170 2016 2161 1700 1937 
1171 405 657 924 534 
1172 1114 1446 1812 1529 
1173 1612 1334 1930 1716 
1174 1422 1124 1809 1606 
1175 1015 651 1446 1114 
1176 940 1210 570 793 
1177 1043 645 1448 1232 
1178 1358 1846 1897 1625 
1179 1465 631 1011 1241 
1180 773 431 1207 1009 
1181 1608 1357 1921 1727 
1182 1421 1556 1328 1095 
1183 1239 1420 1191 1039 
1184 934 1411 1123 1020 
1185 528 32 33 460 
1186 1188 1015 1114 1413 
1187 1211 1639 1361 868 
1188 739 150 151 521 
1189 1464 630 1010 1243 
1190 1942 1782 1953 2026 
1191 495 549 1025 648 
1192 543 1188 874 774 
1193 1125 1232 1597 1348 
1194 737 161 162 461 
1195 1332 1935 1718 1552 
1196 769 415 651 1015 
1197 1121 1234 1600 1366 
1198 1196 922 1137 1408 
1199 1536 1606 1968 1723 
1200 465 43 44 738 
1201 1595 2105 1845 1550 
1202 1119 1593 1813 1431 
1203 2020 1934 1703 2144 
1204 1610 1783 1525 1379 
1205 407 1211 868 781 
1206 404 552 639 1027 
1207 1448 1108 1332 1552 
1208 767 547 661 997 
1209 1602 1927 1699 1556 
1210 551 546 1044 643 
1211 927 646 1451 1105 
1212 1451 1554 1336 1105 
1213 1419 1096 1648 1517 
1214 778 1005 645 550 
1215 1926 1524 1822 1866 
1216 1929 2014 2081 1871 
1217 2012 1696 1959 2164 
1218 2223 2219 2050 2141 
1219 1827 1545 1744 2002 
1220 456 149 150 739 
1221 741 31 32 528 
1222 461 162 163 740 
1223 1694 1512 1806 1871 
1224 924 657 1452 1234 
1225 1462 686 1019 1242 
1226 1784 1893 2102 1930 
1227 1709 1326 1555 1914 
1228 1044 753 1417 1107 
1229 777 411 1231 1037 
1230 738 44 45 457 
1231 1037 1379 1240 1038 
1232 574 499 635 930 
1233 2199 2020 2144 2271 
1234 1447 1115 1351 1642 
1235 1512 1245 1465 1806 
1236 897 1244 444 813 
1237 2064 1704 1874 2157 
1238 779 410 646 927 
1239 926 640 1455 1238 
1240 400 554 1038 638 
1241 1212 633 1013 1094 
1242 408 553 1008 636 
1243 1186 1237 1607 1439 
1244 1351 1439 1744 1545 
1245 1884 1699 1927 2029 
1246 2254 2245 2110 2217 
1247 525 148 149 456 
1248 740 163 164 455 
1249 2255 2150 2008 2187 
1250 1469 1441 1257 906 
1251 1470 1443 1256 907 
1252 1799 1882 1703 1516 
1253 560 921 640 555 
1254 1939 1618 1319 1696 
1255 1027 639 1424 1237 
1256 454 30 31 741 
1257 1980 1737 1920 2086 
1258 1714 1909 2048 1821 
1259 2253 2244 2108 2219 
1260 788 389 632 996 
1261 790 390 629 932 
1262 1458 1555 1326 1102 
1263 1790 1693 1317 1617 
1264 789 387 628 1032 
1265 1247 1045 1472 1442 
1266 1935 1787 2138 2095 
1267 1718 1935 2095 2185 
1268 1629 1628 1947 1787 
1269 782 396 1214 1021 
1270 457 45 46 742 
1271 1226 1032 1096 1419 
1272 2146 2064 2157 2222 
1273 1366 1600 1940 1814 
1274 1793 1620 1734 1877 
1275 1819 1646 1719 1984 
1276 1605 1419 1517 1816 
1277 784 408 636 929 
1278 996 632 1430 1099 
1279 783 400 638 928 
1280 2247 2246 2109 2215 
1281 455 164 165 743 
1282 2008 1933 1694 2143 
1283 2217 2118 2192 2254 
1284 2012 2266 2209 2151 
1285 1613 1429 1245 1512 
1286 746 147 148 525 
1287 2142 2056 2151 2209 
1288 1995 2099 1709 1914 
1289 928 638 1458 1102 
1290 1441 1459 1049 1257 
1291 1442 1472 1649 1631 
1292 1794 1621 1804 1875 
1293 2220 1859 2075 2113 
1294 2266 2249 2142 2209 
1295 2160 2009 2108 2193 
1296 2056 1730 1939 2151 
1297 1704 1619 1796 1874 
1298 1105 1336 1602 1190 
1299 1432 1796 1619 1092 
1300 1023 644 1460 1106 
1301 1108 1238 1629 1332 
1302 1225 1605 1467 865 
1303 2143 1694 1871 2081 
1304 1029 1021 1427 1104 
1305 395 563 1010 630 
1306 805 1143 1252 1051 
1307 392 559 1011 631 
1308 1424 1104 1819 1526 
1309 785 497 1225 865 
1310 1936 1733 1961 2068 
1311 1420 1361 1799 1516 
1312 1696 1319 1553 1959 
1313 931 643 1435 1213 
1314 1641 2001 1758 1588 
1315 1594 1737 1986 1531 
1316 2149 2060 2153 2198 
1317 2181 1717 1963 2041 
1318 1598 1329 1931 1776 
1319 786 551 643 931 
1320 1033 686 1462 1140 
1321 1946 1562 1815 2071 
1322 2111 2192 2118 2065 
1323 1931 2085 1867 1776 
1324 2194 2238 2192 2111 
1325 448 526 166 167 
1326 743 165 166 526 
1327 571 789 1032 1226 
1328 792 1012 657 405 
1329 1380 1467 1817 1518 
1330 742 46 47 453 
1331 1443 1461 1047 1256 
1332 565 568 1019 686 
1333 1092 634 1040 1432 
1334 446 146 147 746 
1335 454 527 29 30 
1336 748 28 29 527 
1337 2212 2201 2016 2148 
1338 2072 1952 2074 2120 
1339 736 1185 956 460 
1340 1607 1526 1987 1754 
1341 938 630 1464 1097 
1342 1875 1938 1537 1794 
1343 2144 1703 1882 2057 
1344 1699 1884 2055 1797 
1345 2150 2255 2194 2120 
1346 1099 1333 1643 1187 
1347 1143 805 1034 1445 
1348 1945 1353 1557 1730 
1349 1863 2032 1922 1693 
1350 940 631 1465 1245 
1351 2041 1963 2054 2140 
1352 2065 2118 2026 1953 
1353 1952 1539 1732 2074 
1354 2120 2194 2111 2072 
1355 2141 2051 2152 2223 
1356 1381 1262 1054 1468 
1357 1097 1464 1822 1524 
1358 453 47 48 747 
1359 1430 1140 1795 1589 
1360 1992 2106 1894 1748 
1361 1353 1130 1450 1557 
1362 2070 2152 2051 1873 
1363 806 1130 1254 1053 
1364 2014 2055 2228 2125 
1365 2060 1936 2068 2153 
1366 2154 2073 2119 2224 
1367 1647 1692 1962 1633 
1368 2240 2267 2196 2245 
1369 1130 806 1035 1450 
1370 1326 1709 1950 1634 
1371 443 27 28 748 
1372 750 145 146 446 
1373 1442 1638 896 1247 
1374 1941 1717 2181 2083 
1375 2187 2008 2143 2257 
1376 1562 1131 1440 1815 
1377 2224 2119 2220 2242 
1378 2238 2194 2255 2277 
1379 2015 2080 2213 2121 
1380 1519 1630 1963 1717 
1381 937 1222 388 794 
1382 491 144 145 750 
1383 1859 2220 2119 2071 
1384 780 556 1239 1039 
1385 1859 1513 1779 2075 
1386 448 167 168 751 
1387 2061 1877 2069 2159 
1388 1646 1518 1889 1719 
1389 566 1221 936 796 
1390 2073 1946 2071 2119 
1391 747 48 49 447 
1392 531 143 144 491 
1393 1352 1143 1445 1640 
1394 805 440 797 1034 
1395 1692 2160 2080 1962 
1396 1823 1200 1378 1514 
1397 1733 1352 1640 1961 
1398 567 394 1013 633 
1399 2224 2256 2195 2154 
1400 1413 1590 1731 1339 
1401 532 26 27 443 
1402 791 395 630 938 
1403 2169 2265 2146 2222 
1404 1877 1734 1951 2069 
1405 442 529 169 170 
1406 751 168 169 529 
1407 1954 1953 1782 1631 
1408 1945 2070 1873 1789 
1409 793 392 631 940 
1410 1590 1529 1898 1748 
1411 447 49 50 752 
1412 804 444 1244 1041 
1413 787 393 1246 1026 
1414 1328 1797 1929 1632 
1415 1940 1918 2139 2033 
1416 2066 1878 2078 2158 
1417 1638 1442 1631 1782 
1418 2057 1882 2047 2170 
1419 939 1223 391 795 
1420 1093 1315 1647 1242 
1421 806 439 800 1035 
1422 1246 393 796 936 
1423 1651 1475 1473 1637 
1424 1789 1627 1353 1945 
1425 1460 1200 1823 1630 
1426 1873 2051 1875 1804 
1427 1435 1777 1553 1213 
1428 558 406 1040 634 
1429 1032 628 1436 1096 
1430 1954 1810 1958 2079 
1431 532 533 25 26 
1432 752 50 51 530 
1433 1947 1701 1865 2030 
1434 1539 1342 1624 1732 
1435 1777 2076 1959 1553 
1436 1801 1626 1352 1733 
1437 2164 2232 2266 2012 
1438 535 492 215 216 
1439 754 214 215 492 
1440 438 213 214 754 
1441 757 212 213 438 
1442 533 547 24 25 
1443 767 23 24 547 
1444 755 97 98 437 
1445 538 535 216 217 
1446 2225 2251 2264 2207 
1447 537 96 97 755 
1448 437 98 99 756 
1449 758 95 96 537 
1450 756 99 100 493 
1451 539 493 100 101 
1452 772 141 142 557 
1453 531 557 142 143 
1454 1735 1563 1805 1960 
1455 536 211 212 757 
1456 494 94 95 758 
1457 761 93 94 494 
1458 1350 1410 1587 1771 
1459 422 210 211 536 
1460 538 217 218 759 
1461 759 218 219 423 
1462 1218 1401 1139 1003 
1463 763 209 210 422 
1464 442 170 171 760 
1465 1780 1525 1913 2062 
1466 421 92 93 761 
1467 1878 1735 1960 2078 
1468 530 51 52 762 
1469 764 91 92 421 
1470 423 219 220 540 
1471 539 101 102 541 
1472 544 208 209 763 
1473 932 629 1437 1093 
1474 635 1041 1457 1217 
1475 542 90 91 764 
1476 1805 1468 1131 1562 
1477 1693 1790 2067 1863 
1478 1429 1428 939 1210 
1479 415 207 208 544 
1480 540 220 221 765 
1481 541 102 103 766 
1482 420 22 23 767 
1483 768 89 90 542 
1484 2244 2243 2193 2108 
1485 431 88 89 768 
1486 769 206 207 415 
1487 766 103 104 416 
1488 765 221 222 432 
1489 773 87 88 431 
1490 2238 2273 2254 2192 
1491 1094 1319 1618 1212 
1492 543 205 206 769 
1493 416 104 105 770 
1494 432 222 223 771 
1495 1468 1805 1563 1381 
1496 1100 1217 1617 1317 
1497 774 204 205 543 
1498 546 21 22 420 
1499 762 52 53 419 
1500 770 105 106 495 
1501 549 495 106 107 
1502 407 140 141 772 
1503 1463 670 1051 1252 
1504 545 86 87 773 
1505 405 534 172 173 
1506 760 171 172 534 
1507 2032 1863 2221 2124 
1508 771 223 224 496 
1509 550 496 224 225 
1510 411 203 204 774 
1511 1517 1648 1937 1700 
1512 777 202 203 411 
1513 1512 1694 1933 1613 
1514 2160 1692 1924 2009 
1515 549 107 108 775 
1516 2156 2207 2264 2113 
1517 419 53 54 776 
1518 1802 1637 1735 1878 
1519 410 85 86 545 
1520 554 201 202 777 
1521 551 20 21 546 
1522 775 108 109 404 
1523 552 404 109 110 
1524 1645 1369 1560 1820 
1525 1315 1093 1437 1603 
1526 1261 1475 1263 943 
1527 550 225 226 778 
1528 1429 1613 1788 1428 
1529 1731 1590 1748 1894 
1530 561 552 110 111 
1531 776 54 55 548 
1532 779 84 85 410 
1533 783 199 200 400 
1534 554 400 200 201 
1535 778 226 227 409 
1536 1466 671 1053 1254 
1537 1729 1938 2141 2050 
1538 553 83 84 779 
1539 1644 1368 1559 1818 
1540 1858 2063 2217 2110 
1541 1887 2092 2168 1923 
1542 794 562 1209 937 
1543 408 82 83 553 
1544 786 19 20 551 
1545 1949 1862 2155 2027 
1546 780 137 138 556 
1547 781 139 140 407 
1548 1811 1958 1810 1561 
1549 406 136 137 780 
1550 556 138 139 781 
1551 561 111 112 782 
1552 784 81 82 408 
1553 445 1247 896 803 
1554 1463 1559 1368 1248 
1555 563 198 199 783 
1556 409 227 228 555 
1557 560 555 228 229 
1558 1631 1649 1810 1954 
1559 1466 1560 1369 1249 
1560 548 55 56 498 
1561 1131 875 1222 1440 
1562 782 112 113 396 
1563 1933 2008 2150 1872 
1564 559 80 81 784 
1565 1617 1558 1949 1790 
1566 1637 1473 1563 1735 
1567 396 113 114 785 
1568 1791 1538 2061 1876 
1569 1637 1802 1354 1651 
1570 394 18 19 786 
1571 1604 1341 1942 1781 
1572 498 56 57 787 
1573 795 570 1210 939 
1574 785 114 115 497 
1575 571 497 115 116 
1576 791 196 197 395 
1577 563 395 197 198 
1578 1457 1456 1807 1558 
1579 440 805 1051 575 
1580 560 229 230 788 
1581 1244 897 1650 1456 
1582 1470 1251 1369 1645 
1583 1333 1589 1944 1772 
1584 392 79 80 559 
1585 1475 1261 1260 1473 
1586 941 1255 578 821 
1587 2067 2027 2215 2109 
1588 1469 1250 1368 1644 
1589 788 230 231 389 
1590 564 389 231 232 
1591 670 1463 1248 1050 
1592 565 564 232 233 
1593 2049 2184 2094 1883 
1594 787 57 58 393 
1595 439 806 1053 576 
1596 565 233 234 568 
1597 571 116 117 789 
1598 568 234 235 790 
1599 790 235 236 390 
1600 569 390 236 237 
1601 793 78 79 392 
1602 1471 1811 1561 1474 
1603 1315 1924 1692 1647 
1604 562 195 196 791 
1605 789 117 118 387 
1606 577 387 118 119 
1607 1807 1792 2066 1862 
1608 1521 2049 1883 1778 
1609 405 173 174 792 
1610 941 1651 1354 1255 
1611 1163 1571 1399 966 
1612 570 77 78 793 
1613 1473 1260 1381 1563 
1614 1561 1810 1649 1367 
1615 1096 1436 1791 1648 
1616 671 1466 1249 1052 
1617 1130 1353 1627 1254 
1618 1142 1461 1794 1537 
1619 1248 1368 1250 1057 
1620 794 194 195 562 
1621 1516 1703 1934 1596 
1622 406 558 135 136 
1623 797 134 135 558 
1624 1701 1772 2082 1865 
1625 801 450 1256 1047 
1626 1514 1781 2063 1858 
1627 802 449 1257 1049 
1628 795 76 77 570 
1629 1249 1369 1251 1058 
1630 1048 1049 1459 1141 
1631 1221 896 1638 1341 
1632 1798 2047 1882 1799 
1633 1207 1598 1423 1009 
1634 388 193 194 794 
1635 1141 1459 1793 1538 
1636 427 729 5 384 
1637 391 75 76 795 
1638 393 58 59 796 
1639 394 567 17 18 
1640 800 16 17 567 
1641 573 1228 944 807 
1642 1246 1378 1200 1026 
1643 1250 1469 906 1264 
1644 1472 1253 1367 1649 
1645 670 1050 811 581 
1646 792 174 175 574 
1647 1866 2053 2156 1926 
1648 798 192 193 388 
1649 1367 1258 1474 1561 
1650 799 74 75 391 
1651 1231 1610 1379 1037 
1652 1251 1470 907 1265 
1653 999 1415 1227 749 
1654 1046 1047 1461 1142 
1655 1143 1352 1626 1252 
1656 671 1052 812 580 
1657 1925 1700 2161 2052 
1658 936 1604 1378 1246 
1659 1650 897 1255 1354 
1660 875 1131 1468 1054 
1661 1823 2054 1963 1630 
1662 1260 942 1262 1381 
1663 1264 1060 1057 1250 
1664 1452 1800 1600 1234 
1665 1265 1059 1058 1251 
1666 897 813 578 1255 
1667 1240 1780 1555 1458 
1668 1236 1778 1554 1451 
1669 1221 566 803 896 
1670 798 388 1222 875 
1671 572 1054 1262 808 
1672 1055 1045 814 579 
1673 440 133 134 797 
1674 1259 1258 945 1061 
1675 942 1260 1261 1056 
1676 1474 944 1228 1471 
1677 796 59 60 566 
1678 1817 2077 1889 1518 
1679 572 191 192 798 
1680 573 73 74 799 
1681 1258 1367 1253 945 
1682 943 1263 473 825 
1683 439 15 16 800 
1684 1624 1342 893 1223 
1685 574 175 176 499 
1686 1258 1259 944 1474 
1687 1528 1868 2130 2235 
1688 1045 1055 1253 1472 
1689 569 237 238 801 
1690 1057 819 1050 1248 
1691 481 1264 906 810 
1692 577 119 120 802 
1693 799 391 1223 893 
1694 483 1265 907 809 
1695 581 575 1051 670 
1696 1061 822 458 1259 
1697 1058 817 1052 1249 
1698 580 576 1053 671 
1699 2009 2050 2219 2108 
1700 1651 941 1263 1475 
1701 945 1253 1055 687 
1702 807 72 73 573 
1703 1603 1537 1938 1729 
1704 944 1259 458 807 
1705 820 1060 816 501 
1706 818 1059 815 500 
1707 994 1269 1495 689 
1708 566 60 61 803 
1709 1060 820 819 1057 
1710 943 688 1056 1261 
1711 499 176 177 804 
1712 575 132 133 440 
1713 1059 818 817 1058 
1714 1247 445 814 1045 
1715 1061 945 687 823 
1716 808 1262 942 486 
1717 576 14 15 439 
1718 941 821 473 1263 
1719 1257 449 810 906 
1720 1256 450 809 907 
1721 811 1050 819 482 
1722 581 131 132 575 
1723 801 238 239 450 
1724 802 120 121 449 
1725 812 1052 817 484 
1726 968 1183 915 1173 
1727 458 71 72 807 
1728 572 808 190 191 
1729 2140 2110 2245 2196 
1730 811 130 131 581 
1731 450 239 240 809 
1732 449 121 122 810 
1733 576 580 13 14 
1734 812 12 13 580 
1735 579 480 687 1055 
1736 823 584 822 1061 
1737 820 583 482 819 
1738 818 582 484 817 
1739 1264 481 816 1060 
1740 1265 483 815 1059 
1741 804 177 178 444 
1742 803 61 62 445 
1743 482 129 130 811 
1744 825 588 688 943 
1745 484 11 12 812 
1746 585 582 818 500 
1747 942 1056 826 486 
1748 809 240 241 483 
1749 810 122 123 481 
1750 501 586 583 820 
1751 444 178 179 813 
1752 445 62 63 814 
1753 483 241 242 815 
1754 813 179 180 578 
1755 481 123 124 816 
1756 687 480 824 823 
1757 814 63 64 579 
1758 480 579 64 65 
1759 578 180 181 821 
1760 824 587 584 823 
1761 585 500 243 244 
1762 815 242 243 500 
1763 816 124 125 501 
1764 822 70 71 458 
1765 585 9 10 582 
1766 484 582 10 11 
1767 482 583 128 129 
1768 584 69 70 822 
1769 480 65 66 824 
1770 501 125 126 586 
1771 583 586 127 128 
1772 126 3 127 586 
1773 244 1 9 585 
1774 587 68 69 584 
1775 824 66 67 587 
1776 67 2 68 587 
1777 588 184 185 589 
1778 588 589 485 688 
1779 185 4 186 589 
1780 808 486 189 190 
1781 588 825 183 184 
1782 473 182 183 825 
1783 821 181 182 473 
1784 486 826 188 189 
1785 589 186 187 485 
1786 1056 688 485 826 
1787 187 188 826 485 
1788 1674 1372 1745 1753 
1789 1716 2172 2085 1931 
1790 2011 2189 2258 2132 
1791 1686 1993 1742 1391 
1792 1993 2178 2031 1742 
1793 1101 1391 1742 1515 
1794 1705 1770 2025 1864 
1795 1530 1880 2044 1721 
1796 1573 1412 1824 1728 
1797 1343 1476 1769 1527 
1798 1697 1982 2171 2017 
1799 1323 1672 1989 1702 
1800 1901 1322 1181 1584 
1801 590 402 970 650 
1802 1392 1570 1910 1724 
1803 659 1063 1490 1266 
1804 1713 2180 2019 1989 
1805 1129 1653 1824 1412 
1806 1133 1615 1745 1372 
1807 1911 1756 1869 2035 
1808 715 515 1181 978 
1809 904 1066 1477 1280 
1810 591 434 960 665 
1811 2221 2259 2116 2231 
1812 711 513 1163 966 
1813 1910 1750 2126 2046 
1814 721 516 1170 985 
1815 725 435 1184 982 
1816 713 401 1166 867 
1817 707 510 1159 965 
1818 723 490 1172 889 
1819 2134 2010 1785 1919 
1820 2046 2013 1724 1910 
1821 1528 2235 2126 1750 
1822 708 386 1161 862 
1823 2205 2204 2046 2126 
1824 708 332 331 386 
1825 709 385 368 367 
1826 1915 1690 1314 1656 
1827 2034 2028 1708 1901 
1828 2133 2007 1690 1915 
1829 1656 1314 862 1161 
1830 1965 1713 1385 1657 
1831 1902 1691 1316 1572 
1832 1270 1581 1715 1362 
1833 2090 1702 1989 2019 
1834 712 399 372 371 
1835 2031 1861 1515 1742 
1836 1160 864 512 710 
1837 2278 2191 2114 2240 
1838 1286 866 398 832 
1839 710 512 370 369 
1840 1672 1323 866 1286 
1841 2272 2274 2189 2252 
1842 713 328 327 401 
1843 1654 1320 977 1162 
1844 711 330 329 513 
1845 590 336 335 402 
1846 705 403 364 363 
1847 707 334 333 510 
1848 706 511 366 365 
1849 1916 1770 1320 1654 
1850 1273 948 502 827 
1851 1911 1652 1331 1756 
1852 2258 2203 2018 2132 
1853 1181 515 717 870 
1854 699 469 676 959 
1855 714 514 374 373 
1856 1165 876 514 714 
1857 985 880 414 721 
1858 1657 1385 948 1273 
1859 1179 871 511 706 
1860 1966 1707 1360 1658 
1861 704 337 336 590 
1862 1899 2100 1837 1998 
1863 715 326 325 515 
1864 716 487 376 375 
1865 717 324 323 488 
1866 1274 882 598 828 
1867 1169 872 413 718 
1868 719 322 321 414 
1869 718 413 378 377 
1870 1162 977 399 712 
1871 1168 488 719 975 
1872 1158 976 385 709 
1873 827 502 294 293 
1874 1167 979 487 716 
1875 2131 2037 1769 1911 
1876 1919 1785 1399 1571 
1877 1994 1707 1966 2043 
1878 1287 1063 603 834 
1879 1279 890 426 829 
1880 979 1331 1652 1169 
1881 591 339 338 434 
1882 1577 1327 1895 1706 
1883 1652 1476 872 1169 
1884 1585 1338 883 1182 
1885 1480 1270 650 970 
1886 1182 883 427 724 
1887 1917 1712 1338 1585 
1888 1579 1833 1980 1541 
1889 1967 1766 1481 1582 
1890 724 427 384 383 
1891 725 316 315 435 
1892 2137 2040 1712 1917 
1893 1178 894 441 701 
1894 1177 986 518 729 
1895 1582 1481 986 1177 
1896 703 509 362 361 
1897 722 489 382 381 
1898 723 318 317 490 
1899 2145 2093 2169 2237 
1900 1184 435 728 891 
1901 720 517 380 379 
1902 721 320 319 516 
1903 701 441 360 359 
1904 728 7 314 596 
1905 729 518 245 5 
1906 828 598 267 266 
1907 1412 891 1062 1129 
1908 1658 1360 882 1274 
1909 702 340 339 591 
1910 1976 1653 1548 1759 
1911 1288 1066 436 835 
1912 1916 1654 1400 1698 
1913 1842 1575 1176 1405 
1914 2166 2225 2175 2088 
1915 2274 2272 2285 2276 
1916 829 426 247 246 
1917 1965 2023 2180 1713 
1918 1405 1176 665 960 
1919 1486 1386 1661 1616 
1920 592 451 358 357 
1921 1764 1479 1111 1541 
1922 700 342 341 452 
1923 1904 1698 1400 1574 
1924 1406 981 1171 1346 
1925 2251 2225 2166 2269 
1926 1739 2004 1363 1664 
1927 1494 1389 903 1152 
1928 1915 1656 1399 1785 
1929 1965 2174 2234 2023 
1930 700 452 1152 903 
1931 832 398 296 295 
1932 699 592 357 356 
1933 985 1111 1479 880 
1934 2166 2226 2239 2269 
1935 698 344 343 463 
1936 954 1089 429 846 
1937 593 469 355 354 
1938 7 728 435 315 
1939 1289 1659 1856 1497 
1940 2281 2203 2258 2282 
1941 2171 1982 1708 2028 
1942 2144 2229 2145 2271 
1943 864 1400 1654 1162 
1944 1404 959 676 1269 
1945 698 463 1156 916 
1946 1754 1725 1547 1932 
1947 696 346 345 507 
1948 1355 1669 1837 1736 
1949 697 593 354 353 
1950 1966 2165 2170 2043 
1951 2228 2129 1864 2025 
1952 594 468 352 351 
1953 695 348 347 467 
1954 1362 1715 2092 1978 
1955 292 597 827 293 
1956 1515 1480 970 1101 
1957 1113 2003 1842 1405 
1958 1527 1888 2087 1847 
1959 1751 2045 2083 1868 
1960 1275 983 599 830 
1961 265 503 828 266 
1962 2116 2019 2180 2231 
1963 966 1399 1656 1161 
1964 595 594 351 350 
1965 726 8 349 472 
1966 1576 1575 1842 1743 
1967 596 1062 891 728 
1968 830 599 280 6 
1969 313 428 596 314 
1970 1477 1825 1826 1661 
1971 1846 1845 2004 1739 
1972 831 312 311 602 
1973 726 595 350 8 
1974 291 430 597 292 
1975 1276 1663 1548 1483 
1976 1062 596 428 656 
1977 677 1268 1508 1075 
1978 1483 1548 1653 1129 
1979 1662 1482 877 1267 
1980 975 880 1479 1164 
1981 879 1566 1346 1171 
1982 263 397 833 264 
1983 695 467 1180 962 
1984 1847 1855 1343 1527 
1985 954 659 1266 1112 
1986 1360 1673 1288 882 
1987 1582 1338 1712 1967 
1988 833 1067 1068 503 
1989 829 518 986 1279 
1990 316 725 490 317 
1991 1181 1322 1687 978 
1992 2136 2116 2259 2197 
1993 318 723 516 319 
1994 246 245 518 829 
1995 1669 1355 1112 1266 
1996 1663 1363 2004 1749 
1997 488 1168 870 717 
1998 320 721 414 321 
1999 1165 977 1320 1568 
2000 322 719 488 323 
2001 1964 1523 1337 1829 
2002 326 715 401 327 
2003 951 1276 1483 656 
2004 835 436 269 268 
2005 330 711 386 331 
2006 328 713 513 329 
2007 641 1064 1484 1267 
2008 324 717 515 325 
2009 1763 1905 1715 1581 
2010 1293 1655 1829 1337 
2011 2003 1362 1978 1999 
2012 1672 1385 1713 1989 
2013 332 708 510 333 
2014 1766 1549 1349 1481 
2015 1690 2007 2178 1993 
2016 964 1088 611 840 
2017 2084 1890 1523 1964 
2018 832 502 948 1286 
2019 334 707 402 335 
2020 1286 948 1385 1672 
2021 1314 1690 1993 1686 
2022 1501 1677 1726 1543 
2023 1066 1288 1673 1477 
2024 295 294 502 832 
2025 834 603 249 248 
2026 1294 1685 1853 1359 
2027 1707 1994 1673 1360 
2028 248 247 426 834 
2029 1157 873 1330 1398 
2030 1293 1482 1828 1655 
2031 835 598 882 1288 
2032 279 600 830 6 
2033 337 704 434 338 
2034 1667 1349 1549 1738 
2035 268 267 598 835 
2036 281 280 599 471 
2037 278 470 600 279 
2038 958 972 593 697 
2039 1477 1661 1386 1280 
2040 1860 2024 2176 2112 
2041 1273 827 597 1069 
2042 310 601 602 311 
2043 841 608 681 1087 
2044 1477 1673 1994 1825 
2045 1761 1948 1728 1824 
2046 1689 1268 1072 1511 
2047 1965 1657 1487 1831 
2048 1660 1695 1835 1325 
2049 1657 1273 1069 1487 
2050 340 702 452 341 
2051 1311 1112 1355 1488 
2052 1566 1741 1535 1346 
2053 890 1287 834 426 
2054 1403 1396 1740 1579 
2055 297 296 398 836 
2056 1176 1136 913 665 
2057 2175 1964 1829 2088 
2058 342 700 463 343 
2059 430 658 1069 597 
2060 467 696 1148 911 
2061 1070 602 601 654 
2062 1565 1330 873 1150 
2063 344 698 507 345 
2064 2275 2239 2283 2284 
2065 2007 2133 2261 2210 
2066 346 696 467 347 
2067 348 695 472 349 
2068 947 678 1088 1277 
2069 1480 1763 1581 1270 
2070 1158 1572 1316 976 
2071 1736 1540 1488 1355 
2072 309 433 601 310 
2073 836 605 298 297 
2074 837 262 261 607 
2075 250 249 603 504 
2076 2241 2210 2261 2279 
2077 1291 1387 1283 1065 
2078 1482 1662 1969 1828 
2079 289 609 838 290 
2080 961 685 600 470 
2081 983 684 471 599 
2082 1741 1893 1957 1535 
2083 866 1295 836 398 
2084 470 841 1087 961 
2085 863 1098 1282 1067 
2086 270 269 436 842 
2087 1770 1705 1568 1320 
2088 1829 1970 2166 2088 
2089 1828 1970 1829 1655 
2090 1067 833 397 863 
2091 282 281 471 840 
2092 1982 1567 1687 1708 
2093 1901 1708 1687 1322 
2094 605 836 1295 1064 
2095 1063 659 504 603 
2096 959 1404 1675 1144 
2097 1663 1276 1118 1363 
2098 830 600 685 1275 
2099 1994 1912 1826 1825 
2100 1741 2087 2102 1893 
2101 1064 1295 1684 1484 
2102 251 250 504 846 
2103 704 590 650 914 
2104 1965 1831 1972 2096 
2105 1903 1894 2106 1991 
2106 1347 1573 1728 1907 
2107 595 726 1173 915 
2108 726 472 1308 1173 
2109 2112 2176 2190 2260 
2110 1485 1068 1067 1282 
2111 840 611 283 282 
2112 841 277 276 608 
2113 1702 2090 1834 2005 
2114 2226 2197 2283 2239 
2115 1487 1069 658 1284 
2116 702 591 665 913 
2117 605 604 299 298 
2118 607 261 260 606 
2119 1071 1497 1388 1285 
2120 1662 1834 2090 1969 
2121 2197 2226 2091 2136 
2122 1830 1485 1282 1665 
2123 1267 1484 1834 1662 
2124 722 1171 981 489 
2125 720 1155 879 517 
2126 1970 2091 2226 2166 
2127 609 1075 953 838 
2128 2229 2058 1973 2145 
2129 2058 1830 1665 1973 
2130 953 1128 1284 658 
2131 1614 1615 1854 1383 
2132 1831 1487 1284 1666 
2133 1752 1972 1831 1666 
2134 1981 1739 1664 1551 
2135 609 289 288 627 
2136 1564 1857 1371 1583 
2137 842 613 271 270 
2138 699 910 669 592 
2139 1323 1684 1295 866 
2140 1064 641 604 605 
2141 1969 2091 1970 1828 
2142 1765 2042 1880 1530 
2143 846 429 252 251 
2144 845 308 307 610 
2145 2191 2278 2286 2272 
2146 1677 1849 1983 1726 
2147 469 593 972 676 
2148 1065 1283 1491 654 
2149 1670 1975 2103 1832 
2150 1481 1349 1279 986 
2151 1075 609 627 677 
2152 594 595 915 683 
2153 890 1279 1349 1667 
2154 1540 1841 1836 1688 
2155 428 313 312 831 
2156 1665 1282 1098 1325 
2157 604 425 300 299 
2158 606 260 259 412 
2159 1267 877 861 641 
2160 637 869 1289 839 
2161 1909 2039 2104 2183 
2162 1695 1860 2093 1835 
2163 1666 1284 1128 1371 
2164 1484 1684 2005 1834 
2165 839 606 412 637 
2166 641 861 425 604 
2167 610 307 306 424 
2168 429 625 253 252 
2169 1540 1736 1977 1758 
2170 2090 2136 2091 1969 
2171 611 626 284 283 
2172 608 276 275 474 
2173 2241 2279 2243 2244 
2174 2138 1880 2042 2095 
2175 1081 1147 1496 1296 
2176 1973 1665 1325 1835 
2177 2112 2169 2093 1860 
2178 705 1157 974 403 
2179 1089 844 625 429 
2180 2145 1973 1835 2093 
2181 610 424 649 843 
2182 1285 837 607 1071 
2183 1268 677 860 1072 
2184 606 839 1071 607 
2185 627 288 287 459 
2186 613 612 272 271 
2187 1088 678 626 611 
2188 1189 946 1302 1306 
2189 703 1150 873 509 
2190 608 474 858 681 
2191 859 1090 869 637 
2192 847 861 877 1091 
2193 956 1509 911 1281 
2194 1074 668 612 613 
2195 1540 1688 1370 1488 
2196 677 627 459 860 
2197 1702 2005 1684 1323 
2198 1170 1403 1111 985 
2199 1497 1071 839 1289 
2200 1166 1567 1318 867 
2201 918 1307 1271 674 
2202 1272 886 652 844 
2203 425 623 301 300 
2204 412 259 258 624 
2205 649 957 1297 843 
2206 2265 2169 2112 2206 
2207 2268 2206 2112 2260 
2208 637 412 624 859 
2209 861 847 623 425 
2210 1757 2006 1840 1738 
2211 1670 1839 2097 1975 
2212 1482 1293 1091 877 
2213 424 306 305 622 
2214 625 508 254 253 
2215 1090 1292 1492 869 
2216 2246 2247 2284 2283 
2217 1276 951 1070 1118 
2218 844 652 508 625 
2219 424 622 854 649 
2220 1269 676 972 1495 
2221 1280 1386 1510 1134 
2222 602 1070 951 831 
2223 1492 1832 2000 1659 
2224 2229 2236 2165 2058 
2225 1278 681 858 990 
2226 1913 1844 1720 1990 
2227 1160 1574 1400 864 
2228 1063 1287 1344 1490 
2229 1091 1073 647 847 
2230 1090 859 848 973 
2231 1072 860 672 905 
2232 1103 1324 1670 1292 
2233 1659 1289 869 1492 
2234 1840 1532 1490 1344 
2235 1667 1344 1287 890 
2236 957 649 854 1085 
2237 886 1086 855 652 
2238 1066 904 842 436 
2239 1964 2175 2127 2084 
2240 879 1155 1343 1855 
2241 1847 1566 879 1855 
2242 1292 1090 973 1103 
2243 1293 1109 1073 1091 
2244 613 842 904 1074 
2245 626 475 285 284 
2246 474 275 274 621 
2247 1283 1551 1664 1491 
2248 1892 2185 2095 2042 
2249 1507 1294 1086 886 
2250 1975 2167 2107 2103 
2251 1839 1988 2177 2097 
2252 957 1085 1303 1146 
2253 623 505 302 301 
2254 624 258 257 506 
2255 678 857 475 626 
2256 847 647 505 623 
2257 859 624 506 848 
2258 474 621 850 858 
2259 978 1687 1567 1166 
2260 1184 1573 1347 982 
2261 459 287 286 620 
2262 612 462 273 272 
2263 1072 905 1309 1154 
2264 622 305 304 614 
2265 508 619 255 254 
2266 2024 2107 2167 2176 
2267 2024 1900 2000 2107 
2268 1868 2083 2181 2130 
2269 652 855 619 508 
2270 622 614 849 854 
2271 860 459 620 672 
2272 668 856 462 612 
2273 1172 1578 1396 889 
2274 507 698 916 1310 
2275 1266 1490 1532 1669 
2276 1387 1543 1985 1838 
2277 1293 1337 1506 1109 
2278 958 1299 1495 972 
2279 1086 1294 1359 1117 
2280 1551 1838 1985 1981 
2281 2165 2236 2057 2170 
2282 1832 1492 1292 1670 
2283 1808 1544 1977 2100 
2284 2100 1977 1736 1837 
2285 1073 881 853 647 
2286 973 848 642 1084 
2287 2227 2190 2176 2167 
2288 1998 1837 1669 1532 
2289 1085 854 849 884 
2290 1103 1505 1522 1324 
2291 1086 967 692 855 
2292 678 947 1082 857 
2293 1670 1324 1522 1839 
2294 1103 973 1084 1304 
2295 1711 1522 1505 1680 
2296 1109 1305 881 1073 
2297 1337 1523 1681 1506 
2298 2162 2177 1988 2101 
2299 1167 1577 1331 979 
2300 2211 2248 2208 2115 
2301 472 695 962 1308 
2302 668 901 1081 856 
2303 1085 884 1110 1303 
2304 1086 1117 1301 967 
2305 858 1083 1307 990 
2306 1280 1134 1074 904 
2307 620 851 1080 672 
2308 1884 2029 2183 2129 
2309 2279 2287 2280 2243 
2310 505 617 303 302 
2311 506 257 256 618 
2312 647 853 617 505 
2313 848 506 618 642 
2314 1146 1303 1502 1393 
2315 1103 1304 1498 1505 
2316 1109 1506 1395 1305 
2317 417 617 853 691 
2318 1165 1568 1327 876 
2319 1688 1836 1827 1569 
2320 1302 1082 947 1306 
2321 619 418 256 255 
2322 304 417 849 614 
2323 855 692 418 619 
2324 1084 1298 1498 1304 
2325 881 1305 1395 1149 
2326 304 303 617 417 
2327 852 618 256 418 
2328 672 1080 1309 905 
2329 1478 1147 1081 901 
2330 1711 1988 1839 1522 
2331 417 691 1076 849 
2332 418 692 1077 852 
2333 1145 1309 1080 1174 
2334 1344 1667 1738 1840 
2335 1869 2094 2184 2035 
2336 881 1078 691 853 
2337 618 852 878 642 
2338 1117 1359 1547 1503 
2339 1393 1502 1682 1546 
2340 1300 1076 691 1078 
2341 1151 878 852 1077 
2342 1941 2083 2045 2186 
2343 1505 1498 1678 1680 
2344 1506 1681 1679 1395 
2345 286 616 851 620 
2346 856 680 615 462 
2347 2162 2101 1885 2098 
2348 1076 1300 1345 1110 
2349 1077 1301 1500 1151 
2350 642 878 1298 1084 
2351 475 616 286 285 
2352 849 1076 1110 884 
2353 692 967 1301 1077 
2354 462 615 274 273 
2355 274 615 850 621 
2356 857 675 616 475 
2357 616 675 912 851 
2358 1303 1110 1345 1502 
2359 615 680 949 850 
2360 1117 1503 1500 1301 
2361 881 1149 1300 1078 
2362 1294 1507 1569 1685 
2363 856 1081 949 680 
2364 857 1082 912 675 
2365 1393 1676 1499 1146 
2366 858 850 949 1083 
2367 1752 1814 2096 1972 
2368 1965 2096 2033 2174 
2369 851 912 1174 1080 
2370 878 1151 1340 1298 
2371 1345 1300 1149 1504 
2372 1503 1547 1725 1683 
2373 1682 1844 1991 1546 
2374 843 1297 1501 1079 
2375 1146 1499 1297 957 
2376 1151 1500 1534 1340 
2377 1523 1890 1852 1681 
2378 963 961 1087 1312 
2379 1499 1677 1501 1297 
2380 845 1079 1501 1291 
2381 1174 912 1082 1302 
2382 668 1074 1134 901 
2383 1988 1711 1885 2101 
2384 1683 1850 1746 1534 
2385 1533 1720 1844 1682 
2386 1891 1850 1683 1725 
2387 1533 1682 1502 1345 
2388 1534 1500 1503 1683 
2389 1532 1840 2006 1998 
2390 1676 1393 1546 1843 
2391 1870 2062 1913 1990 
2392 1680 1851 1885 1711 
2393 2106 1843 1546 1991 
2394 1298 1340 1678 1498 
2395 1149 1395 1679 1504 
2396 2098 1885 1851 1997 
2397 1345 1504 1679 1533 
2398 2099 1995 1852 1890 
2399 844 1089 1311 1272 
2400 2001 1747 1836 1841 
2401 1340 1534 1746 1678 
2402 1720 1533 1679 1848 
2403 1389 1494 1668 1390 
2404 1680 1678 1746 1851 
2405 1681 1852 1848 1679 
2406 900 1668 1489 1374 
2407 1990 1720 1848 1870 
2408 1891 1996 1746 1850 
2409 843 1079 845 610 
2410 1983 1849 1676 1992 
2411 2211 2178 2007 2210 
2412 1902 2179 2252 2122 
2413 916 1156 1671 1493 
2414 1754 1932 2002 1744 
2415 1676 1849 1677 1499 
2416 1996 1997 1851 1746 
2417 1870 1848 1852 1995 
2418 1478 901 1134 1510 
2419 949 1271 1307 1083 
2420 1375 1616 1661 1826 
2421 2231 2180 2023 2233 
2422 1908 1565 1674 1753 
2423 1688 1569 1507 1370 
2424 696 507 1310 1148 
2425 2164 2123 2208 2232 
2426 2287 2188 2250 2280 
2427 1932 1853 1827 2002 
2428 1438 1281 911 1148 
2429 886 1272 1370 1507 
2430 2107 2000 1832 2103 
2431 1569 1827 1853 1685 
2432 1356 1979 1753 1745 
2433 964 1313 1277 1088 
2434 681 1278 1312 1087 
2435 1488 1370 1272 1311 
2436 2128 2214 2202 2230 
2437 1112 1311 1089 954 
2438 1897 1846 1739 1981 
2439 1072 1154 1397 1511 
2440 1845 2105 1749 2004 
2441 1900 1856 1659 2000 
2442 2257 2216 2281 2282 
2443 950 1215 1277 1313 
2444 963 1312 1278 690 
2445 1384 1689 1511 1397 
2446 1743 1999 1978 1886 
2447 2255 2276 2285 2277 
2448 2144 2057 2236 2229 
2449 2248 2266 2232 2208 
2450 2279 2261 2188 2287 
2451 2221 2231 2233 2124 
2452 1757 1899 1998 2006 
2453 1676 1843 2106 1992 
2454 693 993 964 684 
2455 1327 1568 1705 1895 
2456 1375 1826 1912 1593 
2457 1813 1593 1912 1881 
2458 1864 2104 1895 1705 
2459 1905 2038 2092 1715 
2460 1898 2059 1726 1983 
2461 1543 1726 2059 1985 
2462 1753 1979 1727 1908 
2463 1921 2089 1908 1727 
2464 1606 1809 1896 1968 
2465 1531 1986 1896 1809 
2466 1940 2033 2096 1814 
2467 2047 1881 2043 2170 
2468 1887 1886 1978 2092 
2469 1881 1912 1994 2043 
2470 2163 2168 2092 2038 
2471 2032 2124 2234 2139 
2472 2130 2205 2126 2235 
2473 2270 2200 2190 2227 
2474 2109 2246 2259 2221 
2475 2254 2273 2240 2245 
2476 2244 2253 2249 2241 
2477 2241 2249 2266 2248 
2478 2238 2277 2285 2273 
2479 2272 2286 2273 2285 
2 2 3 1675
2480 3185 3214 3369 3319 
2481 3350 3396 3380 3355 
2482 2570 2600 2707 2655 
2483 3432 3552 3528 3488 
2484 2430 2522 2662 2503 
2485 2522 2592 2677 2662 
2486 2903 2851 2752 2924 
2487 3862 3861 3887 3876 
2488 2739 2725 2770 2823 
2489 3104 3220 3292 3173 
2490 3593 3615 3651 3605 
2491 3587 3609 3591 3545 
2492 3283 3370 3322 3262 
2493 2833 2910 2966 2894 
2494 2987 2988 3059 3050 
2495 3023 3205 3117 3059 
2496 3029 3092 3202 3149 
2497 3046 3148 2899 2992 
2498 3565 3607 3658 3618 
2499 3886 3857 3866 3880 
2500 2823 2770 2850 2936 
2501 3378 3436 3414 3372 
2502 2399 2523 2504 2585 
2503 2747 2698 2595 2601 
2504 3487 3477 3562 3574 
2505 3161 3223 3197 3151 
2506 3727 3657 3746 3690 
2507 3780 3820 3787 3759 
2508 3737 3778 3761 3793 
2509 3843 3861 3862 3850 
2510 3214 3286 3416 3369 
2511 3122 3058 2968 3111 
2512 2968 3058 2926 2954 
2513 2779 2702 2822 2912 
2514 3352 3319 3369 3493 
2515 3238 3398 3466 3347 
2516 2898 2855 2773 2907 
2517 2888 3029 3149 3087 
2518 3169 3243 3111 3153 
2519 3373 3345 3400 3393 
2520 2964 2990 2912 2822 
2521 2768 2707 2739 2832 
2522 3014 2987 3050 3270 
2523 3465 3475 3522 3513 
2524 3651 3615 3619 3661 
2525 3561 3634 3661 3595 
2526 3651 3661 3634 3711 
2527 3472 3494 3407 3454 
2528 3013 3047 3204 3128 
2529 3522 3475 3528 3575 
2530 3056 3121 2976 2994 
2531 3443 3432 3335 3402 
2532 3861 3882 3883 3887 
2533 3168 3131 3163 3218 
2534 3846 3826 3850 3862 
2535 3570 3655 3706 3614 
2536 3685 3647 3682 3717 
2537 3494 3447 3348 3407 
2538 3493 3530 3334 3352 
2539 3162 3246 3262 3204 
2540 2992 2894 2966 3046 
2541 3185 3244 3117 3205 
2542 2833 2780 2814 2857 
2543 3461 3326 3395 3476 
2544 3580 3639 3508 3569 
2545 3650 3712 3628 3568 
2546 3851 3863 3830 3832 
2547 3638 3584 3623 3660 
2548 3322 3370 3402 3288 
2549 3376 3346 3404 3424 
2550 3749 3848 3856 3780 
2551 3122 3111 3243 3159 
2552 3524 3430 3500 3554 
2553 2856 2913 2894 2992 
2554 3758 3717 3750 3786 
2555 3690 3755 3790 3727 
2556 2700 2812 2827 2748 
2557 3867 3873 3890 3877 
2558 2618 2680 2812 2700 
2559 2771 2677 2831 2947 
2560 3552 3614 3575 3528 
2561 3175 3159 3288 3215 
2562 3288 3159 3243 3322 
2563 3762 3779 3748 3726 
2564 3215 3350 3242 3175 
2565 3244 3352 3334 3295 
2566 2701 2803 2677 2592 
2567 3240 3224 3165 3181 
2568 2875 2913 2763 2805 
2569 2336 2499 2312 2423 
2570 3815 3829 3865 3852 
2571 3717 3682 3728 3750 
2572 2827 2916 2936 2850 
2573 3481 3450 3473 3520 
2574 3737 3685 3717 3758 
2575 3743 3702 3772 3801 
2576 3778 3737 3758 3796 
2577 3848 3749 3715 3782 
2578 3184 3129 3234 3321 
2579 3716 3762 3726 3695 
2580 3504 3464 3377 3480 
2581 2312 2499 2680 2618 
2582 3559 3601 3572 3533 
2583 3535 3469 3514 3557 
2584 3679 3723 3707 3678 
2585 3220 3327 3405 3292 
2586 3466 3513 3553 3451 
2587 3046 2966 3034 3110 
2588 3658 3645 3603 3618 
2589 3566 3633 3541 3497 
2590 3884 3882 3890 3891 
2591 3692 3668 3694 3732 
2592 3412 3360 3277 3325 
2593 3764 3795 3805 3781 
2594 3863 3851 3860 3875 
2595 3294 3355 3380 3328 
2596 2340 2529 2631 2445 
2597 2852 2793 2925 2908 
2598 3295 3334 3278 3219 
2599 3530 3395 3278 3334 
2600 3520 3554 3500 3481 
2601 3702 3743 3672 3627 
2602 3627 3582 3669 3702 
2603 3286 3333 3440 3416 
2604 3206 3126 3061 3124 
2605 2910 2996 3034 2966 
2606 3697 3514 3495 3572 
2607 2328 309 310 2450 
2608 2430 2334 2297 2522 
2609 3678 3707 3633 3566 
2610 2416 2602 2661 2543 
2611 2585 2504 2528 2616 
2612 3259 3218 3294 3279 
2613 3638 3675 3590 3532 
2614 3821 3782 3715 3760 
2615 2887 2768 2832 2955 
2616 3705 3742 3674 3613 
2617 3796 3758 3786 3816 
2618 2678 2655 2707 2768 
2619 3022 3076 2932 2952 
2620 3497 3415 3460 3542 
2621 2484 2510 2451 2329 
2622 2498 2405 2505 2599 
2623 3062 3167 3186 3048 
2624 3688 3716 3695 3646 
2625 2599 2505 2618 2700 
2626 3842 3845 3824 3822 
2627 3106 3064 3040 3127 
2628 3691 3620 3657 3727 
2629 2595 2698 2782 2611 
2630 3209 3181 3132 3152 
2631 3124 3061 3001 3042 
2632 3325 3374 3426 3412 
2633 3555 3489 3374 3337 
2634 3853 3859 3874 3865 
2635 2677 2771 2593 2662 
2636 3675 3708 3629 3590 
2637 3586 3476 3395 3530 
2638 3441 3533 3572 3495 
2639 3645 3718 3753 3683 
2640 3436 3496 3341 3414 
2641 2701 2506 2413 2596 
2642 3350 3215 3335 3396 
2643 3488 3396 3335 3432 
2644 2488 2612 2510 2484 
2645 3273 3225 3164 3265 
2646 3532 3590 3482 3510 
2647 3658 3684 3718 3645 
2648 2907 3063 2975 2898 
2649 3031 3115 3067 2993 
2650 3074 3180 3226 3179 
2651 3283 3326 3461 3422 
2652 3709 3773 3708 3675 
2653 2662 2593 2412 2503 
2654 3279 3394 3465 3398 
2655 3714 3748 3822 3795 
2656 2613 2511 2627 2683 
2657 261 262 2342 2454 
2658 3574 3602 3652 3624 
2659 3105 3176 3320 3268 
2660 3722 3772 3702 3669 
2661 3815 3798 3812 3829 
2662 3029 2936 2965 3092 
2663 2901 2917 2842 2874 
2664 3712 3724 3688 3677 
2665 3198 3143 3228 3309 
2666 3064 2970 3024 3040 
2667 2491 2483 2511 2613 
2668 2570 2520 2568 2600 
2669 2900 2921 2999 2977 
2670 289 290 2312 2444 
2671 2529 2403 2500 2586 
2672 3590 3629 3546 3482 
2673 3831 3866 3837 3809 
2674 2508 2428 2339 2532 
2675 2695 2585 2670 2805 
2676 3437 3512 3418 3330 
2677 3077 2975 3143 3198 
2678 3156 3211 3259 3238 
2679 2868 2889 2821 2816 
2680 2869 2815 2824 2892 
2681 2888 3087 3205 3023 
2682 3382 3367 3411 3434 
2683 3105 2971 3148 3176 
2684 2843 2905 2847 2746 
2685 2827 2850 2668 2748 
2686 2756 2580 2719 2777 
2687 3714 3680 3726 3748 
2688 3613 3674 3588 3523 
2689 3759 3721 3749 3780 
2690 3057 3035 3163 3131 
2691 3219 3278 3246 3162 
2692 3844 3859 3853 3828 
2693 3467 3390 3450 3481 
2694 2405 2341 2444 2505 
2695 3578 3543 3596 3626 
2696 2673 2755 2954 2884 
2697 3211 3156 3099 3130 
2698 3820 3780 3856 3823 
2699 2654 2498 2599 2668 
2700 2986 3048 3136 2985 
2701 3057 3043 3021 2972 
2702 2892 2824 2922 3001 
2703 2850 2770 2654 2668 
2704 3181 3165 3109 3132 
2705 3043 3057 3131 3130 
2706 2768 2887 2762 2678 
2707 3448 3376 3424 3499 
2708 2832 2739 2823 2888 
2709 2936 3029 2888 2823 
2710 3668 3670 3696 3694 
2711 2594 2767 2694 2660 
2712 2334 279 6 2297 
2713 2977 2999 3065 3039 
2714 2816 2821 2742 2665 
2715 2815 2666 2743 2824 
2716 2310 2627 2511 2450 
2717 2747 2601 2661 2682 
2718 3494 3472 3581 3517 
2719 3112 3194 3068 2979 
2720 2483 2328 2450 2511 
2721 3499 3424 3469 3535 
2722 3178 3212 2973 3138 
2723 3820 3832 3819 3787 
2724 2580 2699 2653 2560 
2725 3391 3329 3428 3507 
2726 3270 3203 3118 3054 
2727 2906 2878 2820 3006 
2728 2665 2742 2696 2577 
2729 3533 3441 3393 3471 
2730 2666 2576 2697 2743 
2731 3561 3520 3473 3538 
2732 3400 3425 3471 3393 
2733 3435 3389 3464 3504 
2734 3057 2997 2891 3035 
2735 3132 3094 2981 3152 
2736 3268 3163 3035 3105 
2737 3527 3470 3515 3558 
2738 3038 3026 2970 3064 
2739 3858 3846 3862 3876 
2740 3775 3653 3604 3557 
2741 3557 3604 3577 3535 
2742 3523 3588 3509 3427 
2743 2504 2424 2320 2528 
2744 3295 3171 3117 3244 
2745 2799 2957 2687 2851 
2746 3762 3716 3752 3792 
2747 3721 3681 3715 3749 
2748 2762 2596 2501 2678 
2749 3694 3734 3766 3732 
2750 3336 3297 3346 3376 
2751 3164 3206 3291 3265 
2752 2995 2914 3066 3032 
2753 2947 3014 2905 2843 
2754 2577 2696 2612 2488 
2755 3524 3554 3595 3563 
2756 3424 3404 3444 3469 
2757 2921 2900 2836 2860 
2758 2785 2784 2860 2836 
2759 3250 3312 3193 3116 
2760 2947 2843 2679 2771 
2761 278 2430 2313 277 
2762 3558 3616 3576 3527 
2763 3514 3697 3775 3557 
2764 3479 3435 3504 3529 
2765 2576 2491 2613 2697 
2766 3185 3149 3202 3214 
2767 2583 2649 2669 2795 
2768 3539 3564 3606 3538 
2769 3393 3441 3379 3373 
2770 3445 3397 3435 3479 
2771 2771 2679 2502 2593 
2772 3640 3608 3682 3647 
2773 2596 2762 2803 2701 
2774 3579 3501 3491 3526 
2775 3646 3636 3677 3688 
2776 3161 3289 3356 3223 
2777 3266 3156 3274 3252 
2778 3525 3594 3505 3457 
2779 3483 3532 3510 3598 
2780 3469 3444 3495 3514 
2781 2600 2654 2770 2725 
2782 3695 3726 3680 3663 
2783 3530 3524 3641 3586 
2784 2872 2791 2946 3007 
2785 3281 3245 3304 3351 
2786 3150 3033 3160 3260 
2787 3662 3693 3764 3728 
2788 3718 3684 3761 3778 
2789 2901 2985 3090 2917 
2790 3206 3221 3349 3291 
2791 2743 2697 2781 2863 
2792 2757 2737 2684 2811 
2793 2489 2684 2737 2602 
2794 3443 3474 3552 3432 
2795 3294 3218 3163 3268 
2796 3618 3603 3560 3597 
2797 3316 3230 3338 3417 
2798 3883 3888 3876 3887 
2799 2859 2578 2730 2775 
2800 3649 3696 3670 3621 
2801 3429 3511 3409 3332 
2802 3507 3428 3521 3589 
2803 2312 2618 2505 2444 
2804 3608 3662 3728 3682 
2805 3156 3238 3347 3274 
2806 3439 3512 3591 3540 
2807 3052 3146 3264 3182 
2808 3846 3842 3779 3804 
2809 3026 2949 2950 2970 
2810 3502 3525 3457 3384 
2811 2530 2431 2314 2506 
2812 3612 3673 3589 3521 
2813 3730 3658 3607 3706 
2814 3274 3345 3306 3252 
2815 3752 3716 3688 3724 
2816 3570 3492 3519 3593 
2817 3660 3623 3609 3701 
2818 3816 3786 3833 3840 
2819 3461 3476 3573 3519 
2820 2824 2743 2863 2922 
2821 3237 3360 3390 3313 
2822 2433 2509 2608 2621 
2823 3491 3446 3470 3527 
2824 3663 3680 3643 3600 
2825 2992 2899 2761 2856 
2826 3538 3606 3634 3561 
2827 2510 2630 2303 2451 
2828 3206 3164 3037 3126 
2829 3099 3083 3043 3130 
2830 2507 2533 2338 2429 
2831 2582 2776 2811 2684 
2832 3037 2969 3061 3126 
2833 2969 2892 3001 3061 
2834 3454 3455 3548 3472 
2835 2833 2857 2926 2910 
2836 3058 2996 2910 2926 
2837 2681 2777 2719 2643 
2838 3203 3219 3162 3118 
2839 3831 3854 3880 3866 
2840 3553 3565 3618 3597 
2841 3678 3642 3666 3679 
2842 3846 3858 3845 3842 
2843 3116 3193 3071 3032 
2844 2891 2997 2753 2871 
2845 2581 2708 2761 2787 
2846 3601 3559 3617 3644 
2847 3032 3071 2890 2995 
2848 3138 3199 3305 3232 
2849 3403 3273 3324 3381 
2850 3291 3324 3273 3265 
2851 3403 3381 3470 3446 
2852 2772 2830 2927 2741 
2853 2879 2941 2796 2759 
2854 3571 3659 3705 3613 
2855 2631 2704 2616 2528 
2856 2738 2705 2507 2630 
2857 2997 3057 2972 2902 
2858 3071 3135 3005 2890 
2859 3626 3663 3600 3578 
2860 3396 3488 3433 3380 
2861 3616 3662 3608 3576 
2862 3457 3505 3410 3364 
2863 3287 3363 3269 3154 
2864 3015 3072 2938 2828 
2865 3026 2989 2923 2949 
2866 2836 2919 2672 2785 
2867 2890 3005 2865 2740 
2868 3609 3623 3540 3591 
2869 2976 3069 2940 2825 
2870 3872 3848 3782 3827 
2871 2557 2691 2588 2495 
2872 3035 2891 2971 3105 
2873 3046 3110 3176 3148 
2874 3193 3256 3135 3071 
2875 3381 3498 3515 3470 
2876 2858 2760 2825 2940 
2877 3142 3078 3177 3263 
2878 2758 2835 2863 2781 
2879 2412 2313 2430 2503 
2880 3545 3531 3544 3587 
2881 2740 2865 2712 2635 
2882 2975 3077 2830 2898 
2883 3312 3357 3256 3193 
2884 3060 3027 2969 3037 
2885 3346 3276 3323 3404 
2886 3282 3296 3419 3337 
2887 2909 2896 3049 2962 
2888 3349 3375 3324 3291 
2889 3028 2999 2921 2956 
2890 2860 2885 2956 2921 
2891 2532 2598 2715 2508 
2892 2999 3028 3094 3065 
2893 2939 3019 2877 2801 
2894 2598 2532 2425 2617 
2895 3733 3654 3681 3721 
2896 3230 3290 3368 3338 
2897 2888 3023 2955 2832 
2898 2533 2507 2705 2619 
2899 3441 3495 3444 3379 
2900 3000 2981 2889 2868 
2901 3027 2869 2892 2969 
2902 3059 3117 3171 3050 
2903 3527 3576 3526 3491 
2904 3640 3526 3576 3608 
2905 2844 3045 3018 2854 
2906 2700 2748 2668 2599 
2907 2742 2885 2818 2696 
2908 3601 3654 3697 3572 
2909 3767 3733 3721 3759 
2910 2425 2337 2289 2392 
2911 2760 2858 2703 2706 
2912 2620 2531 2706 2703 
2913 3375 3498 3381 3324 
2914 3775 3697 3654 3733 
2915 3243 3169 3262 3322 
2916 2885 2860 2784 2818 
2917 3337 3374 3325 3282 
2918 3336 3458 3351 3413 
2919 3779 3762 3792 3804 
2920 2506 2701 2592 2530 
2921 3120 3186 3303 3258 
2922 3230 3316 3200 3097 
2923 3637 3567 3621 3670 
2924 3526 3640 3611 3579 
2925 2335 2401 2522 2297 
2926 3658 3730 3761 3684 
2927 3813 3814 3854 3831 
2928 3408 3463 3550 3503 
2929 3052 3015 3030 3146 
2930 2683 2781 2697 2613 
2931 2698 2874 2842 2782 
2932 3824 3845 3864 3849 
2933 3165 3216 3158 3109 
2934 3453 3431 3419 3399 
2935 3271 3358 3275 3250 
2936 3479 3529 3636 3596 
2937 281 282 2314 2431 
2938 3645 3683 3664 3603 
2939 3104 3173 3082 2998 
2940 3644 3681 3654 3601 
2941 2784 2785 2619 2705 
2942 2541 2556 2597 2718 
2943 2587 2619 2785 2672 
2944 3097 3200 3093 2974 
2945 3655 3605 3651 3713 
2946 3555 3337 3419 3431 
2947 2970 2950 2903 3024 
2948 2304 2454 2540 2509 
2949 3434 3411 3339 3449 
2950 2828 2764 2806 2928 
2951 3367 3382 3459 3366 
2952 3503 3550 3534 3585 
2953 3364 3410 3311 3217 
2954 3744 3705 3659 3745 
2955 3124 3042 3108 3157 
2956 2492 2621 2686 2708 
2957 3378 3487 3544 3436 
2958 3092 3120 3258 3202 
2959 3680 3714 3693 3643 
2960 2859 2775 2915 3017 
2961 3700 3664 3683 3729 
2962 3235 3114 3201 3269 
2963 2924 2982 3024 2903 
2964 2759 2724 2703 2858 
2965 2303 2429 247 248 
2966 2694 2861 2915 2775 
2967 2635 2712 2539 2548 
2968 3142 3045 2844 2984 
2969 3207 3308 3271 3172 
2970 3119 3036 2904 2991 
2971 3109 3065 3094 3132 
2972 2922 2904 3036 2980 
2973 3272 3235 3269 3363 
2974 3840 3833 3855 3827 
2975 3172 3271 3250 3116 
2976 2513 2535 2606 2685 
2977 3384 3457 3364 3281 
2978 3751 3803 3825 3810 
2979 3843 3835 3825 3867 
2980 2298 2648 2565 2465 
2981 2637 2714 2493 2545 
2982 2597 2699 2873 2791 
2983 2799 2862 2751 2721 
2984 3754 3790 3837 3808 
2985 3662 3616 3643 3693 
2986 3543 3578 3515 3498 
2987 2960 3075 2937 2663 
2988 2993 2962 3141 3031 
2989 2853 2995 2890 2740 
2990 2922 2980 3042 3001 
2991 3776 3704 3685 3737 
2992 2308 2653 2556 2459 
2993 2959 3041 2934 2819 
2994 3098 3195 3075 2960 
2995 3755 3789 3839 3809 
2996 2935 2873 2756 2837 
2997 3217 3311 3195 3098 
2998 3468 3423 3391 3507 
2999 2918 2788 2671 2834 
3000 3015 2828 2928 3030 
3001 3303 3186 3167 3236 
3002 3159 3175 3034 3122 
3003 3377 3456 3549 3480 
3004 3835 3791 3810 3825 
3005 2606 2647 2486 2794 
3006 2870 2899 3148 2971 
3007 2893 3016 2845 2744 
3008 2397 2549 2728 2638 
3009 3238 3259 3279 3398 
3010 2893 2908 3073 2967 
3011 2649 2559 2518 2717 
3012 3488 3528 3475 3433 
3013 3397 3331 3389 3435 
3014 2650 2558 2515 2716 
3015 3556 3666 3642 3632 
3016 2726 2639 2583 2795 
3017 3786 3750 3781 3833 
3018 2307 2646 2548 2449 
3019 2374 2557 2495 2469 
3020 2934 3004 2864 2792 
3021 3409 3463 3361 3314 
3022 2724 2634 2393 2546 
3023 2789 2867 3008 2933 
3024 2490 2446 2397 2638 
3025 2330 2542 2408 2372 
3026 2830 3077 3009 2927 
3027 3606 3564 3710 3648 
3028 3239 3223 3356 3280 
3029 3048 3186 3120 3136 
3030 3041 3080 3004 2934 
3031 2361 2605 2545 2436 
3032 2327 2360 2461 2514 
3033 3861 3843 3867 3877 
3034 2326 2541 2404 2358 
3035 2617 2671 2788 2598 
3036 2758 2715 2598 2788 
3037 3103 3085 2967 3140 
3038 2486 2438 2393 2634 
3039 2394 2709 2551 2552 
3040 2359 2553 2472 2370 
3041 2486 2663 2937 2794 
3042 2709 2394 2441 2624 
3043 3036 3108 3042 2980 
3044 2296 2519 2418 2355 
3045 2325 2354 2455 2517 
3046 2664 2792 2624 2487 
3047 315 2432 2289 7 
3048 2356 2550 2398 2367 
3049 3187 3315 3362 3261 
3050 2301 2366 2406 2518 
3051 3333 3303 3236 3406 
3052 2792 2864 2709 2624 
3053 3018 3045 3086 2930 
3054 3249 3308 3207 3115 
3055 2324 2539 2417 2352 
3056 2316 2350 2447 2515 
3057 2353 2547 2411 2364 
3058 2323 2344 2438 2538 
3059 2290 2537 2441 2345 
3060 2578 2720 2550 2418 
3061 2675 2839 2882 2776 
3062 2546 2434 2288 2620 
3063 2584 2729 2547 2417 
3064 2549 2443 2293 2625 
3065 2630 2507 2429 2303 
3066 2805 2763 2608 2695 
3067 2301 365 366 2366 
3068 3365 3301 3180 3254 
3069 2350 369 370 2351 
3070 2316 368 369 2350 
3071 3304 3245 3133 3188 
3072 3541 3485 3385 3442 
3073 2307 2449 332 333 
3074 2324 2352 330 331 
3075 2352 2353 329 330 
3076 3438 3386 3287 3354 
3077 3188 3133 3002 3069 
3078 2353 2364 328 329 
3079 2779 2485 2622 2702 
3080 3537 3486 3386 3438 
3081 2351 370 371 2365 
3082 334 335 2367 2452 
3083 2903 2950 2751 2862 
3084 2908 2893 2744 2852 
3085 2822 2932 3076 2964 
3086 2362 2439 322 323 
3087 3254 3180 3074 3139 
3088 3442 3385 3289 3343 
3089 2364 2442 327 328 
3090 2346 2362 323 324 
3091 2305 2361 320 321 
3092 3183 3247 3353 3300 
3093 366 367 2448 2366 
3094 2531 2620 2288 2427 
3095 2361 2436 319 320 
3096 2932 2822 2702 2745 
3097 376 2363 2348 375 
3098 378 379 2437 2306 
3099 3327 3401 3506 3427 
3100 3220 3298 3401 3327 
3101 3747 3791 3835 3806 
3102 2619 2587 2409 2533 
3103 324 325 2345 2346 
3104 2315 2435 317 318 
3105 331 332 2449 2324 
3106 2323 380 381 2344 
3107 333 334 2452 2307 
3108 268 2424 2294 267 
3109 376 377 2440 2363 
3110 3272 3363 3460 3415 
3111 375 2348 2347 374 
3112 2344 381 382 2357 
3113 2437 2535 2513 2306 
3114 326 327 2442 2290 
3115 2363 2440 2633 2494 
3116 3354 3287 3154 3251 
3117 3280 3356 3456 3377 
3118 382 383 2434 2357 
3119 3391 3302 3227 3329 
3120 2852 2744 2637 2693 
3121 363 2368 2354 362 
3122 3053 3134 3247 3183 
3123 3021 3000 2868 2948 
3124 2982 2924 2869 3027 
3125 3850 3806 3835 3843 
3126 3759 3787 3720 3767 
3127 3104 3189 3298 3220 
3128 3004 2925 2793 2864 
3129 2343 2435 2632 2544 
3130 2343 2432 315 316 
3131 2997 2902 2881 2753 
3132 321 322 2439 2305 
3133 325 326 2290 2345 
3134 318 319 2436 2315 
3135 3190 3140 2967 3073 
3136 2995 2853 2774 2914 
3137 2321 2427 5 245 
3138 3679 3735 3791 3747 
3139 2337 2425 2532 2339 
3140 3343 3289 3161 3248 
3141 3225 3273 3403 3342 
3142 316 317 2435 2343 
3143 3720 3787 3819 3769 
3144 2321 2338 2533 2409 
3145 374 2347 2293 373 
3146 2436 2545 2493 2315 
3147 2626 2494 2676 2801 
3148 2864 2793 2636 2709 
3149 371 372 2443 2365 
3150 2427 2288 384 5 
3151 2796 2663 2486 2634 
3152 2611 2292 2426 2595 
3153 3072 2983 2866 2938 
3154 3690 3738 3789 3755 
3155 3828 3784 3766 3811 
3156 3610 3667 3738 3690 
3157 3869 3847 3803 3838 
3158 3173 3145 2959 3082 
3159 3300 3353 3452 3392 
3160 2585 2695 2540 2399 
3161 3477 3536 3622 3562 
3162 3012 2886 2766 2931 
3163 3844 3879 3884 3859 
3164 3392 3452 3536 3477 
3165 3757 3794 3834 3814 
3166 3508 3546 3629 3569 
3167 2622 2713 2745 2702 
3168 2667 2789 2933 2820 
3169 335 336 2356 2367 
3170 2728 2789 2667 2638 
3171 3838 3803 3751 3800 
3172 2601 2396 2543 2661 
3173 338 339 2457 2296 
3174 3067 2915 2861 2993 
3175 3320 3176 3110 3242 
3176 2494 2633 2797 2676 
3177 2337 314 7 2289 
3178 2712 2584 2417 2539 
3179 2603 2774 2853 2692 
3180 3387 3439 3540 3483 
3181 362 2354 2325 361 
3182 2865 2786 2584 2712 
3183 3310 3388 3455 3359 
3184 2499 2611 2782 2680 
3185 2876 2750 2609 2729 
3186 296 2426 2292 295 
3187 3228 3318 3421 3330 
3188 336 337 2355 2356 
3189 3285 3340 3439 3387 
3190 3025 2897 2750 2876 
3191 3005 2929 2786 2865 
3192 2994 2976 2825 2919 
3193 363 364 2453 2368 
3194 2624 2441 2537 2487 
3195 3309 3253 3102 3198 
3196 2422 2294 2424 2504 
3197 3135 3044 2929 3005 
3198 3580 3569 3667 3610 
3199 2841 2930 3086 2974 
3200 3084 3044 3135 3189 
3201 2295 2456 2641 2516 
3202 3198 3102 3009 3077 
3203 2681 2790 2930 2841 
3204 3147 3066 2914 3017 
3205 2810 2689 2804 2844 
3206 2565 2719 2580 2542 
3207 359 360 2456 2295 
3208 3063 2907 2829 2961 
3209 2846 2690 2610 2741 
3210 2711 2517 2455 2639 
3211 3659 3571 3517 3620 
3212 2609 2733 2555 2411 
3213 3020 2846 2741 2927 
3214 2988 2987 2831 2943 
3215 2515 2447 2642 2716 
3216 3698 3666 3556 3631 
3217 2830 2772 2855 2898 
3218 2718 2872 2896 2749 
3219 337 338 2296 2355 
3220 2889 3028 2956 2821 
3221 2804 2689 2512 2644 
3222 343 344 2459 2326 
3223 357 358 2458 2371 
3224 353 354 2462 2311 
3225 2907 2773 2726 2829 
3226 2607 2717 2518 2406 
3227 3144 3079 2933 3008 
3228 2562 2516 2641 2710 
3229 2464 2374 351 352 
3230 3418 3340 3253 3309 
3231 339 340 2370 2457 
3232 2731 2594 2472 2553 
3233 2690 2514 2461 2610 
3234 2644 2512 2311 2462 
3235 340 341 2359 2370 
3236 2718 2623 2404 2541 
3237 2645 2557 2374 2464 
3238 345 346 2463 2308 
3239 341 342 2358 2359 
3240 2872 3007 3212 2896 
3241 3214 3202 3258 3286 
3242 2837 3010 3081 2935 
3243 2392 2485 2617 2425 
3244 2544 2632 2798 2713 
3245 3372 3299 3371 3378 
3246 342 343 2326 2358 
3247 3774 3689 3648 3719 
3248 2804 2951 2984 2844 
3249 2554 2398 2550 2603 
3250 357 2371 2360 356 
3251 3196 3097 2974 3086 
3252 2411 2547 2729 2609 
3253 348 349 2465 2330 
3254 3255 3192 3079 3144 
3255 356 2360 2327 355 
3256 3239 3160 3033 3137 
3257 8 350 2469 2298 
3258 344 345 2308 2459 
3259 294 2336 292 293 
3260 2431 2530 2401 2335 
3261 265 266 267 2294 
3262 2335 2297 6 280 
3263 2855 2772 2579 2710 
3264 346 347 2372 2463 
3265 3134 3053 2906 3006 
3266 3199 3138 2973 3081 
3267 347 348 2330 2372 
3268 3698 3735 3679 3666 
3269 2922 2863 2835 2904 
3270 2445 2631 2528 2320 
3271 349 8 2298 2465 
3272 2810 2691 2557 2645 
3273 3811 3766 3734 3799 
3274 2713 2798 2880 2745 
3275 2844 2854 2691 2810 
3276 3438 3509 3588 3537 
3277 2550 2720 2774 2603 
3278 2931 2766 2732 2840 
3279 2799 2851 2903 2862 
3280 3731 3797 3813 3756 
3281 2542 2580 2560 2408 
3282 2578 2859 2774 2720 
3283 3069 3002 2879 2940 
3284 2338 2321 245 246 
3285 2339 313 314 2337 
3286 3145 3096 3041 2959 
3287 2366 2448 2558 2406 
3288 3361 3307 3192 3255 
3289 3190 3248 3161 3140 
3290 3223 3239 3137 3197 
3291 3823 3856 3870 3868 
3292 2964 3076 3197 3137 
3293 3135 3256 3298 3189 
3294 3313 3390 3467 3406 
3295 2677 2803 2943 2831 
3296 2774 2859 3017 2914 
3297 3691 3727 3790 3754 
3298 2368 2453 2559 2414 
3299 2583 2414 2559 2649 
3300 2917 3090 2916 2827 
3301 2753 2881 2800 2722 
3302 3382 3434 3546 3508 
3303 2709 2636 2640 2551 
3304 3256 3357 3401 3298 
3305 2439 2551 2640 2305 
3306 3284 3344 3464 3389 
3307 2336 294 295 2292 
3308 3229 3253 3340 3285 
3309 2794 2732 2685 2606 
3310 2438 2486 2647 2538 
3311 2641 2808 2855 2710 
3312 2371 2458 2562 2400 
3313 3294 3328 3394 3279 
3314 2710 2579 2400 2562 
3315 2938 2866 2669 2778 
3316 3185 3319 3352 3244 
3317 3115 3207 3147 3067 
3318 3314 3226 3180 3301 
3319 2555 2733 2487 2537 
3320 3315 3125 3164 3225 
3321 3487 3574 3624 3544 
3322 2756 2777 2942 2837 
3323 2699 2597 2556 2653 
3324 2867 2802 2877 3019 
3325 2625 2727 2877 2802 
3326 3224 3240 3306 3293 
3327 3614 3706 3607 3575 
3328 3493 3369 3416 3430 
3329 3491 3501 3431 3453 
3330 2487 2733 2769 2664 
3331 2719 2565 2648 2643 
3332 3388 3459 3639 3484 
3333 2950 2949 2839 2751 
3334 2676 2797 2766 2886 
3335 2820 2933 3079 3006 
3336 3855 3833 3781 3805 
3337 2428 312 313 2339 
3338 2429 2338 246 247 
3339 3858 3878 3864 3845 
3340 2637 2744 2845 2714 
3341 3006 3079 3192 3134 
3342 2343 2544 2536 2432 
3343 2643 2588 2790 2681 
3344 3068 3139 3012 2931 
3345 2789 2728 2802 2867 
3346 2549 2625 2802 2728 
3347 3402 3335 3215 3288 
3348 3408 3353 3247 3307 
3349 3134 3192 3307 3247 
3350 2923 2882 2839 2949 
3351 2713 2622 2536 2544 
3352 2696 2818 2738 2612 
3353 3055 2834 2912 2990 
3354 3503 3452 3353 3408 
3355 3216 3297 3267 3158 
3356 3585 3536 3452 3503 
3357 3414 3341 3222 3321 
3358 3518 3567 3525 3502 
3359 3051 3008 2867 3019 
3360 3537 3588 3674 3631 
3361 3742 3698 3631 3674 
3362 3672 3622 3536 3585 
3363 2545 2605 2693 2637 
3364 2925 3004 3080 3003 
3365 2780 2783 2616 2704 
3366 3872 3849 3864 3870 
3367 3314 3361 3255 3226 
3368 3767 3720 3686 3653 
3369 3052 3182 3234 3129 
3370 3299 3372 3234 3182 
3371 2971 2891 2871 2870 
3372 3179 3144 3008 3051 
3373 3058 3122 3034 2996 
3374 2430 278 279 2334 
3375 2431 2335 280 281 
3376 383 384 2288 2434 
3377 2960 2663 2796 2941 
3378 3735 3698 3742 3763 
3379 3865 3829 3807 3853 
3380 3806 3836 3785 3747 
3381 2813 2755 2673 2604 
3382 3471 3425 3490 3516 
3383 2536 2622 2485 2392 
3384 3687 3652 3699 3736 
3385 2674 2787 2870 2871 
3386 3743 3703 3622 3672 
3387 3597 3560 3516 3490 
3388 3451 3553 3597 3490 
3389 2727 2625 2293 2347 
3390 3141 3178 3317 3257 
3391 3367 3366 3257 3317 
3392 2683 2627 2508 2715 
3393 2664 2769 2911 2819 
3394 3082 2959 2819 2911 
3395 3400 3451 3490 3425 
3396 2432 2536 2392 2289 
3397 2962 2993 2861 2909 
3398 3292 3251 3145 3173 
3399 2834 3055 2991 2918 
3400 3463 3408 3307 3361 
3401 3530 3493 3430 3524 
3402 2652 2799 2721 2615 
3403 2818 2784 2705 2738 
3404 3466 3451 3400 3347 
3405 2535 2437 2323 2538 
3406 263 264 2422 2318 
3407 3703 3743 3801 3770 
3408 3003 3080 3201 3114 
3409 2880 2952 2932 2745 
3410 2724 2759 2796 2634 
3411 3456 3356 3289 3385 
3412 2435 2315 2493 2632 
3413 3405 3354 3251 3292 
3414 379 380 2323 2437 
3415 3415 3497 3541 3442 
3416 2534 2322 2349 2396 
3417 3505 3428 3329 3410 
3418 377 378 2306 2440 
3419 3086 3045 3142 3196 
3420 2513 2633 2440 2306 
3421 2626 2348 2363 2494 
3422 3194 3254 3139 3068 
3423 3098 2960 2941 3088 
3424 3304 3188 3121 3233 
3425 2814 2780 2704 2586 
3426 2981 3000 3083 3152 
3427 3810 3791 3735 3763 
3428 3509 3438 3354 3405 
3429 3460 3363 3287 3386 
3430 3362 3315 3225 3342 
3431 372 373 2293 2443 
3432 2442 2555 2537 2290 
3433 3486 3537 3631 3556 
3434 2726 2795 2945 2829 
3435 2829 2945 3089 2961 
3436 3129 3184 2961 3089 
3437 3296 3282 3213 3166 
3438 2807 2667 2820 2878 
3439 2638 2667 2642 2490 
3440 3462 3383 3338 3368 
3441 3178 3141 2962 3049 
3442 2909 2861 2694 2767 
3443 3784 3765 3732 3766 
3444 3348 3447 3506 3401 
3445 3840 3827 3782 3821 
3446 2876 2729 2584 2786 
3447 3025 2876 2786 2929 
3448 367 368 2316 2448 
3449 3144 3179 3226 3255 
3450 3205 3087 3149 3185 
3451 3204 3047 3118 3162 
3452 2396 2349 2391 2543 
3453 2449 2548 2539 2324 
3454 3431 3501 3579 3555 
3455 2819 2934 2792 2664 
3456 2806 2764 2607 2650 
3457 2399 2540 2454 2342 
3458 2558 2650 2607 2406 
3459 2821 2956 2885 2742 
3460 3371 3299 3182 3264 
3461 2985 3136 2965 3090 
3462 364 365 2301 2453 
3463 2603 2692 2646 2554 
3464 2764 2828 2938 2778 
3465 3413 3267 3297 3336 
3466 3068 2931 2840 2979 
3467 2423 2312 290 291 
3468 2424 268 269 2320 
3469 2925 3003 3073 2908 
3470 3385 3485 3549 3456 
3471 3630 3581 3472 3548 
3472 3296 3166 3127 3261 
3473 3067 3147 3017 2915 
3474 2292 2611 2499 2336 
3475 2342 2318 2523 2399 
3476 2673 2884 2857 2814 
3477 2418 2519 2730 2578 
3478 2583 2639 2455 2414 
3479 2639 2726 2773 2711 
3480 2452 2554 2646 2307 
3481 2546 2620 2703 2724 
3482 3539 3538 3473 3426 
3483 2427 2321 2409 2531 
3484 2954 2926 2857 2884 
3485 3227 3311 3410 3329 
3486 3687 3736 3794 3757 
3487 360 361 2325 2456 
3488 3454 3420 3359 3455 
3489 2320 269 270 2445 
3490 2589 2679 2843 2746 
3491 3374 3489 3539 3426 
3492 2846 3020 2984 2951 
3493 2588 2691 2854 2790 
3494 3882 3884 3879 3883 
3495 2500 2673 2814 2586 
3496 3403 3446 3491 3453 
3497 2790 2854 3018 2930 
3498 3512 3439 3340 3418 
3499 2457 2561 2519 2296 
3500 2456 2325 2517 2641 
3501 3188 3069 2976 3121 
3502 3890 3882 3861 3877 
3503 2732 2794 2937 2840 
3504 2838 2811 2776 2882 
3505 2708 2686 2856 2761 
3506 358 359 2295 2458 
3507 2627 2310 2428 2508 
3508 2561 2472 2594 2660 
3509 3376 3448 3458 3336 
3510 3142 3263 3290 3196 
3511 2919 2825 2760 2672 
3512 3625 3582 3478 3547 
3513 2327 2514 2644 2462 
3514 2318 2342 262 263 
3515 2450 310 311 2310 
3516 2426 296 297 2322 
3517 2451 2303 248 249 
3518 2718 2749 2731 2623 
3519 2731 2553 2404 2623 
3520 2555 2442 2364 2411 
3521 3240 3266 3252 3306 
3522 3784 3828 3853 3807 
3523 2803 2762 2887 2943 
3524 2597 2791 2872 2718 
3525 3690 3746 3630 3610 
3526 3177 3102 3253 3229 
3527 3345 3274 3347 3400 
3528 354 355 2327 2462 
3529 3803 3847 3867 3825 
3530 2685 2797 2633 2513 
3531 3242 3110 3034 3175 
3532 2846 2951 2804 2690 
3533 2690 2804 2644 2514 
3534 3402 3422 3492 3443 
3535 2459 2556 2541 2326 
3536 2695 2608 2509 2540 
3537 352 353 2311 2464 
3538 2929 3044 3084 3025 
3539 2530 2592 2522 2401 
3540 2512 2645 2464 2311 
3541 3429 3332 3423 3468 
3542 350 351 2374 2469 
3543 2899 2870 2787 2761 
3544 2791 2873 2935 2946 
3545 2580 2756 2873 2699 
3546 3348 3275 3358 3407 
3547 3463 3409 3511 3550 
3548 3154 3096 3145 3251 
3549 3367 3305 3339 3411 
3550 2393 2438 2344 2357 
3551 3107 3222 3341 3318 
3552 3108 3036 3119 3170 
3553 2991 3055 3150 3119 
3554 3290 3230 3097 3196 
3555 2465 2565 2542 2330 
3556 2763 2686 2621 2608 
3557 2587 2706 2531 2409 
3558 3345 3373 3293 3306 
3559 3860 3888 3883 3875 
3560 3305 3367 3317 3232 
3561 2981 3094 3028 2889 
3562 3725 3711 3634 3689 
3563 3732 3765 3772 3722 
3564 2952 2880 2845 3016 
3565 2554 2452 2367 2398 
3566 3785 3723 3679 3747 
3567 2845 2880 2798 2714 
3568 3483 3540 3623 3584 
3569 3096 3201 3080 3041 
3570 2552 2362 2346 2394 
3571 2463 2560 2653 2308 
3572 2682 2826 2901 2747 
3573 2434 2546 2393 2357 
3574 3147 3207 3172 3066 
3575 2394 2346 2345 2441 
3576 2882 2923 2963 2838 
3577 2362 2552 2551 2439 
3578 3055 2990 3033 3150 
3579 2990 2964 3137 3033 
3580 3031 3191 3249 3115 
3581 2595 2534 2396 2601 
3582 2755 2848 2968 2954 
3583 2681 2841 2942 2777 
3584 3449 3339 3316 3417 
3585 3388 3484 3548 3455 
3586 3564 3539 3599 3635 
3587 3027 3060 3091 2982 
3588 2979 3075 3195 3112 
3589 2840 2937 3075 2979 
3590 2469 2495 2648 2298 
3591 2714 2798 2632 2493 
3592 2626 2727 2347 2348 
3593 3806 3850 3826 3836 
3594 2561 2457 2370 2472 
3595 2397 2446 2351 2365 
3596 3756 3789 3738 3773 
3597 3428 3505 3594 3521 
3598 2547 2353 2352 2417 
3599 2446 2447 2350 2351 
3600 3652 3602 3671 3699 
3601 3574 3562 3671 3602 
3602 2837 2942 3093 3010 
3603 3368 3290 3229 3285 
3604 3327 3427 3509 3405 
3605 2660 2730 2519 2561 
3606 2443 2549 2397 2365 
3607 2605 2361 2305 2640 
3608 3318 3228 3143 3208 
3609 2560 2463 2372 2408 
3610 2847 2978 3047 3013 
3611 3480 3549 3628 3583 
3612 3112 3195 3311 3227 
3613 3302 3365 3254 3194 
3614 3270 3054 2905 3014 
3615 2698 2747 2901 2874 
3616 3404 3323 3379 3444 
3617 2322 297 298 2349 
3618 3855 3805 3824 3849 
3619 3859 3884 3891 3874 
3620 249 250 2329 2451 
3621 3564 3635 3656 3710 
3622 3765 3784 3807 3788 
3623 3768 3815 3834 3794 
3624 2866 2983 3089 2945 
3625 2669 2866 2945 2795 
3626 3868 3860 3851 3823 
3627 3248 3190 3114 3235 
3628 3558 3515 3578 3600 
3629 3694 3696 3740 3734 
3630 3529 3583 3677 3636 
3631 3661 3619 3563 3595 
3632 3305 3231 3316 3339 
3633 2515 2558 2448 2316 
3634 3053 3183 3264 3146 
3635 3748 3779 3842 3822 
3636 3181 3209 3266 3240 
3637 2879 3002 3088 2941 
3638 3139 3074 3011 3012 
3639 3496 3436 3544 3531 
3640 3010 3093 3200 3113 
3641 3830 3863 3879 3844 
3642 2759 2858 2940 2879 
3643 3672 3585 3534 3627 
3644 2550 2356 2355 2418 
3645 2414 2455 2354 2368 
3646 3864 3878 3888 3860 
3647 3178 3049 2896 3212 
3648 2780 2833 2875 2783 
3649 2650 2716 2807 2806 
3650 3151 3103 3140 3161 
3651 2919 2836 2900 2994 
3652 2402 2369 2328 2483 
3653 2395 2484 2329 2390 
3654 3190 3073 3003 3114 
3655 3183 3300 3371 3264 
3656 3406 3467 3440 3333 
3657 2506 2314 2389 2413 
3658 2480 2388 2313 2412 
3659 2897 2998 3082 2911 
3660 3544 3624 3665 3587 
3661 2518 2559 2453 2301 
3662 2585 2616 2783 2670 
3663 3573 3615 3593 3519 
3664 3517 3571 3592 3551 
3665 2686 2763 2913 2856 
3666 3257 3191 3031 3141 
3667 3686 3720 3769 3740 
3668 3755 3809 3837 3790 
3669 2628 2574 2491 2576 
3670 2629 2577 2488 2575 
3671 3753 3718 3778 3796 
3672 2574 2402 2483 2491 
3673 2575 2488 2484 2395 
3674 2369 308 309 2328 
3675 2390 2329 250 251 
3676 3012 3011 2939 2886 
3677 2689 2810 2645 2512 
3678 2781 2683 2715 2758 
3679 2553 2359 2358 2404 
3680 2944 2817 2746 2847 
3681 3485 3541 3633 3568 
3682 2400 2461 2360 2371 
3683 3271 3308 3420 3358 
3684 3708 3667 3569 3629 
3685 3136 3120 3092 2965 
3686 3794 3736 3699 3768 
3687 2642 2447 2446 2490 
3688 3433 3475 3465 3394 
3689 3620 3691 3745 3659 
3690 3857 3886 3873 3869 
3691 2878 2906 3030 2928 
3692 3065 3109 3158 3039 
3693 277 2313 2388 276 
3694 282 283 2389 2314 
3695 3587 3665 3701 3609 
3696 3142 2984 3020 3078 
3697 3157 3108 3170 3241 
3698 2294 2422 264 265 
3699 2543 2391 2309 2416 
3700 2509 2433 2373 2304 
3701 3517 3581 3657 3620 
3702 2711 2808 2641 2517 
3703 2855 2808 2711 2773 
3704 3032 3066 3172 3116 
3705 2985 2901 2826 2986 
3706 3832 3830 3818 3819 
3707 2811 2838 2895 2757 
3708 3445 3479 3596 3543 
3709 2516 2562 2458 2295 
3710 2735 2628 2576 2666 
3711 2736 2665 2577 2629 
3712 3823 3851 3832 3820 
3713 3427 3506 3592 3523 
3714 3571 3613 3523 3592 
3715 2612 2738 2630 2510 
3716 3713 3725 3777 3739 
3717 2847 2905 3054 2978 
3718 2754 2816 2665 2736 
3719 2752 2735 2666 2815 
3720 3294 3268 3320 3355 
3721 2468 2386 2341 2405 
3722 2529 2340 2385 2403 
3723 3285 3387 3462 3368 
3724 3342 3403 3453 3399 
3725 3482 3449 3383 3510 
3726 2349 298 299 2391 
3727 2454 2304 260 261 
3728 2596 2413 2479 2501 
3729 2593 2502 2480 2412 
3730 3478 3582 3627 3534 
3731 3359 3249 3191 3310 
3732 3449 3482 3546 3434 
3733 3497 3542 3632 3566 
3734 3349 3221 3331 3397 
3735 3773 3738 3667 3708 
3736 3683 3753 3783 3729 
3737 2649 2717 2778 2669 
3738 3556 3632 3542 3486 
3739 3302 3194 3112 3227 
3740 3838 3800 3754 3808 
3741 2678 2501 2570 2655 
3742 2679 2589 2571 2502 
3743 3734 3740 3769 3799 
3744 2684 2489 2573 2582 
3745 2708 2581 2572 2492 
3746 2621 2492 2482 2433 
3747 2602 2416 2460 2489 
3748 3681 3644 3700 3715 
3749 3389 3331 3241 3284 
3750 3768 3699 3671 3741 
3751 3316 3231 3113 3200 
3752 3610 3630 3548 3580 
3753 2841 2974 3093 2942 
3754 3575 3607 3565 3522 
3755 2444 2341 288 289 
3756 2445 270 271 2340 
3757 3060 3037 3164 3125 
3758 3707 3650 3568 3633 
3759 3710 3776 3719 3648 
3760 2704 2631 2529 2586 
3761 2481 2387 2369 2402 
3762 2466 2395 2390 2333 
3763 3616 3558 3600 3643 
3764 3582 3625 3692 3669 
3765 2906 3053 3146 3030 
3766 2989 3123 2963 2923 
3767 3373 3379 3323 3293 
3768 3730 3777 3774 3761 
3769 2667 2807 2716 2642 
3770 3197 3076 3022 3151 
3771 3111 2968 3070 3153 
3772 2831 2987 3014 2947 
3773 2953 2848 2755 2813 
3774 3815 3852 3871 3834 
3775 3420 3454 3407 3358 
3776 2387 307 308 2369 
3777 2333 2390 251 252 
3778 3241 3170 3260 3284 
3779 3228 3330 3418 3309 
3780 3713 3739 3706 3655 
3781 2948 2868 2816 2754 
3782 2924 2752 2815 2869 
3783 2647 2606 2535 2538 
3784 3813 3797 3757 3814 
3785 3692 3625 3589 3673 
3786 3447 3551 3592 3506 
3787 2568 2468 2405 2498 
3788 2569 2500 2403 2467 
3789 2656 2526 2574 2628 
3790 2657 2629 2575 2527 
3791 2727 2626 2801 2877 
3792 3625 3547 3507 3589 
3793 2526 2481 2402 2574 
3794 2527 2575 2395 2466 
3795 3301 3365 3423 3332 
3796 3261 3362 3419 3296 
3797 3687 3665 3624 3652 
3798 2826 2682 2737 2757 
3799 3521 3594 3637 3612 
3800 2878 2928 2806 2807 
3801 2787 2674 2658 2581 
3802 2776 2582 2659 2675 
3803 2600 2568 2498 2654 
3804 2673 2500 2569 2604 
3805 3267 3101 3039 3158 
3806 3409 3314 3301 3332 
3807 3261 3127 3040 3187 
3808 3391 3423 3365 3302 
3809 3507 3547 3429 3468 
3810 3245 3281 3364 3217 
3811 3706 3739 3777 3730 
3812 3770 3741 3671 3703 
3813 3562 3622 3703 3671 
3814 3560 3617 3559 3516 
3815 3533 3471 3516 3559 
3816 3310 3366 3459 3388 
3817 2732 2766 2797 2685 
3818 3731 3701 3665 3687 
3819 3062 2895 2838 2963 
3820 2643 2648 2495 2588 
3821 2416 2309 2375 2460 
3822 2433 2482 2384 2373 
3823 3732 3722 3669 3692 
3824 2871 2753 2722 2674 
3825 2839 2675 2721 2751 
3826 3524 3563 3619 3641 
3827 3583 3529 3504 3480 
3828 3246 3278 3395 3326 
3829 3800 3745 3691 3754 
3830 3812 3798 3741 3770 
3831 3138 3232 3317 3178 
3832 3050 3171 3203 3270 
3833 2336 2423 291 292 
3834 3090 2965 2936 2916 
3835 3535 3577 3518 3499 
3836 2391 299 300 2309 
3837 2304 2373 259 260 
3838 3359 3420 3308 3249 
3839 2687 2656 2628 2735 
3840 2688 2736 2629 2657 
3841 3170 3119 3150 3260 
3842 3305 3199 3113 3231 
3843 3048 2986 2895 3062 
3844 3167 3062 2963 3123 
3845 2883 2754 2736 2688 
3846 2851 2687 2735 2752 
3847 3383 3462 3598 3510 
3848 2413 2389 2332 2479 
3849 2420 2331 2388 2480 
3850 3476 3586 3641 3573 
3851 3844 3841 3818 3830 
3852 3386 3486 3542 3460 
3853 2419 2299 2387 2481 
3854 2477 2466 2333 2383 
3855 3318 3208 3063 3107 
3856 3829 3812 3788 3807 
3857 2913 2875 2833 2894 
3858 3846 3804 3792 3826 
3859 3836 3826 3792 3817 
3860 2706 2587 2672 2760 
3861 276 2388 2331 275 
3862 283 284 2332 2389 
3863 2299 306 307 2387 
3864 2383 2333 252 253 
3865 3583 3628 3712 3677 
3866 2492 2572 2407 2482 
3867 2489 2460 2478 2573 
3868 2582 2573 2524 2659 
3869 2581 2658 2525 2572 
3870 3577 3621 3567 3518 
3871 3653 3686 3649 3604 
3872 3883 3879 3863 3875 
3873 3800 3751 3744 3745 
3874 3741 3798 3815 3768 
3875 3208 3143 2975 3063 
3876 3157 3221 3206 3124 
3877 3740 3696 3649 3686 
3878 3430 3416 3440 3500 
3879 2476 2300 2386 2468 
3880 2403 2385 2302 2467 
3881 3047 2978 3054 3118 
3882 2340 271 272 2385 
3883 2341 2386 287 288 
3884 2566 2419 2481 2526 
3885 2567 2527 2466 2477 
3886 3419 3362 3342 3399 
3887 2590 2566 2526 2656 
3888 2591 2657 2527 2567 
3889 2989 3100 3174 3123 
3890 3313 3174 3100 3237 
3891 3663 3626 3646 3695 
3892 3630 3746 3657 3581 
3893 2746 2817 2723 2589 
3894 2834 2671 2779 2912 
3895 3064 3106 3155 3038 
3896 2835 2758 2788 2918 
3897 3330 3421 3496 3437 
3898 3531 3545 3437 3496 
3899 3869 3873 3867 3847 
3900 3318 3341 3496 3421 
3901 3199 3081 3010 3113 
3902 3873 3886 3885 3890 
3903 3303 3333 3286 3258 
3904 3293 3323 3276 3224 
3905 2764 2778 2717 2607 
3906 2501 2479 2421 2570 
3907 2502 2571 2420 2480 
3908 2460 2375 2382 2478 
3909 2482 2407 2319 2384 
3910 2309 300 301 2375 
3911 2373 2384 258 259 
3912 2952 3016 3085 3022 
3913 3156 3266 3209 3099 
3914 3765 3788 3801 3772 
3915 3233 3413 3351 3304 
3916 2674 2722 2614 2658 
3917 2675 2659 2615 2721 
3918 3639 3580 3548 3484 
3919 3290 3263 3177 3229 
3920 2504 2523 2318 2422 
3921 2682 2661 2602 2737 
3922 3715 3700 3729 3760 
3923 2847 3013 3095 2944 
3924 2471 2376 2299 2419 
3925 2415 2477 2383 2291 
3926 3517 3551 3447 3494 
3927 2809 2688 2657 2591 
3928 2957 2590 2656 2687 
3929 2376 305 306 2299 
3930 2291 2383 253 254 
3931 3191 3257 3366 3310 
3932 2782 2842 2812 2680 
3933 3384 3458 3448 3502 
3934 2520 2476 2468 2568 
3935 2521 2569 2467 2475 
3936 2765 2813 2604 2734 
3937 3519 3492 3422 3461 
3938 3611 3676 3704 3656 
3939 3687 3757 3797 3731 
3940 2310 311 312 2428 
3941 3814 3834 3871 3854 
3942 3653 3775 3733 3767 
3943 2572 2525 2470 2407 
3944 2573 2478 2410 2524 
3945 3026 3038 3100 2989 
3946 3650 3707 3723 3771 
3947 3390 3360 3412 3450 
3948 3063 2961 3184 3107 
3949 3603 3664 3617 3560 
3950 2485 2779 2671 2617 
3951 2496 2471 2419 2566 
3952 2497 2567 2477 2415 
3953 3458 3384 3281 3351 
3954 3888 3878 3858 3876 
3955 3796 3816 3783 3753 
3956 3628 3549 3485 3568 
3957 3297 3216 3276 3346 
3958 2659 2524 2563 2615 
3959 2658 2614 2564 2525 
3960 3326 3283 3262 3246 
3961 3656 3635 3599 3611 
3962 3127 3166 3213 3106 
3963 3750 3728 3764 3781 
3964 2652 2496 2566 2590 
3965 2651 2591 2567 2497 
3966 3821 3760 3729 3783 
3967 2967 3085 3016 2893 
3968 3770 3801 3788 3812 
3969 3819 3818 3799 3769 
3970 275 2331 2378 274 
3971 284 285 2379 2332 
3972 3874 3881 3852 3865 
3973 3209 3152 3083 3099 
3974 2589 2723 2521 2571 
3975 3566 3632 3642 3678 
3976 2479 2332 2379 2421 
3977 2475 2378 2331 2420 
3978 3752 3724 3771 3802 
3979 3636 3646 3626 3596 
3980 3822 3824 3805 3795 
3981 3889 3880 3854 3871 
3982 2968 2848 2953 3070 
3983 3269 3201 3096 3154 
3984 3216 3165 3224 3276 
3985 2375 301 302 2382 
3986 2384 2319 257 258 
3987 3282 3325 3277 3213 
3988 2478 2382 2317 2410 
3989 2407 2470 2377 2319 
3990 2849 2883 2688 2809 
3991 2385 272 273 2302 
3992 2386 2300 286 287 
3993 3039 3101 3056 2977 
3994 3660 3709 3675 3638 
3995 3128 3204 3262 3169 
3996 2380 304 305 2376 
3997 2381 2291 254 255 
3998 2473 2380 2376 2471 
3999 2474 2415 2291 2381 
4000 3724 3712 3650 3771 
4001 3284 3260 3160 3344 
4002 2421 2379 2300 2476 
4003 2467 2302 2378 2475 
4004 2757 2895 2986 2826 
4005 3543 3498 3375 3445 
4006 3555 3579 3611 3599 
4007 3737 3793 3719 3776 
4008 3210 3187 3040 3091 
4009 3025 3084 2998 2897 
4010 3426 3473 3450 3412 
4011 3655 3570 3593 3605 
4012 2604 2569 2521 2734 
4013 3189 3104 2998 3084 
4014 3644 3617 3664 3700 
4015 2977 3056 2994 2900 
4016 3522 3565 3553 3513 
4017 3852 3881 3889 3871 
4018 3591 3512 3437 3545 
4019 2723 2817 2944 2765 
4020 2563 2473 2471 2496 
4021 2564 2497 2415 2474 
4022 2524 2410 2473 2563 
4023 2525 2564 2474 2470 
4024 2904 2835 2918 2991 
4025 3394 3328 3380 3433 
4026 3478 3534 3550 3511 
4027 3023 3059 2988 2955 
4028 2382 302 303 2317 
4029 2319 2377 256 257 
4030 2600 2725 2739 2707 
4031 2722 2800 2651 2614 
4032 3704 3676 3647 3685 
4033 2317 303 304 2380 
4034 2377 2381 255 256 
4035 3218 3259 3211 3168 
4036 3022 3085 3103 3151 
4037 2322 2534 2595 2426 
4038 2800 2809 2591 2651 
4039 3070 3128 3169 3153 
4040 3106 3213 3277 3155 
4041 3637 3594 3525 3567 
4042 3604 3649 3621 3577 
4043 2955 2988 2943 2887 
4044 2410 2317 2380 2473 
4045 2470 2474 2381 2377 
4046 3731 3756 3773 3709 
4047 3689 3634 3606 3648 
4048 2754 2883 2920 2948 
4049 2302 273 274 2378 
4050 2300 2379 285 286 
4051 2842 2917 2827 2812 
4052 2944 2953 2813 2765 
4053 3375 3349 3397 3445 
4054 3808 3837 3866 3857 
4055 3043 3083 3000 3021 
4056 3187 3210 3125 3315 
4057 3499 3518 3502 3448 
4058 2570 2421 2476 2520 
4059 2571 2521 2475 2420 
4060 3704 3776 3710 3656 
4061 3756 3813 3839 3789 
4062 3614 3552 3474 3570 
4063 3321 3222 3107 3184 
4064 3040 3024 2982 3091 
4065 3670 3668 3612 3637 
4066 3081 2973 2946 2935 
4067 3129 3072 3015 3052 
4068 2615 2563 2496 2652 
4069 2614 2651 2497 2564 
4070 3844 3828 3811 3841 
4071 3360 3237 3155 3277 
4072 2958 2920 2883 2849 
4073 3809 3839 3813 3831 
4074 3211 3130 3131 3168 
4075 3219 3203 3171 3295 
4076 3125 3210 3091 3060 
4077 3795 3764 3693 3714 
4078 3880 3889 3885 3886 
4079 3355 3320 3242 3350 
4080 3481 3500 3440 3467 
4081 3038 3155 3237 3100 
4082 2902 2972 2920 2958 
4083 3841 3811 3799 3818 
4084 2521 2723 2765 2734 
4085 2881 2849 2809 2800 
4086 3013 3128 3070 3095 
4087 3701 3731 3709 3660 
4088 3212 3007 2946 2973 
4089 3647 3676 3611 3640 
4090 3849 3872 3827 3855 
4091 3836 3817 3802 3785 
4092 3785 3802 3771 3723 
4093 3792 3752 3802 3817 
4094 3872 3870 3856 3848 
4095 2783 2875 2805 2670 
4096 3401 3357 3312 3348 
4097 2972 3021 2948 2920 
4098 3331 3221 3157 3241 
4099 3072 3129 3089 2983 
4100 2775 2730 2660 2694 
4101 2886 2939 2801 2676 
4102 3761 3774 3719 3793 
4103 3449 3417 3338 3383 
4104 3414 3321 3234 3372 
4105 3402 3370 3283 3422 
4106 3070 2953 2944 3095 
4107 3869 3838 3808 3857 
4108 3398 3465 3513 3466 
4109 3692 3673 3612 3668 
4110 3483 3584 3638 3532 
4111 3874 3885 3889 3881 
4112 2902 2958 2849 2881 
4113 3547 3478 3511 3429 
4114 3689 3774 3777 3725 
4115 3539 3489 3555 3599 
4116 3348 3312 3250 3275 
4117 3874 3891 3890 3885 
4118 3508 3639 3459 3382 
4119 3860 3868 3870 3864 
4120 3840 3821 3783 3816 
4121 2590 2957 2799 2652 
4122 3615 3573 3641 3619 
4123 3483 3598 3462 3387 
4124 2461 2400 2579 2610 
4125 2741 2610 2579 2772 
4126 2548 2646 2692 2635 
4127 2853 2740 2635 2692 
4128 2605 2640 2636 2693 
4129 2852 2693 2636 2793 
4130 2594 2731 2749 2767 
4131 2609 2750 2769 2733 
4132 2896 2909 2767 2749 
4133 2897 2911 2769 2750 
4134 2927 3009 3078 3020 
4135 3102 3177 3078 3009 
4136 2939 3011 3051 3019 
4137 3179 3051 3011 3074 
4138 3121 3056 3101 3233 
4139 3002 3133 3098 3088 
4140 3245 3217 3098 3133 
4141 3413 3233 3101 3267 
4142 3167 3123 3174 3236 
4143 3406 3236 3174 3313 
4144 3160 3239 3280 3344 
4145 3235 3272 3343 3248 
4146 3442 3343 3272 3415 
4147 3377 3464 3344 3280 
4148 3300 3392 3378 3371 
4149 3378 3392 3477 3487 
4150 3443 3492 3570 3474 
4151 3561 3595 3554 3520 
4152 3651 3711 3725 3713 
4153 3705 3744 3763 3742 
4154 3810 3763 3744 3751 
$EndElements
